PatientID,Actual,Max_Prob,Mean_Prob,Density_P50,Density_P80,Skeptical_Gap
B22-206_0,1,0.32373046875,0.29962158203125,0.0,0.0,0.02410888671875
B22-262_0,1,0.269287109375,0.2503255208333333,0.0,0.0,0.018961588541666685
B22-69_1,1,0.366943359375,0.366943359375,0.0,0.0,0.0
B22-81_1,1,0.3251953125,0.3251953125,0.0,0.0,0.0
B22-85_0,1,0.439697265625,0.39617919921875,0.0,0.0,0.04351806640625
