PatientID,Actual,Max_Prob,Mean_Prob,Density_P50,Density_P80,Skeptical_Gap
B22-206_0,1,0.28564453125,0.2786865234375,0.0,0.0,0.0069580078125
B22-262_0,1,0.28125,0.27001953125,0.0,0.0,0.01123046875
B22-69_1,1,0.351806640625,0.351806640625,0.0,0.0,0.0
B22-81_1,1,0.25927734375,0.25927734375,0.0,0.0,0.0
B22-85_0,1,0.422607421875,0.37408447265625,0.0,0.0,0.04852294921875
