PatientID,Actual,Max_Prob,Mean_Prob,Density_P50,Density_P80,Skeptical_Gap
B22-206_0,1,0.2457275390625,0.23651123046875,0.0,0.0,0.00921630859375
B22-262_0,1,0.22314453125,0.21541341145833334,0.0,0.0,0.007731119791666657
B22-69_1,1,0.26953125,0.26953125,0.0,0.0,0.0
B22-81_1,1,0.2137451171875,0.2137451171875,0.0,0.0,0.0
B22-85_0,1,0.251220703125,0.245025634765625,0.0,0.0,0.006195068359375
