PatientID,Actual,Max_Prob,Mean_Prob,Density_P50,Density_P80,Skeptical_Gap
B22-206_0,1,0.2919921875,0.28448486328125,0.0,0.0,0.00750732421875
B22-262_0,1,0.278564453125,0.2666829427083333,0.0,0.0,0.011881510416666685
B22-69_1,1,0.340576171875,0.340576171875,0.0,0.0,0.0
B22-81_1,1,0.27001953125,0.27001953125,0.0,0.0,0.0
B22-85_0,1,0.408935546875,0.36517333984375,0.0,0.0,0.04376220703125
