PatientID,Actual,Max_Prob,Mean_Prob,Density_P50,Density_P80,Skeptical_Gap
B22-206_0,1,0.50732421875,0.4605712890625,0.25,0.0,0.0467529296875
B22-262_0,1,0.39453125,0.3575846354166667,0.0,0.0,0.036946614583333315
B22-69_1,1,0.6396484375,0.6396484375,1.0,0.0,0.0
B22-81_1,1,0.451904296875,0.451904296875,0.0,0.0,0.0
B22-85_0,1,0.428955078125,0.3836669921875,0.0,0.0,0.0452880859375
