PatientID,Actual,Max_Prob,Mean_Prob,Density_P50,Density_P80,Skeptical_Gap
B22-206_0,1,0.24365234375,0.233734130859375,0.0,0.0,0.009918212890625
B22-262_0,1,0.2144775390625,0.20804850260416666,0.0,0.0,0.006429036458333343
B22-69_1,1,0.259765625,0.259765625,0.0,0.0,0.0
B22-81_1,1,0.2103271484375,0.2103271484375,0.0,0.0,0.0
B22-85_0,1,0.2437744140625,0.238800048828125,0.0,0.0,0.004974365234375
