PatientID,Actual,Max_Prob,Mean_Prob,Density_P50,Density_P80,Skeptical_Gap
B22-206_0,1,0.2333984375,0.221954345703125,0.0,0.0,0.011444091796875
B22-262_0,1,0.2342529296875,0.2076416015625,0.0,0.0,0.026611328125
B22-69_1,1,0.3037109375,0.3037109375,0.0,0.0,0.0
B22-81_1,1,0.1849365234375,0.1849365234375,0.0,0.0,0.0
B22-85_0,1,0.47802734375,0.41180419921875,0.0,0.0,0.06622314453125
