PatientID,Actual,Max_Prob,Mean_Prob,Density_P50,Density_P80,Skeptical_Gap
B22-206_0,1,0.40283203125,0.36322021484375,0.0,0.0,0.03961181640625
B22-262_0,1,0.4091796875,0.345947265625,0.0,0.0,0.063232421875
B22-69_1,1,0.62841796875,0.62841796875,1.0,0.0,0.0
B22-81_1,1,0.44580078125,0.44580078125,0.0,0.0,0.0
B22-85_0,1,0.47509765625,0.3970947265625,0.0,0.0,0.0780029296875
