PatientID,Actual,Max_Prob,Mean_Prob,Density_P50,Density_P80,Skeptical_Gap
B22-206_0,1,0.355224609375,0.32525634765625,0.0,0.0,0.02996826171875
B22-262_0,1,0.280029296875,0.2569986979166667,0.0,0.0,0.023030598958333315
B22-69_1,1,0.407470703125,0.407470703125,0.0,0.0,0.0
B22-81_1,1,0.337890625,0.337890625,0.0,0.0,0.0
B22-85_0,1,0.44287109375,0.3978271484375,0.0,0.0,0.0450439453125
