PatientID,Actual,Max_Prob,Mean_Prob,Density_P50,Density_P80,Skeptical_Gap
B22-206_0,1,0.2322998046875,0.22021484375,0.0,0.0,0.0120849609375
B22-262_0,1,0.2415771484375,0.214599609375,0.0,0.0,0.0269775390625
B22-69_1,1,0.303955078125,0.303955078125,0.0,0.0,0.0
B22-81_1,1,0.1817626953125,0.1817626953125,0.0,0.0,0.0
B22-85_0,1,0.4873046875,0.4171142578125,0.0,0.0,0.0701904296875
