Metric,Value
Recall,0.9473684210526315
Precision,0.9152542372881356
Accuracy,0.9298245614035088
TP,54.0
FP,5.0
FN,3.0
TN,52.0
Ultimate_Ghost_Count,3.0
