RunID,Fold,Accuracy,Precision(+),Recall(+),Recall(-),F1_Macro
167,f0,0.905172413793103,1,0.810344827586207,1,0.904311961004874
168,f1,0.905172413793103,1,0.810344827586207,1,0.904311961004874
169,f2,0.879310344827586,1,0.758620689655172,1,0.877526395173454
170,f3,0.905172413793103,1,0.810344827586207,1,0.904311961004874
171,f4,0.905172413793103,1,0.810344827586207,1,0.904311961004874
