,precision,recall,f1-score,support
0,0.9166666666666666,0.9482758620689655,0.9322033898305084,58.0
1,0.9464285714285714,0.9137931034482759,0.9298245614035087,58.0
accuracy,0.9310344827586207,0.9310344827586207,0.9310344827586207,0.9310344827586207
macro avg,0.9315476190476191,0.9310344827586208,0.9310139756170086,116.0
weighted avg,0.931547619047619,0.9310344827586207,0.9310139756170085,116.0
