Metric,Pos_Weight,Gamma,Mean,Transfer Learning,Std,Formatted,Summary_Type,Profile,Source_Folder,Source_File
Accuracy,1.0,2.0,0.9298245614035088,FALSE,,0.9298,ensemble_voting,SEARCHER,transfer_convnext_tiny_38.0_SEARCHER,ensemble_voting_summary_00-00.csv
Accuracy,1.0,2.5,0.9035087719298246,FALSE,,0.9035,ensemble_voting,SEARCHER3,transfer_convnext_tiny_38.3_SEARCHER3,ensemble_voting_summary_00-00.csv
Accuracy,1.0,3.0,0.8508771929824561,FALSE,,0.8509,ensemble_voting,SEARCHER6,transfer_convnext_tiny_38.6_SEARCHER6,ensemble_voting_summary_00-00.csv
Accuracy,1.0,3.5,0.868421052631579,FALSE,,0.8684,ensemble_voting,SEARCHER9,transfer_convnext_tiny_38.9_SEARCHER9,ensemble_voting_summary_00-00.csv
Accuracy,1.5,2.0,0.8859649122807017,FALSE,,0.8860,ensemble_voting,SEARCHER1,transfer_convnext_tiny_38.1_SEARCHER1,ensemble_voting_summary_00-00.csv
Accuracy,1.5,2.5,0.9035087719298246,FALSE,,0.9035,ensemble_voting,SEARCHER4,transfer_convnext_tiny_38.4_SEARCHER4,ensemble_voting_summary_00-00.csv
Accuracy,1.5,3.0,0.8771929824561403,FALSE,,0.8772,ensemble_voting,SEARCHER7,transfer_convnext_tiny_38.7_SEARCHER7,ensemble_voting_summary_00-00.csv
Accuracy,1.5,3.5,0.8508771929824561,FALSE,,0.8509,ensemble_voting,SEARCHER10,transfer_convnext_tiny_39.0_SEARCHER10,ensemble_voting_summary_00-00.csv
Accuracy,2.0,2.0,0.8771929824561403,FALSE,,0.8772,ensemble_voting,SEARCHER2,transfer_convnext_tiny_38.2_SEARCHER2,ensemble_voting_summary_00-00.csv
Accuracy,2.0,2.5,0.8421052631578947,FALSE,,0.8421,ensemble_voting,SEARCHER5,transfer_convnext_tiny_38.5_SEARCHER5,ensemble_voting_summary_00-00.csv
Accuracy,2.0,3.0,0.8245614035087719,FALSE,,0.8246,ensemble_voting,SEARCHER8,transfer_convnext_tiny_38.8_SEARCHER8,ensemble_voting_summary_00-00.csv
Accuracy,2.0,3.5,0.6929824561403509,FALSE,,0.6930,ensemble_voting,SEARCHER11,transfer_convnext_tiny_39.1_SEARCHER11,ensemble_voting_summary_00-00.csv
Accuracy,1.0,2.0,0.8947368421052632,TRUE,,0.8947,ensemble_voting,SEARCHER,transfer_convnext_tiny_40.0_SEARCHER01,ensemble_voting_summary_00-00.csv
Accuracy,1.0,2.5,0.912280701754386,TRUE,,0.9123,ensemble_voting,SEARCHER3,transfer_convnext_tiny_40.3_SEARCHER31,ensemble_voting_summary_00-00.csv
Accuracy,1.0,3.0,0.868421052631579,TRUE,,0.8684,ensemble_voting,SEARCHER6,transfer_convnext_tiny_40.6_SEARCHER61,ensemble_voting_summary_00-00.csv
Accuracy,1.0,3.5,0.9035087719298246,TRUE,,0.9035,ensemble_voting,SEARCHER9,transfer_convnext_tiny_40.9_SEARCHER91,ensemble_voting_summary_00-00.csv
Accuracy,1.5,2.0,0.8771929824561403,TRUE,,0.8772,ensemble_voting,SEARCHER1,transfer_convnext_tiny_40.1_SEARCHER12,ensemble_voting_summary_00-00.csv
Accuracy,1.5,2.5,0.868421052631579,TRUE,,0.8684,ensemble_voting,SEARCHER4,transfer_convnext_tiny_40.4_SEARCHER41,ensemble_voting_summary_00-00.csv
Accuracy,1.5,3.0,0.868421052631579,TRUE,,0.8684,ensemble_voting,SEARCHER7,transfer_convnext_tiny_40.7_SEARCHER71,ensemble_voting_summary_00-00.csv
Accuracy,1.5,3.5,0.7192982456140351,TRUE,,0.7193,ensemble_voting,SEARCHER10,transfer_convnext_tiny_41.0_SEARCHER101,ensemble_voting_summary_00-00.csv
Accuracy,2.0,2.0,0.8947368421052632,TRUE,,0.8947,ensemble_voting,SEARCHER2,transfer_convnext_tiny_40.2_SEARCHER21,ensemble_voting_summary_00-00.csv
Accuracy,2.0,2.5,0.8508771929824561,TRUE,,0.8509,ensemble_voting,SEARCHER5,transfer_convnext_tiny_40.5_SEARCHER51,ensemble_voting_summary_00-00.csv
Accuracy,2.0,3.0,0.7982456140350878,TRUE,,0.7982,ensemble_voting,SEARCHER8,transfer_convnext_tiny_40.8_SEARCHER81,ensemble_voting_summary_00-00.csv
Accuracy,2.0,3.5,0.6842105263157895,TRUE,,0.6842,ensemble_voting,SEARCHER11,transfer_convnext_tiny_41.1_SEARCHER111,ensemble_voting_summary_00-00.csv
Accuracy_Variance_Across_Folds,1.0,2.0,0.0156917051052616,FALSE,,0.0157,ensemble_voting,SEARCHER,transfer_convnext_tiny_38.0_SEARCHER,ensemble_voting_summary_00-00.csv
Accuracy_Variance_Across_Folds,1.0,2.5,0.0203084857943687,FALSE,,0.0203,ensemble_voting,SEARCHER3,transfer_convnext_tiny_38.3_SEARCHER3,ensemble_voting_summary_00-00.csv
Accuracy_Variance_Across_Folds,1.0,3.0,0.0150917987141098,FALSE,,0.0151,ensemble_voting,SEARCHER6,transfer_convnext_tiny_38.6_SEARCHER6,ensemble_voting_summary_00-00.csv
Accuracy_Variance_Across_Folds,1.0,3.5,0.0131286224097331,FALSE,,0.0131,ensemble_voting,SEARCHER9,transfer_convnext_tiny_38.9_SEARCHER9,ensemble_voting_summary_00-00.csv
Accuracy_Variance_Across_Folds,1.5,2.0,0.0096091676755292,FALSE,,0.0096,ensemble_voting,SEARCHER1,transfer_convnext_tiny_38.1_SEARCHER1,ensemble_voting_summary_00-00.csv
Accuracy_Variance_Across_Folds,1.5,2.5,0.0128920512778061,FALSE,,0.0129,ensemble_voting,SEARCHER4,transfer_convnext_tiny_38.4_SEARCHER4,ensemble_voting_summary_00-00.csv
Accuracy_Variance_Across_Folds,1.5,3.0,0.0146782460795451,FALSE,,0.0147,ensemble_voting,SEARCHER7,transfer_convnext_tiny_38.7_SEARCHER7,ensemble_voting_summary_00-00.csv
Accuracy_Variance_Across_Folds,1.5,3.5,0.0124053821260797,FALSE,,0.0124,ensemble_voting,SEARCHER10,transfer_convnext_tiny_39.0_SEARCHER10,ensemble_voting_summary_00-00.csv
Accuracy_Variance_Across_Folds,2.0,2.0,0.0170094030084783,FALSE,,0.0170,ensemble_voting,SEARCHER2,transfer_convnext_tiny_38.2_SEARCHER2,ensemble_voting_summary_00-00.csv
Accuracy_Variance_Across_Folds,2.0,2.5,0.0150917987141098,FALSE,,0.0151,ensemble_voting,SEARCHER5,transfer_convnext_tiny_38.5_SEARCHER5,ensemble_voting_summary_00-00.csv
Accuracy_Variance_Across_Folds,2.0,3.0,0.031578947368421,FALSE,,0.0316,ensemble_voting,SEARCHER8,transfer_convnext_tiny_38.8_SEARCHER8,ensemble_voting_summary_00-00.csv
Accuracy_Variance_Across_Folds,2.0,3.5,0.070043736062025,FALSE,,0.0700,ensemble_voting,SEARCHER11,transfer_convnext_tiny_39.1_SEARCHER11,ensemble_voting_summary_00-00.csv
Accuracy_Variance_Across_Folds,1.0,2.0,0.007017543859649,TRUE,,0.0070,ensemble_voting,SEARCHER,transfer_convnext_tiny_40.0_SEARCHER01,ensemble_voting_summary_00-00.csv
Accuracy_Variance_Across_Folds,1.0,2.5,0.0203084857943688,TRUE,,0.0203,ensemble_voting,SEARCHER3,transfer_convnext_tiny_40.3_SEARCHER31,ensemble_voting_summary_00-00.csv
Accuracy_Variance_Across_Folds,1.0,3.0,0.0162695061324486,TRUE,,0.0163,ensemble_voting,SEARCHER6,transfer_convnext_tiny_40.6_SEARCHER61,ensemble_voting_summary_00-00.csv
Accuracy_Variance_Across_Folds,1.0,3.5,0.0102297401663952,TRUE,,0.0102,ensemble_voting,SEARCHER9,transfer_convnext_tiny_40.9_SEARCHER91,ensemble_voting_summary_00-00.csv
Accuracy_Variance_Across_Folds,1.5,2.0,0.0142526989555016,TRUE,,0.0143,ensemble_voting,SEARCHER1,transfer_convnext_tiny_40.1_SEARCHER12,ensemble_voting_summary_00-00.csv
Accuracy_Variance_Across_Folds,1.5,2.5,0.0171894017037416,TRUE,,0.0172,ensemble_voting,SEARCHER4,transfer_convnext_tiny_40.4_SEARCHER41,ensemble_voting_summary_00-00.csv
Accuracy_Variance_Across_Folds,1.5,3.0,0.0135894152498505,TRUE,,0.0136,ensemble_voting,SEARCHER7,transfer_convnext_tiny_40.7_SEARCHER71,ensemble_voting_summary_00-00.csv
Accuracy_Variance_Across_Folds,1.5,3.5,0.0518657736810332,TRUE,,0.0519,ensemble_voting,SEARCHER10,transfer_convnext_tiny_41.0_SEARCHER101,ensemble_voting_summary_00-00.csv
Accuracy_Variance_Across_Folds,2.0,2.0,0.0150917987141098,TRUE,,0.0151,ensemble_voting,SEARCHER2,transfer_convnext_tiny_40.2_SEARCHER21,ensemble_voting_summary_00-00.csv
Accuracy_Variance_Across_Folds,2.0,2.5,0.0146782460795451,TRUE,,0.0147,ensemble_voting,SEARCHER5,transfer_convnext_tiny_40.5_SEARCHER51,ensemble_voting_summary_00-00.csv
Accuracy_Variance_Across_Folds,2.0,3.0,0.0321584259295146,TRUE,,0.0322,ensemble_voting,SEARCHER8,transfer_convnext_tiny_40.8_SEARCHER81,ensemble_voting_summary_00-00.csv
Accuracy_Variance_Across_Folds,2.0,3.5,0.0698677464973328,TRUE,,0.0699,ensemble_voting,SEARCHER11,transfer_convnext_tiny_41.1_SEARCHER111,ensemble_voting_summary_00-00.csv
Avg_Fold_Accuracy,1.0,2.0,0.9210526315789476,FALSE,,0.9211,ensemble_voting,SEARCHER,transfer_convnext_tiny_38.0_SEARCHER,ensemble_voting_summary_00-00.csv
Avg_Fold_Accuracy,1.0,2.5,0.9052631578947368,FALSE,,0.9053,ensemble_voting,SEARCHER3,transfer_convnext_tiny_38.3_SEARCHER3,ensemble_voting_summary_00-00.csv
Avg_Fold_Accuracy,1.0,3.0,0.9140350877192984,FALSE,,0.9140,ensemble_voting,SEARCHER6,transfer_convnext_tiny_38.6_SEARCHER6,ensemble_voting_summary_00-00.csv
Avg_Fold_Accuracy,1.0,3.5,0.8982456140350876,FALSE,,0.8982,ensemble_voting,SEARCHER9,transfer_convnext_tiny_38.9_SEARCHER9,ensemble_voting_summary_00-00.csv
Avg_Fold_Accuracy,1.5,2.0,0.9210526315789472,FALSE,,0.9211,ensemble_voting,SEARCHER1,transfer_convnext_tiny_38.1_SEARCHER1,ensemble_voting_summary_00-00.csv
Avg_Fold_Accuracy,1.5,2.5,0.9140350877192984,FALSE,,0.9140,ensemble_voting,SEARCHER4,transfer_convnext_tiny_38.4_SEARCHER4,ensemble_voting_summary_00-00.csv
Avg_Fold_Accuracy,1.5,3.0,0.9210526315789476,FALSE,,0.9211,ensemble_voting,SEARCHER7,transfer_convnext_tiny_38.7_SEARCHER7,ensemble_voting_summary_00-00.csv
Avg_Fold_Accuracy,1.5,3.5,0.9035087719298244,FALSE,,0.9035,ensemble_voting,SEARCHER10,transfer_convnext_tiny_39.0_SEARCHER10,ensemble_voting_summary_00-00.csv
Avg_Fold_Accuracy,2.0,2.0,0.9140350877192984,FALSE,,0.9140,ensemble_voting,SEARCHER2,transfer_convnext_tiny_38.2_SEARCHER2,ensemble_voting_summary_00-00.csv
Avg_Fold_Accuracy,2.0,2.5,0.8929824561403509,FALSE,,0.8930,ensemble_voting,SEARCHER5,transfer_convnext_tiny_38.5_SEARCHER5,ensemble_voting_summary_00-00.csv
Avg_Fold_Accuracy,2.0,3.0,0.8789473684210527,FALSE,,0.8789,ensemble_voting,SEARCHER8,transfer_convnext_tiny_38.8_SEARCHER8,ensemble_voting_summary_00-00.csv
Avg_Fold_Accuracy,2.0,3.5,0.8491228070175438,FALSE,,0.8491,ensemble_voting,SEARCHER11,transfer_convnext_tiny_39.1_SEARCHER11,ensemble_voting_summary_00-00.csv
Avg_Fold_Accuracy,1.0,2.0,0.9087719298245612,TRUE,,0.9088,ensemble_voting,SEARCHER,transfer_convnext_tiny_40.0_SEARCHER01,ensemble_voting_summary_00-00.csv
Avg_Fold_Accuracy,1.0,2.5,0.9017543859649122,TRUE,,0.9018,ensemble_voting,SEARCHER3,transfer_convnext_tiny_40.3_SEARCHER31,ensemble_voting_summary_00-00.csv
Avg_Fold_Accuracy,1.0,3.0,0.9087719298245616,TRUE,,0.9088,ensemble_voting,SEARCHER6,transfer_convnext_tiny_40.6_SEARCHER61,ensemble_voting_summary_00-00.csv
Avg_Fold_Accuracy,1.0,3.5,0.9140350877192984,TRUE,,0.9140,ensemble_voting,SEARCHER9,transfer_convnext_tiny_40.9_SEARCHER91,ensemble_voting_summary_00-00.csv
Avg_Fold_Accuracy,1.5,2.0,0.9070175438596492,TRUE,,0.9070,ensemble_voting,SEARCHER1,transfer_convnext_tiny_40.1_SEARCHER12,ensemble_voting_summary_00-00.csv
Avg_Fold_Accuracy,1.5,2.5,0.9157894736842106,TRUE,,0.9158,ensemble_voting,SEARCHER4,transfer_convnext_tiny_40.4_SEARCHER41,ensemble_voting_summary_00-00.csv
Avg_Fold_Accuracy,1.5,3.0,0.912280701754386,TRUE,,0.9123,ensemble_voting,SEARCHER7,transfer_convnext_tiny_40.7_SEARCHER71,ensemble_voting_summary_00-00.csv
Avg_Fold_Accuracy,1.5,3.5,0.8491228070175438,TRUE,,0.8491,ensemble_voting,SEARCHER10,transfer_convnext_tiny_41.0_SEARCHER101,ensemble_voting_summary_00-00.csv
Avg_Fold_Accuracy,2.0,2.0,0.9140350877192984,TRUE,,0.9140,ensemble_voting,SEARCHER2,transfer_convnext_tiny_40.2_SEARCHER21,ensemble_voting_summary_00-00.csv
Avg_Fold_Accuracy,2.0,2.5,0.9035087719298244,TRUE,,0.9035,ensemble_voting,SEARCHER5,transfer_convnext_tiny_40.5_SEARCHER51,ensemble_voting_summary_00-00.csv
Avg_Fold_Accuracy,2.0,3.0,0.8807017543859649,TRUE,,0.8807,ensemble_voting,SEARCHER8,transfer_convnext_tiny_40.8_SEARCHER81,ensemble_voting_summary_00-00.csv
Avg_Fold_Accuracy,2.0,3.5,0.8368421052631578,TRUE,,0.8368,ensemble_voting,SEARCHER11,transfer_convnext_tiny_41.1_SEARCHER111,ensemble_voting_summary_00-00.csv
Avg_Fold_PR_AUC,1.0,2.0,0.977184675818173,FALSE,,0.9772,ensemble_voting,SEARCHER,transfer_convnext_tiny_38.0_SEARCHER,ensemble_voting_summary_00-00.csv
Avg_Fold_PR_AUC,1.0,2.5,0.976149013133923,FALSE,,0.9761,ensemble_voting,SEARCHER3,transfer_convnext_tiny_38.3_SEARCHER3,ensemble_voting_summary_00-00.csv
Avg_Fold_PR_AUC,1.0,3.0,0.9764618999995957,FALSE,,0.9765,ensemble_voting,SEARCHER6,transfer_convnext_tiny_38.6_SEARCHER6,ensemble_voting_summary_00-00.csv
Avg_Fold_PR_AUC,1.0,3.5,0.9689429073626435,FALSE,,0.9689,ensemble_voting,SEARCHER9,transfer_convnext_tiny_38.9_SEARCHER9,ensemble_voting_summary_00-00.csv
Avg_Fold_PR_AUC,1.5,2.0,0.9761423683511922,FALSE,,0.9761,ensemble_voting,SEARCHER1,transfer_convnext_tiny_38.1_SEARCHER1,ensemble_voting_summary_00-00.csv
Avg_Fold_PR_AUC,1.5,2.5,0.977386168572084,FALSE,,0.9774,ensemble_voting,SEARCHER4,transfer_convnext_tiny_38.4_SEARCHER4,ensemble_voting_summary_00-00.csv
Avg_Fold_PR_AUC,1.5,3.0,0.9788973449855932,FALSE,,0.9789,ensemble_voting,SEARCHER7,transfer_convnext_tiny_38.7_SEARCHER7,ensemble_voting_summary_00-00.csv
Avg_Fold_PR_AUC,1.5,3.5,0.9719436569805056,FALSE,,0.9719,ensemble_voting,SEARCHER10,transfer_convnext_tiny_39.0_SEARCHER10,ensemble_voting_summary_00-00.csv
Avg_Fold_PR_AUC,2.0,2.0,0.9774981505034268,FALSE,,0.9775,ensemble_voting,SEARCHER2,transfer_convnext_tiny_38.2_SEARCHER2,ensemble_voting_summary_00-00.csv
Avg_Fold_PR_AUC,2.0,2.5,0.9741838929189196,FALSE,,0.9742,ensemble_voting,SEARCHER5,transfer_convnext_tiny_38.5_SEARCHER5,ensemble_voting_summary_00-00.csv
Avg_Fold_PR_AUC,2.0,3.0,0.9748573795164752,FALSE,,0.9749,ensemble_voting,SEARCHER8,transfer_convnext_tiny_38.8_SEARCHER8,ensemble_voting_summary_00-00.csv
Avg_Fold_PR_AUC,2.0,3.5,0.9722649650228156,FALSE,,0.9723,ensemble_voting,SEARCHER11,transfer_convnext_tiny_39.1_SEARCHER11,ensemble_voting_summary_00-00.csv
Avg_Fold_PR_AUC,1.0,2.0,0.9757711628994729,TRUE,,0.9758,ensemble_voting,SEARCHER,transfer_convnext_tiny_40.0_SEARCHER01,ensemble_voting_summary_00-00.csv
Avg_Fold_PR_AUC,1.0,2.5,0.9742709686177032,TRUE,,0.9743,ensemble_voting,SEARCHER3,transfer_convnext_tiny_40.3_SEARCHER31,ensemble_voting_summary_00-00.csv
Avg_Fold_PR_AUC,1.0,3.0,0.9717985227396906,TRUE,,0.9718,ensemble_voting,SEARCHER6,transfer_convnext_tiny_40.6_SEARCHER61,ensemble_voting_summary_00-00.csv
Avg_Fold_PR_AUC,1.0,3.5,0.9739882900065538,TRUE,,0.9740,ensemble_voting,SEARCHER9,transfer_convnext_tiny_40.9_SEARCHER91,ensemble_voting_summary_00-00.csv
Avg_Fold_PR_AUC,1.5,2.0,0.979834492319406,TRUE,,0.9798,ensemble_voting,SEARCHER1,transfer_convnext_tiny_40.1_SEARCHER12,ensemble_voting_summary_00-00.csv
Avg_Fold_PR_AUC,1.5,2.5,0.9762102996426538,TRUE,,0.9762,ensemble_voting,SEARCHER4,transfer_convnext_tiny_40.4_SEARCHER41,ensemble_voting_summary_00-00.csv
Avg_Fold_PR_AUC,1.5,3.0,0.976343152100434,TRUE,,0.9763,ensemble_voting,SEARCHER7,transfer_convnext_tiny_40.7_SEARCHER71,ensemble_voting_summary_00-00.csv
Avg_Fold_PR_AUC,1.5,3.5,0.9735987637717132,TRUE,,0.9736,ensemble_voting,SEARCHER10,transfer_convnext_tiny_41.0_SEARCHER101,ensemble_voting_summary_00-00.csv
Avg_Fold_PR_AUC,2.0,2.0,0.9784163952424384,TRUE,,0.9784,ensemble_voting,SEARCHER2,transfer_convnext_tiny_40.2_SEARCHER21,ensemble_voting_summary_00-00.csv
Avg_Fold_PR_AUC,2.0,2.5,0.9713658335382434,TRUE,,0.9714,ensemble_voting,SEARCHER5,transfer_convnext_tiny_40.5_SEARCHER51,ensemble_voting_summary_00-00.csv
Avg_Fold_PR_AUC,2.0,3.0,0.9755789905361044,TRUE,,0.9756,ensemble_voting,SEARCHER8,transfer_convnext_tiny_40.8_SEARCHER81,ensemble_voting_summary_00-00.csv
Avg_Fold_PR_AUC,2.0,3.5,0.9722000285779208,TRUE,,0.9722,ensemble_voting,SEARCHER11,transfer_convnext_tiny_41.1_SEARCHER111,ensemble_voting_summary_00-00.csv
Avg_Fold_Precision,1.0,2.0,0.9486111111111112,FALSE,,0.9486,ensemble_voting,SEARCHER,transfer_convnext_tiny_38.0_SEARCHER,ensemble_voting_summary_00-00.csv
Avg_Fold_Precision,1.0,2.5,0.9233195858435704,FALSE,,0.9233,ensemble_voting,SEARCHER3,transfer_convnext_tiny_38.3_SEARCHER3,ensemble_voting_summary_00-00.csv
Avg_Fold_Precision,1.0,3.0,0.9139562007022228,FALSE,,0.9140,ensemble_voting,SEARCHER6,transfer_convnext_tiny_38.6_SEARCHER6,ensemble_voting_summary_00-00.csv
Avg_Fold_Precision,1.0,3.5,0.8841186916128368,FALSE,,0.8841,ensemble_voting,SEARCHER9,transfer_convnext_tiny_38.9_SEARCHER9,ensemble_voting_summary_00-00.csv
Avg_Fold_Precision,1.5,2.0,0.9062634201383996,FALSE,,0.9063,ensemble_voting,SEARCHER1,transfer_convnext_tiny_38.1_SEARCHER1,ensemble_voting_summary_00-00.csv
Avg_Fold_Precision,1.5,2.5,0.9054536816964104,FALSE,,0.9055,ensemble_voting,SEARCHER4,transfer_convnext_tiny_38.4_SEARCHER4,ensemble_voting_summary_00-00.csv
Avg_Fold_Precision,1.5,3.0,0.907775553442437,FALSE,,0.9078,ensemble_voting,SEARCHER7,transfer_convnext_tiny_38.7_SEARCHER7,ensemble_voting_summary_00-00.csv
Avg_Fold_Precision,1.5,3.5,0.8928024083196497,FALSE,,0.8928,ensemble_voting,SEARCHER10,transfer_convnext_tiny_39.0_SEARCHER10,ensemble_voting_summary_00-00.csv
Avg_Fold_Precision,2.0,2.0,0.9104410470946508,FALSE,,0.9104,ensemble_voting,SEARCHER2,transfer_convnext_tiny_38.2_SEARCHER2,ensemble_voting_summary_00-00.csv
Avg_Fold_Precision,2.0,2.5,0.8594923621460506,FALSE,,0.8595,ensemble_voting,SEARCHER5,transfer_convnext_tiny_38.5_SEARCHER5,ensemble_voting_summary_00-00.csv
Avg_Fold_Precision,2.0,3.0,0.8382179981269043,FALSE,,0.8382,ensemble_voting,SEARCHER8,transfer_convnext_tiny_38.8_SEARCHER8,ensemble_voting_summary_00-00.csv
Avg_Fold_Precision,2.0,3.5,0.794281136689434,FALSE,,0.7943,ensemble_voting,SEARCHER11,transfer_convnext_tiny_39.1_SEARCHER11,ensemble_voting_summary_00-00.csv
Avg_Fold_Precision,1.0,2.0,0.9292656641604008,TRUE,,0.9293,ensemble_voting,SEARCHER,transfer_convnext_tiny_40.0_SEARCHER01,ensemble_voting_summary_00-00.csv
Avg_Fold_Precision,1.0,2.5,0.94352200259321,TRUE,,0.9435,ensemble_voting,SEARCHER3,transfer_convnext_tiny_40.3_SEARCHER31,ensemble_voting_summary_00-00.csv
Avg_Fold_Precision,1.0,3.0,0.8986641303495986,TRUE,,0.8987,ensemble_voting,SEARCHER6,transfer_convnext_tiny_40.6_SEARCHER61,ensemble_voting_summary_00-00.csv
Avg_Fold_Precision,1.0,3.5,0.916359731597557,TRUE,,0.9164,ensemble_voting,SEARCHER9,transfer_convnext_tiny_40.9_SEARCHER91,ensemble_voting_summary_00-00.csv
Avg_Fold_Precision,1.5,2.0,0.9051146010186756,TRUE,,0.9051,ensemble_voting,SEARCHER1,transfer_convnext_tiny_40.1_SEARCHER12,ensemble_voting_summary_00-00.csv
Avg_Fold_Precision,1.5,2.5,0.904849040163132,TRUE,,0.9048,ensemble_voting,SEARCHER4,transfer_convnext_tiny_40.4_SEARCHER41,ensemble_voting_summary_00-00.csv
Avg_Fold_Precision,1.5,3.0,0.8955262274742708,TRUE,,0.8955,ensemble_voting,SEARCHER7,transfer_convnext_tiny_40.7_SEARCHER71,ensemble_voting_summary_00-00.csv
Avg_Fold_Precision,1.5,3.5,0.8037859595492804,TRUE,,0.8038,ensemble_voting,SEARCHER10,transfer_convnext_tiny_41.0_SEARCHER101,ensemble_voting_summary_00-00.csv
Avg_Fold_Precision,2.0,2.0,0.906039516353608,TRUE,,0.9060,ensemble_voting,SEARCHER2,transfer_convnext_tiny_40.2_SEARCHER21,ensemble_voting_summary_00-00.csv
Avg_Fold_Precision,2.0,2.5,0.8765652344260154,TRUE,,0.8766,ensemble_voting,SEARCHER5,transfer_convnext_tiny_40.5_SEARCHER51,ensemble_voting_summary_00-00.csv
Avg_Fold_Precision,2.0,3.0,0.8303179238560595,TRUE,,0.8303,ensemble_voting,SEARCHER8,transfer_convnext_tiny_40.8_SEARCHER81,ensemble_voting_summary_00-00.csv
Avg_Fold_Precision,2.0,3.5,0.787295987594495,TRUE,,0.7873,ensemble_voting,SEARCHER11,transfer_convnext_tiny_41.1_SEARCHER111,ensemble_voting_summary_00-00.csv
Avg_Fold_ROC_AUC,1.0,2.0,0.9731301939058172,FALSE,,0.9731,ensemble_voting,SEARCHER,transfer_convnext_tiny_38.0_SEARCHER,ensemble_voting_summary_00-00.csv
Avg_Fold_ROC_AUC,1.0,2.5,0.9723299476762082,FALSE,,0.9723,ensemble_voting,SEARCHER3,transfer_convnext_tiny_38.3_SEARCHER3,ensemble_voting_summary_00-00.csv
Avg_Fold_ROC_AUC,1.0,3.0,0.971037242228378,FALSE,,0.9710,ensemble_voting,SEARCHER6,transfer_convnext_tiny_38.6_SEARCHER6,ensemble_voting_summary_00-00.csv
Avg_Fold_ROC_AUC,1.0,3.5,0.9619575253924284,FALSE,,0.9620,ensemble_voting,SEARCHER9,transfer_convnext_tiny_38.9_SEARCHER9,ensemble_voting_summary_00-00.csv
Avg_Fold_ROC_AUC,1.5,2.0,0.9712219144352108,FALSE,,0.9712,ensemble_voting,SEARCHER1,transfer_convnext_tiny_38.1_SEARCHER1,ensemble_voting_summary_00-00.csv
Avg_Fold_ROC_AUC,1.5,2.5,0.9732225300092336,FALSE,,0.9732,ensemble_voting,SEARCHER4,transfer_convnext_tiny_38.4_SEARCHER4,ensemble_voting_summary_00-00.csv
Avg_Fold_ROC_AUC,1.5,3.0,0.9761465066174206,FALSE,,0.9761,ensemble_voting,SEARCHER7,transfer_convnext_tiny_38.7_SEARCHER7,ensemble_voting_summary_00-00.csv
Avg_Fold_ROC_AUC,1.5,3.5,0.9665743305632502,FALSE,,0.9666,ensemble_voting,SEARCHER10,transfer_convnext_tiny_39.0_SEARCHER10,ensemble_voting_summary_00-00.csv
Avg_Fold_ROC_AUC,2.0,2.0,0.9744228993536472,FALSE,,0.9744,ensemble_voting,SEARCHER2,transfer_convnext_tiny_38.2_SEARCHER2,ensemble_voting_summary_00-00.csv
Avg_Fold_ROC_AUC,2.0,2.5,0.9700215450907972,FALSE,,0.9700,ensemble_voting,SEARCHER5,transfer_convnext_tiny_38.5_SEARCHER5,ensemble_voting_summary_00-00.csv
Avg_Fold_ROC_AUC,2.0,3.0,0.970052323791936,FALSE,,0.9701,ensemble_voting,SEARCHER8,transfer_convnext_tiny_38.8_SEARCHER8,ensemble_voting_summary_00-00.csv
Avg_Fold_ROC_AUC,2.0,3.5,0.966789781471222,FALSE,,0.9668,ensemble_voting,SEARCHER11,transfer_convnext_tiny_39.1_SEARCHER11,ensemble_voting_summary_00-00.csv
Avg_Fold_ROC_AUC,1.0,2.0,0.971191135734072,TRUE,,0.9712,ensemble_voting,SEARCHER,transfer_convnext_tiny_40.0_SEARCHER01,ensemble_voting_summary_00-00.csv
Avg_Fold_ROC_AUC,1.0,2.5,0.9692520775623268,TRUE,,0.9693,ensemble_voting,SEARCHER3,transfer_convnext_tiny_40.3_SEARCHER31,ensemble_voting_summary_00-00.csv
Avg_Fold_ROC_AUC,1.0,3.0,0.9664819944598338,TRUE,,0.9665,ensemble_voting,SEARCHER6,transfer_convnext_tiny_40.6_SEARCHER61,ensemble_voting_summary_00-00.csv
Avg_Fold_ROC_AUC,1.0,3.5,0.9690058479532164,TRUE,,0.9690,ensemble_voting,SEARCHER9,transfer_convnext_tiny_40.9_SEARCHER91,ensemble_voting_summary_00-00.csv
Avg_Fold_ROC_AUC,1.5,2.0,0.9760233918128656,TRUE,,0.9760,ensemble_voting,SEARCHER1,transfer_convnext_tiny_40.1_SEARCHER12,ensemble_voting_summary_00-00.csv
Avg_Fold_ROC_AUC,1.5,2.5,0.9717143736534318,TRUE,,0.9717,ensemble_voting,SEARCHER4,transfer_convnext_tiny_40.4_SEARCHER41,ensemble_voting_summary_00-00.csv
Avg_Fold_ROC_AUC,1.5,3.0,0.97331486611265,TRUE,,0.9733,ensemble_voting,SEARCHER7,transfer_convnext_tiny_40.7_SEARCHER71,ensemble_voting_summary_00-00.csv
Avg_Fold_ROC_AUC,1.5,3.5,0.967897814712219,TRUE,,0.9679,ensemble_voting,SEARCHER10,transfer_convnext_tiny_41.0_SEARCHER101,ensemble_voting_summary_00-00.csv
Avg_Fold_ROC_AUC,2.0,2.0,0.975438596491228,TRUE,,0.9754,ensemble_voting,SEARCHER2,transfer_convnext_tiny_40.2_SEARCHER21,ensemble_voting_summary_00-00.csv
Avg_Fold_ROC_AUC,2.0,2.5,0.9650046168051708,TRUE,,0.9650,ensemble_voting,SEARCHER5,transfer_convnext_tiny_40.5_SEARCHER51,ensemble_voting_summary_00-00.csv
Avg_Fold_ROC_AUC,2.0,3.0,0.9714065866420436,TRUE,,0.9714,ensemble_voting,SEARCHER8,transfer_convnext_tiny_40.8_SEARCHER81,ensemble_voting_summary_00-00.csv
Avg_Fold_ROC_AUC,2.0,3.5,0.9667590027700832,TRUE,,0.9668,ensemble_voting,SEARCHER11,transfer_convnext_tiny_41.1_SEARCHER111,ensemble_voting_summary_00-00.csv
Avg_Fold_Recall,1.0,2.0,0.8912280701754387,FALSE,,0.8912,ensemble_voting,SEARCHER,transfer_convnext_tiny_38.0_SEARCHER,ensemble_voting_summary_00-00.csv
Avg_Fold_Recall,1.0,2.5,0.887719298245614,FALSE,,0.8877,ensemble_voting,SEARCHER3,transfer_convnext_tiny_38.3_SEARCHER3,ensemble_voting_summary_00-00.csv
Avg_Fold_Recall,1.0,3.0,0.9192982456140352,FALSE,,0.9193,ensemble_voting,SEARCHER6,transfer_convnext_tiny_38.6_SEARCHER6,ensemble_voting_summary_00-00.csv
Avg_Fold_Recall,1.0,3.5,0.9228070175438596,FALSE,,0.9228,ensemble_voting,SEARCHER9,transfer_convnext_tiny_38.9_SEARCHER9,ensemble_voting_summary_00-00.csv
Avg_Fold_Recall,1.5,2.0,0.9403508771929824,FALSE,,0.9404,ensemble_voting,SEARCHER1,transfer_convnext_tiny_38.1_SEARCHER1,ensemble_voting_summary_00-00.csv
Avg_Fold_Recall,1.5,2.5,0.9263157894736842,FALSE,,0.9263,ensemble_voting,SEARCHER4,transfer_convnext_tiny_38.4_SEARCHER4,ensemble_voting_summary_00-00.csv
Avg_Fold_Recall,1.5,3.0,0.9403508771929824,FALSE,,0.9404,ensemble_voting,SEARCHER7,transfer_convnext_tiny_38.7_SEARCHER7,ensemble_voting_summary_00-00.csv
Avg_Fold_Recall,1.5,3.5,0.919298245614035,FALSE,,0.9193,ensemble_voting,SEARCHER10,transfer_convnext_tiny_39.0_SEARCHER10,ensemble_voting_summary_00-00.csv
Avg_Fold_Recall,2.0,2.0,0.9228070175438596,FALSE,,0.9228,ensemble_voting,SEARCHER2,transfer_convnext_tiny_38.2_SEARCHER2,ensemble_voting_summary_00-00.csv
Avg_Fold_Recall,2.0,2.5,0.9438596491228068,FALSE,,0.9439,ensemble_voting,SEARCHER5,transfer_convnext_tiny_38.5_SEARCHER5,ensemble_voting_summary_00-00.csv
Avg_Fold_Recall,2.0,3.0,0.9473684210526316,FALSE,,0.9474,ensemble_voting,SEARCHER8,transfer_convnext_tiny_38.8_SEARCHER8,ensemble_voting_summary_00-00.csv
Avg_Fold_Recall,2.0,3.5,0.968421052631579,FALSE,,0.9684,ensemble_voting,SEARCHER11,transfer_convnext_tiny_39.1_SEARCHER11,ensemble_voting_summary_00-00.csv
Avg_Fold_Recall,1.0,2.0,0.887719298245614,TRUE,,0.8877,ensemble_voting,SEARCHER,transfer_convnext_tiny_40.0_SEARCHER01,ensemble_voting_summary_00-00.csv
Avg_Fold_Recall,1.0,2.5,0.856140350877193,TRUE,,0.8561,ensemble_voting,SEARCHER3,transfer_convnext_tiny_40.3_SEARCHER31,ensemble_voting_summary_00-00.csv
Avg_Fold_Recall,1.0,3.0,0.9263157894736842,TRUE,,0.9263,ensemble_voting,SEARCHER6,transfer_convnext_tiny_40.6_SEARCHER61,ensemble_voting_summary_00-00.csv
Avg_Fold_Recall,1.0,3.5,0.9157894736842104,TRUE,,0.9158,ensemble_voting,SEARCHER9,transfer_convnext_tiny_40.9_SEARCHER91,ensemble_voting_summary_00-00.csv
Avg_Fold_Recall,1.5,2.0,0.9157894736842106,TRUE,,0.9158,ensemble_voting,SEARCHER1,transfer_convnext_tiny_40.1_SEARCHER12,ensemble_voting_summary_00-00.csv
Avg_Fold_Recall,1.5,2.5,0.9333333333333332,TRUE,,0.9333,ensemble_voting,SEARCHER4,transfer_convnext_tiny_40.4_SEARCHER41,ensemble_voting_summary_00-00.csv
Avg_Fold_Recall,1.5,3.0,0.936842105263158,TRUE,,0.9368,ensemble_voting,SEARCHER7,transfer_convnext_tiny_40.7_SEARCHER71,ensemble_voting_summary_00-00.csv
Avg_Fold_Recall,1.5,3.5,0.950877192982456,TRUE,,0.9509,ensemble_voting,SEARCHER10,transfer_convnext_tiny_41.0_SEARCHER101,ensemble_voting_summary_00-00.csv
Avg_Fold_Recall,2.0,2.0,0.9263157894736842,TRUE,,0.9263,ensemble_voting,SEARCHER2,transfer_convnext_tiny_40.2_SEARCHER21,ensemble_voting_summary_00-00.csv
Avg_Fold_Recall,2.0,2.5,0.9403508771929824,TRUE,,0.9404,ensemble_voting,SEARCHER5,transfer_convnext_tiny_40.5_SEARCHER51,ensemble_voting_summary_00-00.csv
Avg_Fold_Recall,2.0,3.0,0.9649122807017544,TRUE,,0.9649,ensemble_voting,SEARCHER8,transfer_convnext_tiny_40.8_SEARCHER81,ensemble_voting_summary_00-00.csv
Avg_Fold_Recall,2.0,3.5,0.9578947368421052,TRUE,,0.9579,ensemble_voting,SEARCHER11,transfer_convnext_tiny_41.1_SEARCHER111,ensemble_voting_summary_00-00.csv
Avg_Fold_Specificity,1.0,2.0,0.9508771929824562,FALSE,,0.9509,ensemble_voting,SEARCHER,transfer_convnext_tiny_38.0_SEARCHER,ensemble_voting_summary_00-00.csv
Avg_Fold_Specificity,1.0,2.5,0.9228070175438596,FALSE,,0.9228,ensemble_voting,SEARCHER3,transfer_convnext_tiny_38.3_SEARCHER3,ensemble_voting_summary_00-00.csv
Avg_Fold_Specificity,1.0,3.0,0.9087719298245612,FALSE,,0.9088,ensemble_voting,SEARCHER6,transfer_convnext_tiny_38.6_SEARCHER6,ensemble_voting_summary_00-00.csv
Avg_Fold_Specificity,1.0,3.5,0.8736842105263157,FALSE,,0.8737,ensemble_voting,SEARCHER9,transfer_convnext_tiny_38.9_SEARCHER9,ensemble_voting_summary_00-00.csv
Avg_Fold_Specificity,1.5,2.0,0.9017543859649124,FALSE,,0.9018,ensemble_voting,SEARCHER1,transfer_convnext_tiny_38.1_SEARCHER1,ensemble_voting_summary_00-00.csv
Avg_Fold_Specificity,1.5,2.5,0.9017543859649124,FALSE,,0.9018,ensemble_voting,SEARCHER4,transfer_convnext_tiny_38.4_SEARCHER4,ensemble_voting_summary_00-00.csv
Avg_Fold_Specificity,1.5,3.0,0.9017543859649124,FALSE,,0.9018,ensemble_voting,SEARCHER7,transfer_convnext_tiny_38.7_SEARCHER7,ensemble_voting_summary_00-00.csv
Avg_Fold_Specificity,1.5,3.5,0.887719298245614,FALSE,,0.8877,ensemble_voting,SEARCHER10,transfer_convnext_tiny_39.0_SEARCHER10,ensemble_voting_summary_00-00.csv
Avg_Fold_Specificity,2.0,2.0,0.9052631578947368,FALSE,,0.9053,ensemble_voting,SEARCHER2,transfer_convnext_tiny_38.2_SEARCHER2,ensemble_voting_summary_00-00.csv
Avg_Fold_Specificity,2.0,2.5,0.8421052631578947,FALSE,,0.8421,ensemble_voting,SEARCHER5,transfer_convnext_tiny_38.5_SEARCHER5,ensemble_voting_summary_00-00.csv
Avg_Fold_Specificity,2.0,3.0,0.8105263157894737,FALSE,,0.8105,ensemble_voting,SEARCHER8,transfer_convnext_tiny_38.8_SEARCHER8,ensemble_voting_summary_00-00.csv
Avg_Fold_Specificity,2.0,3.5,0.7298245614035087,FALSE,,0.7298,ensemble_voting,SEARCHER11,transfer_convnext_tiny_39.1_SEARCHER11,ensemble_voting_summary_00-00.csv
Avg_Fold_Specificity,1.0,2.0,0.9298245614035086,TRUE,,0.9298,ensemble_voting,SEARCHER,transfer_convnext_tiny_40.0_SEARCHER01,ensemble_voting_summary_00-00.csv
Avg_Fold_Specificity,1.0,2.5,0.9473684210526316,TRUE,,0.9474,ensemble_voting,SEARCHER3,transfer_convnext_tiny_40.3_SEARCHER31,ensemble_voting_summary_00-00.csv
Avg_Fold_Specificity,1.0,3.0,0.8912280701754385,TRUE,,0.8912,ensemble_voting,SEARCHER6,transfer_convnext_tiny_40.6_SEARCHER61,ensemble_voting_summary_00-00.csv
Avg_Fold_Specificity,1.0,3.5,0.912280701754386,TRUE,,0.9123,ensemble_voting,SEARCHER9,transfer_convnext_tiny_40.9_SEARCHER91,ensemble_voting_summary_00-00.csv
Avg_Fold_Specificity,1.5,2.0,0.8982456140350876,TRUE,,0.8982,ensemble_voting,SEARCHER1,transfer_convnext_tiny_40.1_SEARCHER12,ensemble_voting_summary_00-00.csv
Avg_Fold_Specificity,1.5,2.5,0.8982456140350876,TRUE,,0.8982,ensemble_voting,SEARCHER4,transfer_convnext_tiny_40.4_SEARCHER41,ensemble_voting_summary_00-00.csv
Avg_Fold_Specificity,1.5,3.0,0.887719298245614,TRUE,,0.8877,ensemble_voting,SEARCHER7,transfer_convnext_tiny_40.7_SEARCHER71,ensemble_voting_summary_00-00.csv
Avg_Fold_Specificity,1.5,3.5,0.7473684210526316,TRUE,,0.7474,ensemble_voting,SEARCHER10,transfer_convnext_tiny_41.0_SEARCHER101,ensemble_voting_summary_00-00.csv
Avg_Fold_Specificity,2.0,2.0,0.9017543859649124,TRUE,,0.9018,ensemble_voting,SEARCHER2,transfer_convnext_tiny_40.2_SEARCHER21,ensemble_voting_summary_00-00.csv
Avg_Fold_Specificity,2.0,2.5,0.8666666666666666,TRUE,,0.8667,ensemble_voting,SEARCHER5,transfer_convnext_tiny_40.5_SEARCHER51,ensemble_voting_summary_00-00.csv
Avg_Fold_Specificity,2.0,3.0,0.7964912280701755,TRUE,,0.7965,ensemble_voting,SEARCHER8,transfer_convnext_tiny_40.8_SEARCHER81,ensemble_voting_summary_00-00.csv
Avg_Fold_Specificity,2.0,3.5,0.7157894736842104,TRUE,,0.7158,ensemble_voting,SEARCHER11,transfer_convnext_tiny_41.1_SEARCHER111,ensemble_voting_summary_00-00.csv
Avg_Pairwise_Fold_Agreement_Rate,1.0,2.0,0.9578947368421052,FALSE,,0.9579,ensemble_voting,SEARCHER,transfer_convnext_tiny_38.0_SEARCHER,ensemble_voting_summary_00-00.csv
Avg_Pairwise_Fold_Agreement_Rate,1.0,2.5,0.9298245614035088,FALSE,,0.9298,ensemble_voting,SEARCHER3,transfer_convnext_tiny_38.3_SEARCHER3,ensemble_voting_summary_00-00.csv
Avg_Pairwise_Fold_Agreement_Rate,1.0,3.0,0.9245614035087716,FALSE,,0.9246,ensemble_voting,SEARCHER6,transfer_convnext_tiny_38.6_SEARCHER6,ensemble_voting_summary_00-00.csv
Avg_Pairwise_Fold_Agreement_Rate,1.0,3.5,0.9192982456140352,FALSE,,0.9193,ensemble_voting,SEARCHER9,transfer_convnext_tiny_38.9_SEARCHER9,ensemble_voting_summary_00-00.csv
Avg_Pairwise_Fold_Agreement_Rate,1.5,2.0,0.9508771929824562,FALSE,,0.9509,ensemble_voting,SEARCHER1,transfer_convnext_tiny_38.1_SEARCHER1,ensemble_voting_summary_00-00.csv
Avg_Pairwise_Fold_Agreement_Rate,1.5,2.5,0.9438596491228072,FALSE,,0.9439,ensemble_voting,SEARCHER4,transfer_convnext_tiny_38.4_SEARCHER4,ensemble_voting_summary_00-00.csv
Avg_Pairwise_Fold_Agreement_Rate,1.5,3.0,0.9508771929824562,FALSE,,0.9509,ensemble_voting,SEARCHER7,transfer_convnext_tiny_38.7_SEARCHER7,ensemble_voting_summary_00-00.csv
Avg_Pairwise_Fold_Agreement_Rate,1.5,3.5,0.9438596491228072,FALSE,,0.9439,ensemble_voting,SEARCHER10,transfer_convnext_tiny_39.0_SEARCHER10,ensemble_voting_summary_00-00.csv
Avg_Pairwise_Fold_Agreement_Rate,2.0,2.0,0.9385964912280702,FALSE,,0.9386,ensemble_voting,SEARCHER2,transfer_convnext_tiny_38.2_SEARCHER2,ensemble_voting_summary_00-00.csv
Avg_Pairwise_Fold_Agreement_Rate,2.0,2.5,0.9280701754385964,FALSE,,0.9281,ensemble_voting,SEARCHER5,transfer_convnext_tiny_38.5_SEARCHER5,ensemble_voting_summary_00-00.csv
Avg_Pairwise_Fold_Agreement_Rate,2.0,3.0,0.912280701754386,FALSE,,0.9123,ensemble_voting,SEARCHER8,transfer_convnext_tiny_38.8_SEARCHER8,ensemble_voting_summary_00-00.csv
Avg_Pairwise_Fold_Agreement_Rate,2.0,3.5,0.8719298245614036,FALSE,,0.8719,ensemble_voting,SEARCHER11,transfer_convnext_tiny_39.1_SEARCHER11,ensemble_voting_summary_00-00.csv
Avg_Pairwise_Fold_Agreement_Rate,1.0,2.0,0.9385964912280702,TRUE,,0.9386,ensemble_voting,SEARCHER,transfer_convnext_tiny_40.0_SEARCHER01,ensemble_voting_summary_00-00.csv
Avg_Pairwise_Fold_Agreement_Rate,1.0,2.5,0.9421052631578948,TRUE,,0.9421,ensemble_voting,SEARCHER3,transfer_convnext_tiny_40.3_SEARCHER31,ensemble_voting_summary_00-00.csv
Avg_Pairwise_Fold_Agreement_Rate,1.0,3.0,0.9263157894736842,TRUE,,0.9263,ensemble_voting,SEARCHER6,transfer_convnext_tiny_40.6_SEARCHER61,ensemble_voting_summary_00-00.csv
Avg_Pairwise_Fold_Agreement_Rate,1.0,3.5,0.9315789473684208,TRUE,,0.9316,ensemble_voting,SEARCHER9,transfer_convnext_tiny_40.9_SEARCHER91,ensemble_voting_summary_00-00.csv
Avg_Pairwise_Fold_Agreement_Rate,1.5,2.0,0.9245614035087716,TRUE,,0.9246,ensemble_voting,SEARCHER1,transfer_convnext_tiny_40.1_SEARCHER12,ensemble_voting_summary_00-00.csv
Avg_Pairwise_Fold_Agreement_Rate,1.5,2.5,0.93859649122807,TRUE,,0.9386,ensemble_voting,SEARCHER4,transfer_convnext_tiny_40.4_SEARCHER41,ensemble_voting_summary_00-00.csv
Avg_Pairwise_Fold_Agreement_Rate,1.5,3.0,0.9421052631578948,TRUE,,0.9421,ensemble_voting,SEARCHER7,transfer_convnext_tiny_40.7_SEARCHER71,ensemble_voting_summary_00-00.csv
Avg_Pairwise_Fold_Agreement_Rate,1.5,3.5,0.8614035087719298,TRUE,,0.8614,ensemble_voting,SEARCHER10,transfer_convnext_tiny_41.0_SEARCHER101,ensemble_voting_summary_00-00.csv
Avg_Pairwise_Fold_Agreement_Rate,2.0,2.0,0.9508771929824562,TRUE,,0.9509,ensemble_voting,SEARCHER2,transfer_convnext_tiny_40.2_SEARCHER21,ensemble_voting_summary_00-00.csv
Avg_Pairwise_Fold_Agreement_Rate,2.0,2.5,0.936842105263158,TRUE,,0.9368,ensemble_voting,SEARCHER5,transfer_convnext_tiny_40.5_SEARCHER51,ensemble_voting_summary_00-00.csv
Avg_Pairwise_Fold_Agreement_Rate,2.0,3.0,0.9087719298245616,TRUE,,0.9088,ensemble_voting,SEARCHER8,transfer_convnext_tiny_40.8_SEARCHER81,ensemble_voting_summary_00-00.csv
Avg_Pairwise_Fold_Agreement_Rate,2.0,3.5,0.8526315789473685,TRUE,,0.8526,ensemble_voting,SEARCHER11,transfer_convnext_tiny_41.1_SEARCHER111,ensemble_voting_summary_00-00.csv
Avg_Per_Patient_Entropy_(Bits),1.0,2.0,0.0720646574310776,FALSE,,0.0721,ensemble_voting,SEARCHER,transfer_convnext_tiny_38.0_SEARCHER,ensemble_voting_summary_00-00.csv
Avg_Per_Patient_Entropy_(Bits),1.0,2.5,0.1168346177103815,FALSE,,0.1168,ensemble_voting,SEARCHER3,transfer_convnext_tiny_38.3_SEARCHER3,ensemble_voting_summary_00-00.csv
Avg_Per_Patient_Entropy_(Bits),1.0,3.0,0.1273156149929027,FALSE,,0.1273,ensemble_voting,SEARCHER6,transfer_convnext_tiny_38.6_SEARCHER6,ensemble_voting_summary_00-00.csv
Avg_Per_Patient_Entropy_(Bits),1.0,3.5,0.1377966122754239,FALSE,,0.1378,ensemble_voting,SEARCHER9,transfer_convnext_tiny_38.9_SEARCHER9,ensemble_voting_summary_00-00.csv
Avg_Per_Patient_Entropy_(Bits),1.5,2.0,0.0847300626045401,FALSE,,0.0847,ensemble_voting,SEARCHER1,transfer_convnext_tiny_38.1_SEARCHER1,ensemble_voting_summary_00-00.csv
Avg_Per_Patient_Entropy_(Bits),1.5,2.5,0.0934676941683052,FALSE,,0.0935,ensemble_voting,SEARCHER4,transfer_convnext_tiny_38.4_SEARCHER4,ensemble_voting_summary_00-00.csv
Avg_Per_Patient_Entropy_(Bits),1.5,3.0,0.0847300626045401,FALSE,,0.0847,ensemble_voting,SEARCHER7,transfer_convnext_tiny_38.7_SEARCHER7,ensemble_voting_summary_00-00.csv
Avg_Per_Patient_Entropy_(Bits),1.5,3.5,0.0973954677780025,FALSE,,0.0974,ensemble_voting,SEARCHER10,transfer_convnext_tiny_39.0_SEARCHER10,ensemble_voting_summary_00-00.csv
Avg_Per_Patient_Entropy_(Bits),2.0,2.0,0.1078764650605238,FALSE,,0.1079,ensemble_voting,SEARCHER2,transfer_convnext_tiny_38.2_SEARCHER2,ensemble_voting_summary_00-00.csv
Avg_Per_Patient_Entropy_(Bits),2.0,2.5,0.1229467992110201,FALSE,,0.1229,ensemble_voting,SEARCHER5,transfer_convnext_tiny_38.5_SEARCHER5,ensemble_voting_summary_00-00.csv
Avg_Per_Patient_Entropy_(Bits),2.0,3.0,0.1484981306440378,FALSE,,0.1485,ensemble_voting,SEARCHER8,transfer_convnext_tiny_38.8_SEARCHER8,ensemble_voting_summary_00-00.csv
Avg_Per_Patient_Entropy_(Bits),2.0,3.5,0.2223061537938715,FALSE,,0.2223,ensemble_voting,SEARCHER11,transfer_convnext_tiny_39.1_SEARCHER11,ensemble_voting_summary_00-00.csv
Avg_Per_Patient_Entropy_(Bits),1.0,2.0,0.1059125782556751,TRUE,,0.1059,ensemble_voting,SEARCHER,transfer_convnext_tiny_40.0_SEARCHER01,ensemble_voting_summary_00-00.csv
Avg_Per_Patient_Entropy_(Bits),1.0,2.5,0.0976159888640952,TRUE,,0.0976,ensemble_voting,SEARCHER3,transfer_convnext_tiny_40.3_SEARCHER31,ensemble_voting_summary_00-00.csv
Avg_Per_Patient_Entropy_(Bits),1.0,3.0,0.1251312071019615,TRUE,,0.1251,ensemble_voting,SEARCHER6,transfer_convnext_tiny_40.6_SEARCHER61,ensemble_voting_summary_00-00.csv
Avg_Per_Patient_Entropy_(Bits),1.0,3.5,0.1146502098194402,TRUE,,0.1147,ensemble_voting,SEARCHER9,transfer_convnext_tiny_40.9_SEARCHER91,ensemble_voting_summary_00-00.csv
Avg_Per_Patient_Entropy_(Bits),1.5,2.0,0.1312433886026001,TRUE,,0.1312,ensemble_voting,SEARCHER1,transfer_convnext_tiny_40.1_SEARCHER12,ensemble_voting_summary_00-00.csv
Avg_Per_Patient_Entropy_(Bits),1.5,2.5,0.1039486914508264,TRUE,,0.1039,ensemble_voting,SEARCHER4,transfer_convnext_tiny_40.4_SEARCHER41,ensemble_voting_summary_00-00.csv
Avg_Per_Patient_Entropy_(Bits),1.5,3.0,0.0995798756689438,TRUE,,0.0996,ensemble_voting,SEARCHER7,transfer_convnext_tiny_40.7_SEARCHER71,ensemble_voting_summary_00-00.csv
Avg_Per_Patient_Entropy_(Bits),1.5,3.5,0.2334487143346705,TRUE,,0.2334,ensemble_voting,SEARCHER10,transfer_convnext_tiny_41.0_SEARCHER101,ensemble_voting_summary_00-00.csv
Avg_Per_Patient_Entropy_(Bits),2.0,2.0,0.0827661757996914,TRUE,,0.0828,ensemble_voting,SEARCHER2,transfer_convnext_tiny_40.2_SEARCHER21,ensemble_voting_summary_00-00.csv
Avg_Per_Patient_Entropy_(Bits),2.0,2.5,0.1080969861466164,TRUE,,0.1081,ensemble_voting,SEARCHER5,transfer_convnext_tiny_40.5_SEARCHER51,ensemble_voting_summary_00-00.csv
Avg_Per_Patient_Entropy_(Bits),2.0,3.0,0.1509030596210716,TRUE,,0.1509,ensemble_voting,SEARCHER8,transfer_convnext_tiny_40.8_SEARCHER81,ensemble_voting_summary_00-00.csv
Avg_Per_Patient_Entropy_(Bits),2.0,3.5,0.2463346405942256,TRUE,,0.2463,ensemble_voting,SEARCHER11,transfer_convnext_tiny_41.1_SEARCHER111,ensemble_voting_summary_00-00.csv
Avg_Voting_Confidence_(Models_Agreeing),1.0,2.0,2.3508771929824563,FALSE,,2.3509,ensemble_voting,SEARCHER,transfer_convnext_tiny_38.0_SEARCHER,ensemble_voting_summary_00-00.csv
Avg_Voting_Confidence_(Models_Agreeing),1.0,2.5,2.412280701754386,FALSE,,2.4123,ensemble_voting,SEARCHER3,transfer_convnext_tiny_38.3_SEARCHER3,ensemble_voting_summary_00-00.csv
Avg_Voting_Confidence_(Models_Agreeing),1.0,3.0,2.526315789473684,FALSE,,2.5263,ensemble_voting,SEARCHER6,transfer_convnext_tiny_38.6_SEARCHER6,ensemble_voting_summary_00-00.csv
Avg_Voting_Confidence_(Models_Agreeing),1.0,3.5,2.62280701754386,FALSE,,2.6228,ensemble_voting,SEARCHER9,transfer_convnext_tiny_38.9_SEARCHER9,ensemble_voting_summary_00-00.csv
Avg_Voting_Confidence_(Models_Agreeing),1.5,2.0,2.5964912280701755,FALSE,,2.5965,ensemble_voting,SEARCHER1,transfer_convnext_tiny_38.1_SEARCHER1,ensemble_voting_summary_00-00.csv
Avg_Voting_Confidence_(Models_Agreeing),1.5,2.5,2.56140350877193,FALSE,,2.5614,ensemble_voting,SEARCHER4,transfer_convnext_tiny_38.4_SEARCHER4,ensemble_voting_summary_00-00.csv
Avg_Voting_Confidence_(Models_Agreeing),1.5,3.0,2.5964912280701755,FALSE,,2.5965,ensemble_voting,SEARCHER7,transfer_convnext_tiny_38.7_SEARCHER7,ensemble_voting_summary_00-00.csv
Avg_Voting_Confidence_(Models_Agreeing),1.5,3.5,2.5789473684210527,FALSE,,2.5789,ensemble_voting,SEARCHER10,transfer_convnext_tiny_39.0_SEARCHER10,ensemble_voting_summary_00-00.csv
Avg_Voting_Confidence_(Models_Agreeing),2.0,2.0,2.543859649122807,FALSE,,2.5439,ensemble_voting,SEARCHER2,transfer_convnext_tiny_38.2_SEARCHER2,ensemble_voting_summary_00-00.csv
Avg_Voting_Confidence_(Models_Agreeing),2.0,2.5,2.754385964912281,FALSE,,2.7544,ensemble_voting,SEARCHER5,transfer_convnext_tiny_38.5_SEARCHER5,ensemble_voting_summary_00-00.csv
Avg_Voting_Confidence_(Models_Agreeing),2.0,3.0,2.8421052631578947,FALSE,,2.8421,ensemble_voting,SEARCHER8,transfer_convnext_tiny_38.8_SEARCHER8,ensemble_voting_summary_00-00.csv
Avg_Voting_Confidence_(Models_Agreeing),2.0,3.5,3.0964912280701755,FALSE,,3.0965,ensemble_voting,SEARCHER11,transfer_convnext_tiny_39.1_SEARCHER11,ensemble_voting_summary_00-00.csv
Avg_Voting_Confidence_(Models_Agreeing),1.0,2.0,2.3947368421052637,TRUE,,2.3947,ensemble_voting,SEARCHER,transfer_convnext_tiny_40.0_SEARCHER01,ensemble_voting_summary_00-00.csv
Avg_Voting_Confidence_(Models_Agreeing),1.0,2.5,2.271929824561404,TRUE,,2.2719,ensemble_voting,SEARCHER3,transfer_convnext_tiny_40.3_SEARCHER31,ensemble_voting_summary_00-00.csv
Avg_Voting_Confidence_(Models_Agreeing),1.0,3.0,2.587719298245614,TRUE,,2.5877,ensemble_voting,SEARCHER6,transfer_convnext_tiny_40.6_SEARCHER61,ensemble_voting_summary_00-00.csv
Avg_Voting_Confidence_(Models_Agreeing),1.0,3.5,2.508771929824561,TRUE,,2.5088,ensemble_voting,SEARCHER9,transfer_convnext_tiny_40.9_SEARCHER91,ensemble_voting_summary_00-00.csv
Avg_Voting_Confidence_(Models_Agreeing),1.5,2.0,2.543859649122807,TRUE,,2.5439,ensemble_voting,SEARCHER1,transfer_convnext_tiny_40.1_SEARCHER12,ensemble_voting_summary_00-00.csv
Avg_Voting_Confidence_(Models_Agreeing),1.5,2.5,2.587719298245614,TRUE,,2.5877,ensemble_voting,SEARCHER4,transfer_convnext_tiny_40.4_SEARCHER41,ensemble_voting_summary_00-00.csv
Avg_Voting_Confidence_(Models_Agreeing),1.5,3.0,2.62280701754386,TRUE,,2.6228,ensemble_voting,SEARCHER7,transfer_convnext_tiny_40.7_SEARCHER71,ensemble_voting_summary_00-00.csv
Avg_Voting_Confidence_(Models_Agreeing),1.5,3.5,3.008771929824561,TRUE,,3.0088,ensemble_voting,SEARCHER10,transfer_convnext_tiny_41.0_SEARCHER101,ensemble_voting_summary_00-00.csv
Avg_Voting_Confidence_(Models_Agreeing),2.0,2.0,2.56140350877193,TRUE,,2.5614,ensemble_voting,SEARCHER2,transfer_convnext_tiny_40.2_SEARCHER21,ensemble_voting_summary_00-00.csv
Avg_Voting_Confidence_(Models_Agreeing),2.0,2.5,2.6842105263157894,TRUE,,2.6842,ensemble_voting,SEARCHER5,transfer_convnext_tiny_40.5_SEARCHER51,ensemble_voting_summary_00-00.csv
Avg_Voting_Confidence_(Models_Agreeing),2.0,3.0,2.921052631578948,TRUE,,2.9211,ensemble_voting,SEARCHER8,transfer_convnext_tiny_40.8_SEARCHER81,ensemble_voting_summary_00-00.csv
Avg_Voting_Confidence_(Models_Agreeing),2.0,3.5,3.1052631578947367,TRUE,,3.1053,ensemble_voting,SEARCHER11,transfer_convnext_tiny_41.1_SEARCHER111,ensemble_voting_summary_00-00.csv
Avg_Voting_Margin_(0-2.5),1.0,2.0,2.3771929824561404,FALSE,,2.3772,ensemble_voting,SEARCHER,transfer_convnext_tiny_38.0_SEARCHER,ensemble_voting_summary_00-00.csv
Avg_Voting_Margin_(0-2.5),1.0,2.5,2.280701754385965,FALSE,,2.2807,ensemble_voting,SEARCHER3,transfer_convnext_tiny_38.3_SEARCHER3,ensemble_voting_summary_00-00.csv
Avg_Voting_Margin_(0-2.5),1.0,3.0,2.271929824561404,FALSE,,2.2719,ensemble_voting,SEARCHER6,transfer_convnext_tiny_38.6_SEARCHER6,ensemble_voting_summary_00-00.csv
Avg_Voting_Margin_(0-2.5),1.0,3.5,2.263157894736842,FALSE,,2.2632,ensemble_voting,SEARCHER9,transfer_convnext_tiny_38.9_SEARCHER9,ensemble_voting_summary_00-00.csv
Avg_Voting_Margin_(0-2.5),1.5,2.0,2.3596491228070176,FALSE,,2.3596,ensemble_voting,SEARCHER1,transfer_convnext_tiny_38.1_SEARCHER1,ensemble_voting_summary_00-00.csv
Avg_Voting_Margin_(0-2.5),1.5,2.5,2.324561403508772,FALSE,,2.3246,ensemble_voting,SEARCHER4,transfer_convnext_tiny_38.4_SEARCHER4,ensemble_voting_summary_00-00.csv
Avg_Voting_Margin_(0-2.5),1.5,3.0,2.3596491228070176,FALSE,,2.3596,ensemble_voting,SEARCHER7,transfer_convnext_tiny_38.7_SEARCHER7,ensemble_voting_summary_00-00.csv
Avg_Voting_Margin_(0-2.5),1.5,3.5,2.3421052631578947,FALSE,,2.3421,ensemble_voting,SEARCHER10,transfer_convnext_tiny_39.0_SEARCHER10,ensemble_voting_summary_00-00.csv
Avg_Voting_Margin_(0-2.5),2.0,2.0,2.333333333333333,FALSE,,2.3333,ensemble_voting,SEARCHER2,transfer_convnext_tiny_38.2_SEARCHER2,ensemble_voting_summary_00-00.csv
Avg_Voting_Margin_(0-2.5),2.0,2.5,2.289473684210526,FALSE,,2.2895,ensemble_voting,SEARCHER5,transfer_convnext_tiny_38.5_SEARCHER5,ensemble_voting_summary_00-00.csv
Avg_Voting_Margin_(0-2.5),2.0,3.0,2.236842105263158,FALSE,,2.2368,ensemble_voting,SEARCHER8,transfer_convnext_tiny_38.8_SEARCHER8,ensemble_voting_summary_00-00.csv
Avg_Voting_Margin_(0-2.5),2.0,3.5,2.1403508771929824,FALSE,,2.1404,ensemble_voting,SEARCHER11,transfer_convnext_tiny_39.1_SEARCHER11,ensemble_voting_summary_00-00.csv
Avg_Voting_Margin_(0-2.5),1.0,2.0,2.324561403508772,TRUE,,2.3246,ensemble_voting,SEARCHER,transfer_convnext_tiny_40.0_SEARCHER01,ensemble_voting_summary_00-00.csv
Avg_Voting_Margin_(0-2.5),1.0,2.5,2.324561403508772,TRUE,,2.3246,ensemble_voting,SEARCHER3,transfer_convnext_tiny_40.3_SEARCHER31,ensemble_voting_summary_00-00.csv
Avg_Voting_Margin_(0-2.5),1.0,3.0,2.280701754385965,TRUE,,2.2807,ensemble_voting,SEARCHER6,transfer_convnext_tiny_40.6_SEARCHER61,ensemble_voting_summary_00-00.csv
Avg_Voting_Margin_(0-2.5),1.0,3.5,2.289473684210526,TRUE,,2.2895,ensemble_voting,SEARCHER9,transfer_convnext_tiny_40.9_SEARCHER91,ensemble_voting_summary_00-00.csv
Avg_Voting_Margin_(0-2.5),1.5,2.0,2.289473684210526,TRUE,,2.2895,ensemble_voting,SEARCHER1,transfer_convnext_tiny_40.1_SEARCHER12,ensemble_voting_summary_00-00.csv
Avg_Voting_Margin_(0-2.5),1.5,2.5,2.3157894736842106,TRUE,,2.3158,ensemble_voting,SEARCHER4,transfer_convnext_tiny_40.4_SEARCHER41,ensemble_voting_summary_00-00.csv
Avg_Voting_Margin_(0-2.5),1.5,3.0,2.333333333333333,TRUE,,2.3333,ensemble_voting,SEARCHER7,transfer_convnext_tiny_40.7_SEARCHER71,ensemble_voting_summary_00-00.csv
Avg_Voting_Margin_(0-2.5),1.5,3.5,2.0789473684210527,TRUE,,2.0789,ensemble_voting,SEARCHER10,transfer_convnext_tiny_41.0_SEARCHER101,ensemble_voting_summary_00-00.csv
Avg_Voting_Margin_(0-2.5),2.0,2.0,2.3508771929824563,TRUE,,2.3509,ensemble_voting,SEARCHER2,transfer_convnext_tiny_40.2_SEARCHER21,ensemble_voting_summary_00-00.csv
Avg_Voting_Margin_(0-2.5),2.0,2.5,2.3157894736842106,TRUE,,2.3158,ensemble_voting,SEARCHER5,transfer_convnext_tiny_40.5_SEARCHER51,ensemble_voting_summary_00-00.csv
Avg_Voting_Margin_(0-2.5),2.0,3.0,2.210526315789474,TRUE,,2.2105,ensemble_voting,SEARCHER8,transfer_convnext_tiny_40.8_SEARCHER81,ensemble_voting_summary_00-00.csv
Avg_Voting_Margin_(0-2.5),2.0,3.5,2.043859649122807,TRUE,,2.0439,ensemble_voting,SEARCHER11,transfer_convnext_tiny_41.1_SEARCHER111,ensemble_voting_summary_00-00.csv
Balanced_Accuracy,1.0,2.0,0.9298245614035088,FALSE,,0.9298,ensemble_voting,SEARCHER,transfer_convnext_tiny_38.0_SEARCHER,ensemble_voting_summary_00-00.csv
Balanced_Accuracy,1.0,2.5,0.9035087719298244,FALSE,,0.9035,ensemble_voting,SEARCHER3,transfer_convnext_tiny_38.3_SEARCHER3,ensemble_voting_summary_00-00.csv
Balanced_Accuracy,1.0,3.0,0.8508771929824561,FALSE,,0.8509,ensemble_voting,SEARCHER6,transfer_convnext_tiny_38.6_SEARCHER6,ensemble_voting_summary_00-00.csv
Balanced_Accuracy,1.0,3.5,0.868421052631579,FALSE,,0.8684,ensemble_voting,SEARCHER9,transfer_convnext_tiny_38.9_SEARCHER9,ensemble_voting_summary_00-00.csv
Balanced_Accuracy,1.5,2.0,0.8859649122807017,FALSE,,0.8860,ensemble_voting,SEARCHER1,transfer_convnext_tiny_38.1_SEARCHER1,ensemble_voting_summary_00-00.csv
Balanced_Accuracy,1.5,2.5,0.9035087719298244,FALSE,,0.9035,ensemble_voting,SEARCHER4,transfer_convnext_tiny_38.4_SEARCHER4,ensemble_voting_summary_00-00.csv
Balanced_Accuracy,1.5,3.0,0.8771929824561403,FALSE,,0.8772,ensemble_voting,SEARCHER7,transfer_convnext_tiny_38.7_SEARCHER7,ensemble_voting_summary_00-00.csv
Balanced_Accuracy,1.5,3.5,0.8508771929824561,FALSE,,0.8509,ensemble_voting,SEARCHER10,transfer_convnext_tiny_39.0_SEARCHER10,ensemble_voting_summary_00-00.csv
Balanced_Accuracy,2.0,2.0,0.8771929824561404,FALSE,,0.8772,ensemble_voting,SEARCHER2,transfer_convnext_tiny_38.2_SEARCHER2,ensemble_voting_summary_00-00.csv
Balanced_Accuracy,2.0,2.5,0.8421052631578947,FALSE,,0.8421,ensemble_voting,SEARCHER5,transfer_convnext_tiny_38.5_SEARCHER5,ensemble_voting_summary_00-00.csv
Balanced_Accuracy,2.0,3.0,0.8245614035087718,FALSE,,0.8246,ensemble_voting,SEARCHER8,transfer_convnext_tiny_38.8_SEARCHER8,ensemble_voting_summary_00-00.csv
Balanced_Accuracy,2.0,3.5,0.6929824561403508,FALSE,,0.6930,ensemble_voting,SEARCHER11,transfer_convnext_tiny_39.1_SEARCHER11,ensemble_voting_summary_00-00.csv
Balanced_Accuracy,1.0,2.0,0.8947368421052632,TRUE,,0.8947,ensemble_voting,SEARCHER,transfer_convnext_tiny_40.0_SEARCHER01,ensemble_voting_summary_00-00.csv
Balanced_Accuracy,1.0,2.5,0.912280701754386,TRUE,,0.9123,ensemble_voting,SEARCHER3,transfer_convnext_tiny_40.3_SEARCHER31,ensemble_voting_summary_00-00.csv
Balanced_Accuracy,1.0,3.0,0.868421052631579,TRUE,,0.8684,ensemble_voting,SEARCHER6,transfer_convnext_tiny_40.6_SEARCHER61,ensemble_voting_summary_00-00.csv
Balanced_Accuracy,1.0,3.5,0.9035087719298244,TRUE,,0.9035,ensemble_voting,SEARCHER9,transfer_convnext_tiny_40.9_SEARCHER91,ensemble_voting_summary_00-00.csv
Balanced_Accuracy,1.5,2.0,0.8771929824561404,TRUE,,0.8772,ensemble_voting,SEARCHER1,transfer_convnext_tiny_40.1_SEARCHER12,ensemble_voting_summary_00-00.csv
Balanced_Accuracy,1.5,2.5,0.868421052631579,TRUE,,0.8684,ensemble_voting,SEARCHER4,transfer_convnext_tiny_40.4_SEARCHER41,ensemble_voting_summary_00-00.csv
Balanced_Accuracy,1.5,3.0,0.868421052631579,TRUE,,0.8684,ensemble_voting,SEARCHER7,transfer_convnext_tiny_40.7_SEARCHER71,ensemble_voting_summary_00-00.csv
Balanced_Accuracy,1.5,3.5,0.7192982456140351,TRUE,,0.7193,ensemble_voting,SEARCHER10,transfer_convnext_tiny_41.0_SEARCHER101,ensemble_voting_summary_00-00.csv
Balanced_Accuracy,2.0,2.0,0.8947368421052632,TRUE,,0.8947,ensemble_voting,SEARCHER2,transfer_convnext_tiny_40.2_SEARCHER21,ensemble_voting_summary_00-00.csv
Balanced_Accuracy,2.0,2.5,0.8508771929824561,TRUE,,0.8509,ensemble_voting,SEARCHER5,transfer_convnext_tiny_40.5_SEARCHER51,ensemble_voting_summary_00-00.csv
Balanced_Accuracy,2.0,3.0,0.7982456140350878,TRUE,,0.7982,ensemble_voting,SEARCHER8,transfer_convnext_tiny_40.8_SEARCHER81,ensemble_voting_summary_00-00.csv
Balanced_Accuracy,2.0,3.5,0.6842105263157895,TRUE,,0.6842,ensemble_voting,SEARCHER11,transfer_convnext_tiny_41.1_SEARCHER111,ensemble_voting_summary_00-00.csv
Close_Call_Rate_(3v2_Splits)_%,1.0,2.0,3.508771929824561,FALSE,,3.5088,ensemble_voting,SEARCHER,transfer_convnext_tiny_38.0_SEARCHER,ensemble_voting_summary_00-00.csv
Close_Call_Rate_(3v2_Splits)_%,1.0,2.5,8.771929824561402,FALSE,,8.7719,ensemble_voting,SEARCHER3,transfer_convnext_tiny_38.3_SEARCHER3,ensemble_voting_summary_00-00.csv
Close_Call_Rate_(3v2_Splits)_%,1.0,3.0,7.894736842105263,FALSE,,7.8947,ensemble_voting,SEARCHER6,transfer_convnext_tiny_38.6_SEARCHER6,ensemble_voting_summary_00-00.csv
Close_Call_Rate_(3v2_Splits)_%,1.0,3.5,7.017543859649122,FALSE,,7.0175,ensemble_voting,SEARCHER9,transfer_convnext_tiny_38.9_SEARCHER9,ensemble_voting_summary_00-00.csv
Close_Call_Rate_(3v2_Splits)_%,1.5,2.0,3.508771929824561,FALSE,,3.5088,ensemble_voting,SEARCHER1,transfer_convnext_tiny_38.1_SEARCHER1,ensemble_voting_summary_00-00.csv
Close_Call_Rate_(3v2_Splits)_%,1.5,2.5,7.017543859649122,FALSE,,7.0175,ensemble_voting,SEARCHER4,transfer_convnext_tiny_38.4_SEARCHER4,ensemble_voting_summary_00-00.csv
Close_Call_Rate_(3v2_Splits)_%,1.5,3.0,3.508771929824561,FALSE,,3.5088,ensemble_voting,SEARCHER7,transfer_convnext_tiny_38.7_SEARCHER7,ensemble_voting_summary_00-00.csv
Close_Call_Rate_(3v2_Splits)_%,1.5,3.5,3.508771929824561,FALSE,,3.5088,ensemble_voting,SEARCHER10,transfer_convnext_tiny_39.0_SEARCHER10,ensemble_voting_summary_00-00.csv
Close_Call_Rate_(3v2_Splits)_%,2.0,2.0,2.631578947368421,FALSE,,2.6316,ensemble_voting,SEARCHER2,transfer_convnext_tiny_38.2_SEARCHER2,ensemble_voting_summary_00-00.csv
Close_Call_Rate_(3v2_Splits)_%,2.0,2.5,6.140350877192982,FALSE,,6.1404,ensemble_voting,SEARCHER5,transfer_convnext_tiny_38.5_SEARCHER5,ensemble_voting_summary_00-00.csv
Close_Call_Rate_(3v2_Splits)_%,2.0,3.0,8.771929824561402,FALSE,,8.7719,ensemble_voting,SEARCHER8,transfer_convnext_tiny_38.8_SEARCHER8,ensemble_voting_summary_00-00.csv
Close_Call_Rate_(3v2_Splits)_%,2.0,3.5,7.894736842105263,FALSE,,7.8947,ensemble_voting,SEARCHER11,transfer_convnext_tiny_39.1_SEARCHER11,ensemble_voting_summary_00-00.csv
Close_Call_Rate_(3v2_Splits)_%,1.0,2.0,4.385964912280701,TRUE,,4.3860,ensemble_voting,SEARCHER,transfer_convnext_tiny_40.0_SEARCHER01,ensemble_voting_summary_00-00.csv
Close_Call_Rate_(3v2_Splits)_%,1.0,2.5,6.140350877192982,TRUE,,6.1404,ensemble_voting,SEARCHER3,transfer_convnext_tiny_40.3_SEARCHER31,ensemble_voting_summary_00-00.csv
Close_Call_Rate_(3v2_Splits)_%,1.0,3.0,7.017543859649122,TRUE,,7.0175,ensemble_voting,SEARCHER6,transfer_convnext_tiny_40.6_SEARCHER61,ensemble_voting_summary_00-00.csv
Close_Call_Rate_(3v2_Splits)_%,1.0,3.5,7.894736842105263,TRUE,,7.8947,ensemble_voting,SEARCHER9,transfer_convnext_tiny_40.9_SEARCHER91,ensemble_voting_summary_00-00.csv
Close_Call_Rate_(3v2_Splits)_%,1.5,2.0,4.385964912280701,TRUE,,4.3860,ensemble_voting,SEARCHER1,transfer_convnext_tiny_40.1_SEARCHER12,ensemble_voting_summary_00-00.csv
Close_Call_Rate_(3v2_Splits)_%,1.5,2.5,6.140350877192982,TRUE,,6.1404,ensemble_voting,SEARCHER4,transfer_convnext_tiny_40.4_SEARCHER41,ensemble_voting_summary_00-00.csv
Close_Call_Rate_(3v2_Splits)_%,1.5,3.0,4.385964912280701,TRUE,,4.3860,ensemble_voting,SEARCHER7,transfer_convnext_tiny_40.7_SEARCHER71,ensemble_voting_summary_00-00.csv
Close_Call_Rate_(3v2_Splits)_%,1.5,3.5,14.912280701754383,TRUE,,14.9123,ensemble_voting,SEARCHER10,transfer_convnext_tiny_41.0_SEARCHER101,ensemble_voting_summary_00-00.csv
Close_Call_Rate_(3v2_Splits)_%,2.0,2.0,5.263157894736842,TRUE,,5.2632,ensemble_voting,SEARCHER2,transfer_convnext_tiny_40.2_SEARCHER21,ensemble_voting_summary_00-00.csv
Close_Call_Rate_(3v2_Splits)_%,2.0,2.5,5.263157894736842,TRUE,,5.2632,ensemble_voting,SEARCHER5,transfer_convnext_tiny_40.5_SEARCHER51,ensemble_voting_summary_00-00.csv
Close_Call_Rate_(3v2_Splits)_%,2.0,3.0,12.280701754385964,TRUE,,12.2807,ensemble_voting,SEARCHER8,transfer_convnext_tiny_40.8_SEARCHER81,ensemble_voting_summary_00-00.csv
Close_Call_Rate_(3v2_Splits)_%,2.0,3.5,17.543859649122805,TRUE,,17.5439,ensemble_voting,SEARCHER11,transfer_convnext_tiny_41.1_SEARCHER111,ensemble_voting_summary_00-00.csv
Cohen_Kappa,1.0,2.0,0.8596491228070176,FALSE,,0.8596,ensemble_voting,SEARCHER,transfer_convnext_tiny_38.0_SEARCHER,ensemble_voting_summary_00-00.csv
Cohen_Kappa,1.0,2.5,0.8070175438596492,FALSE,,0.8070,ensemble_voting,SEARCHER3,transfer_convnext_tiny_38.3_SEARCHER3,ensemble_voting_summary_00-00.csv
Cohen_Kappa,1.0,3.0,0.7017543859649122,FALSE,,0.7018,ensemble_voting,SEARCHER6,transfer_convnext_tiny_38.6_SEARCHER6,ensemble_voting_summary_00-00.csv
Cohen_Kappa,1.0,3.5,0.736842105263158,FALSE,,0.7368,ensemble_voting,SEARCHER9,transfer_convnext_tiny_38.9_SEARCHER9,ensemble_voting_summary_00-00.csv
Cohen_Kappa,1.5,2.0,0.7719298245614035,FALSE,,0.7719,ensemble_voting,SEARCHER1,transfer_convnext_tiny_38.1_SEARCHER1,ensemble_voting_summary_00-00.csv
Cohen_Kappa,1.5,2.5,0.8070175438596492,FALSE,,0.8070,ensemble_voting,SEARCHER4,transfer_convnext_tiny_38.4_SEARCHER4,ensemble_voting_summary_00-00.csv
Cohen_Kappa,1.5,3.0,0.7543859649122806,FALSE,,0.7544,ensemble_voting,SEARCHER7,transfer_convnext_tiny_38.7_SEARCHER7,ensemble_voting_summary_00-00.csv
Cohen_Kappa,1.5,3.5,0.7017543859649122,FALSE,,0.7018,ensemble_voting,SEARCHER10,transfer_convnext_tiny_39.0_SEARCHER10,ensemble_voting_summary_00-00.csv
Cohen_Kappa,2.0,2.0,0.7543859649122806,FALSE,,0.7544,ensemble_voting,SEARCHER2,transfer_convnext_tiny_38.2_SEARCHER2,ensemble_voting_summary_00-00.csv
Cohen_Kappa,2.0,2.5,0.6842105263157894,FALSE,,0.6842,ensemble_voting,SEARCHER5,transfer_convnext_tiny_38.5_SEARCHER5,ensemble_voting_summary_00-00.csv
Cohen_Kappa,2.0,3.0,0.6491228070175439,FALSE,,0.6491,ensemble_voting,SEARCHER8,transfer_convnext_tiny_38.8_SEARCHER8,ensemble_voting_summary_00-00.csv
Cohen_Kappa,2.0,3.5,0.3859649122807018,FALSE,,0.3860,ensemble_voting,SEARCHER11,transfer_convnext_tiny_39.1_SEARCHER11,ensemble_voting_summary_00-00.csv
Cohen_Kappa,1.0,2.0,0.7894736842105263,TRUE,,0.7895,ensemble_voting,SEARCHER,transfer_convnext_tiny_40.0_SEARCHER01,ensemble_voting_summary_00-00.csv
Cohen_Kappa,1.0,2.5,0.8245614035087718,TRUE,,0.8246,ensemble_voting,SEARCHER3,transfer_convnext_tiny_40.3_SEARCHER31,ensemble_voting_summary_00-00.csv
Cohen_Kappa,1.0,3.0,0.736842105263158,TRUE,,0.7368,ensemble_voting,SEARCHER6,transfer_convnext_tiny_40.6_SEARCHER61,ensemble_voting_summary_00-00.csv
Cohen_Kappa,1.0,3.5,0.8070175438596492,TRUE,,0.8070,ensemble_voting,SEARCHER9,transfer_convnext_tiny_40.9_SEARCHER91,ensemble_voting_summary_00-00.csv
Cohen_Kappa,1.5,2.0,0.7543859649122806,TRUE,,0.7544,ensemble_voting,SEARCHER1,transfer_convnext_tiny_40.1_SEARCHER12,ensemble_voting_summary_00-00.csv
Cohen_Kappa,1.5,2.5,0.736842105263158,TRUE,,0.7368,ensemble_voting,SEARCHER4,transfer_convnext_tiny_40.4_SEARCHER41,ensemble_voting_summary_00-00.csv
Cohen_Kappa,1.5,3.0,0.736842105263158,TRUE,,0.7368,ensemble_voting,SEARCHER7,transfer_convnext_tiny_40.7_SEARCHER71,ensemble_voting_summary_00-00.csv
Cohen_Kappa,1.5,3.5,0.4385964912280702,TRUE,,0.4386,ensemble_voting,SEARCHER10,transfer_convnext_tiny_41.0_SEARCHER101,ensemble_voting_summary_00-00.csv
Cohen_Kappa,2.0,2.0,0.7894736842105263,TRUE,,0.7895,ensemble_voting,SEARCHER2,transfer_convnext_tiny_40.2_SEARCHER21,ensemble_voting_summary_00-00.csv
Cohen_Kappa,2.0,2.5,0.7017543859649122,TRUE,,0.7018,ensemble_voting,SEARCHER5,transfer_convnext_tiny_40.5_SEARCHER51,ensemble_voting_summary_00-00.csv
Cohen_Kappa,2.0,3.0,0.5964912280701755,TRUE,,0.5965,ensemble_voting,SEARCHER8,transfer_convnext_tiny_40.8_SEARCHER81,ensemble_voting_summary_00-00.csv
Cohen_Kappa,2.0,3.5,0.368421052631579,TRUE,,0.3684,ensemble_voting,SEARCHER11,transfer_convnext_tiny_41.1_SEARCHER111,ensemble_voting_summary_00-00.csv
Consensus_Entropy_(Bits),1.0,2.0,1.505784086370692,FALSE,,1.5058,ensemble_voting,SEARCHER,transfer_convnext_tiny_38.0_SEARCHER,ensemble_voting_summary_00-00.csv
Consensus_Entropy_(Bits),1.0,2.5,1.6593964656523836,FALSE,,1.6594,ensemble_voting,SEARCHER3,transfer_convnext_tiny_38.3_SEARCHER3,ensemble_voting_summary_00-00.csv
Consensus_Entropy_(Bits),1.0,3.0,1.7361099867341905,FALSE,,1.7361,ensemble_voting,SEARCHER6,transfer_convnext_tiny_38.6_SEARCHER6,ensemble_voting_summary_00-00.csv
Consensus_Entropy_(Bits),1.0,3.5,1.7799274777460936,FALSE,,1.7799,ensemble_voting,SEARCHER9,transfer_convnext_tiny_38.9_SEARCHER9,ensemble_voting_summary_00-00.csv
Consensus_Entropy_(Bits),1.5,2.0,1.5745088382494912,FALSE,,1.5745,ensemble_voting,SEARCHER1,transfer_convnext_tiny_38.1_SEARCHER1,ensemble_voting_summary_00-00.csv
Consensus_Entropy_(Bits),1.5,2.5,1.5686316814008792,FALSE,,1.5686,ensemble_voting,SEARCHER4,transfer_convnext_tiny_38.4_SEARCHER4,ensemble_voting_summary_00-00.csv
Consensus_Entropy_(Bits),1.5,3.0,1.5745088382494912,FALSE,,1.5745,ensemble_voting,SEARCHER7,transfer_convnext_tiny_38.7_SEARCHER7,ensemble_voting_summary_00-00.csv
Consensus_Entropy_(Bits),1.5,3.5,1.6357388393606214,FALSE,,1.6357,ensemble_voting,SEARCHER10,transfer_convnext_tiny_39.0_SEARCHER10,ensemble_voting_summary_00-00.csv
Consensus_Entropy_(Bits),2.0,2.0,1.655809693406154,FALSE,,1.6558,ensemble_voting,SEARCHER2,transfer_convnext_tiny_38.2_SEARCHER2,ensemble_voting_summary_00-00.csv
Consensus_Entropy_(Bits),2.0,2.5,1.7345327760378857,FALSE,,1.7345,ensemble_voting,SEARCHER5,transfer_convnext_tiny_38.5_SEARCHER5,ensemble_voting_summary_00-00.csv
Consensus_Entropy_(Bits),2.0,3.0,1.8270952859221448,FALSE,,1.8271,ensemble_voting,SEARCHER8,transfer_convnext_tiny_38.8_SEARCHER8,ensemble_voting_summary_00-00.csv
Consensus_Entropy_(Bits),2.0,3.5,1.969659473696261,FALSE,,1.9697,ensemble_voting,SEARCHER11,transfer_convnext_tiny_39.1_SEARCHER11,ensemble_voting_summary_00-00.csv
Consensus_Entropy_(Bits),1.0,2.0,1.6593964656523836,TRUE,,1.6594,ensemble_voting,SEARCHER,transfer_convnext_tiny_40.0_SEARCHER01,ensemble_voting_summary_00-00.csv
Consensus_Entropy_(Bits),1.0,2.5,1.6095156233971513,TRUE,,1.6095,ensemble_voting,SEARCHER3,transfer_convnext_tiny_40.3_SEARCHER31,ensemble_voting_summary_00-00.csv
Consensus_Entropy_(Bits),1.0,3.0,1.7519018205919117,TRUE,,1.7519,ensemble_voting,SEARCHER6,transfer_convnext_tiny_40.6_SEARCHER61,ensemble_voting_summary_00-00.csv
Consensus_Entropy_(Bits),1.0,3.5,1.650228900538525,TRUE,,1.6502,ensemble_voting,SEARCHER9,transfer_convnext_tiny_40.9_SEARCHER91,ensemble_voting_summary_00-00.csv
Consensus_Entropy_(Bits),1.5,2.0,1.785446692510047,TRUE,,1.7854,ensemble_voting,SEARCHER1,transfer_convnext_tiny_40.1_SEARCHER12,ensemble_voting_summary_00-00.csv
Consensus_Entropy_(Bits),1.5,2.5,1.6485918720947494,TRUE,,1.6486,ensemble_voting,SEARCHER4,transfer_convnext_tiny_40.4_SEARCHER41,ensemble_voting_summary_00-00.csv
Consensus_Entropy_(Bits),1.5,3.0,1.644112685346439,TRUE,,1.6441,ensemble_voting,SEARCHER7,transfer_convnext_tiny_40.7_SEARCHER71,ensemble_voting_summary_00-00.csv
Consensus_Entropy_(Bits),1.5,3.5,2.0730760143351565,TRUE,,2.0731,ensemble_voting,SEARCHER10,transfer_convnext_tiny_41.0_SEARCHER101,ensemble_voting_summary_00-00.csv
Consensus_Entropy_(Bits),2.0,2.0,1.5334415785869662,TRUE,,1.5334,ensemble_voting,SEARCHER2,transfer_convnext_tiny_40.2_SEARCHER21,ensemble_voting_summary_00-00.csv
Consensus_Entropy_(Bits),2.0,2.5,1.6836204525059106,TRUE,,1.6836,ensemble_voting,SEARCHER5,transfer_convnext_tiny_40.5_SEARCHER51,ensemble_voting_summary_00-00.csv
Consensus_Entropy_(Bits),2.0,3.0,1.7467878979089773,TRUE,,1.7468,ensemble_voting,SEARCHER8,transfer_convnext_tiny_40.8_SEARCHER81,ensemble_voting_summary_00-00.csv
Consensus_Entropy_(Bits),2.0,3.5,2.044627993960164,TRUE,,2.0446,ensemble_voting,SEARCHER11,transfer_convnext_tiny_41.1_SEARCHER111,ensemble_voting_summary_00-00.csv
Disagreement_Rate_%,1.0,2.0,8.771929824561408,FALSE,,8.7719,ensemble_voting,SEARCHER,transfer_convnext_tiny_38.0_SEARCHER,ensemble_voting_summary_00-00.csv
Disagreement_Rate_%,1.0,2.5,13.157894736842104,FALSE,,13.1579,ensemble_voting,SEARCHER3,transfer_convnext_tiny_38.3_SEARCHER3,ensemble_voting_summary_00-00.csv
Disagreement_Rate_%,1.0,3.0,14.912280701754389,FALSE,,14.9123,ensemble_voting,SEARCHER6,transfer_convnext_tiny_38.6_SEARCHER6,ensemble_voting_summary_00-00.csv
Disagreement_Rate_%,1.0,3.5,16.666666666666664,FALSE,,16.6667,ensemble_voting,SEARCHER9,transfer_convnext_tiny_38.9_SEARCHER9,ensemble_voting_summary_00-00.csv
Disagreement_Rate_%,1.5,2.0,10.526315789473683,FALSE,,10.5263,ensemble_voting,SEARCHER1,transfer_convnext_tiny_38.1_SEARCHER1,ensemble_voting_summary_00-00.csv
Disagreement_Rate_%,1.5,2.5,10.526315789473683,FALSE,,10.5263,ensemble_voting,SEARCHER4,transfer_convnext_tiny_38.4_SEARCHER4,ensemble_voting_summary_00-00.csv
Disagreement_Rate_%,1.5,3.0,10.526315789473683,FALSE,,10.5263,ensemble_voting,SEARCHER7,transfer_convnext_tiny_38.7_SEARCHER7,ensemble_voting_summary_00-00.csv
Disagreement_Rate_%,1.5,3.5,12.28070175438597,FALSE,,12.2807,ensemble_voting,SEARCHER10,transfer_convnext_tiny_39.0_SEARCHER10,ensemble_voting_summary_00-00.csv
Disagreement_Rate_%,2.0,2.0,14.035087719298245,FALSE,,14.0351,ensemble_voting,SEARCHER2,transfer_convnext_tiny_38.2_SEARCHER2,ensemble_voting_summary_00-00.csv
Disagreement_Rate_%,2.0,2.5,14.912280701754389,FALSE,,14.9123,ensemble_voting,SEARCHER5,transfer_convnext_tiny_38.5_SEARCHER5,ensemble_voting_summary_00-00.csv
Disagreement_Rate_%,2.0,3.0,17.543859649122805,FALSE,,17.5439,ensemble_voting,SEARCHER8,transfer_convnext_tiny_38.8_SEARCHER8,ensemble_voting_summary_00-00.csv
Disagreement_Rate_%,2.0,3.5,28.07017543859649,FALSE,,28.0702,ensemble_voting,SEARCHER11,transfer_convnext_tiny_39.1_SEARCHER11,ensemble_voting_summary_00-00.csv
Disagreement_Rate_%,1.0,2.0,13.157894736842104,TRUE,,13.1579,ensemble_voting,SEARCHER,transfer_convnext_tiny_40.0_SEARCHER01,ensemble_voting_summary_00-00.csv
Disagreement_Rate_%,1.0,2.5,11.403508771929827,TRUE,,11.4035,ensemble_voting,SEARCHER3,transfer_convnext_tiny_40.3_SEARCHER31,ensemble_voting_summary_00-00.csv
Disagreement_Rate_%,1.0,3.0,14.912280701754389,TRUE,,14.9123,ensemble_voting,SEARCHER6,transfer_convnext_tiny_40.6_SEARCHER61,ensemble_voting_summary_00-00.csv
Disagreement_Rate_%,1.0,3.5,13.157894736842104,TRUE,,13.1579,ensemble_voting,SEARCHER9,transfer_convnext_tiny_40.9_SEARCHER91,ensemble_voting_summary_00-00.csv
Disagreement_Rate_%,1.5,2.0,16.666666666666664,TRUE,,16.6667,ensemble_voting,SEARCHER1,transfer_convnext_tiny_40.1_SEARCHER12,ensemble_voting_summary_00-00.csv
Disagreement_Rate_%,1.5,2.5,12.28070175438597,TRUE,,12.2807,ensemble_voting,SEARCHER4,transfer_convnext_tiny_40.4_SEARCHER41,ensemble_voting_summary_00-00.csv
Disagreement_Rate_%,1.5,3.0,12.28070175438597,TRUE,,12.2807,ensemble_voting,SEARCHER7,transfer_convnext_tiny_40.7_SEARCHER71,ensemble_voting_summary_00-00.csv
Disagreement_Rate_%,1.5,3.5,27.192982456140346,TRUE,,27.1930,ensemble_voting,SEARCHER10,transfer_convnext_tiny_41.0_SEARCHER101,ensemble_voting_summary_00-00.csv
Disagreement_Rate_%,2.0,2.0,9.64912280701754,TRUE,,9.6491,ensemble_voting,SEARCHER2,transfer_convnext_tiny_40.2_SEARCHER21,ensemble_voting_summary_00-00.csv
Disagreement_Rate_%,2.0,2.5,13.157894736842104,TRUE,,13.1579,ensemble_voting,SEARCHER5,transfer_convnext_tiny_40.5_SEARCHER51,ensemble_voting_summary_00-00.csv
Disagreement_Rate_%,2.0,3.0,16.666666666666664,TRUE,,16.6667,ensemble_voting,SEARCHER8,transfer_convnext_tiny_40.8_SEARCHER81,ensemble_voting_summary_00-00.csv
Disagreement_Rate_%,2.0,3.5,28.07017543859649,TRUE,,28.0702,ensemble_voting,SEARCHER11,transfer_convnext_tiny_41.1_SEARCHER111,ensemble_voting_summary_00-00.csv
Ensemble_Accuracy_Delta_vs_AvgFold,1.0,2.0,0.0087719298245613,FALSE,,0.0088,ensemble_voting,SEARCHER,transfer_convnext_tiny_38.0_SEARCHER,ensemble_voting_summary_00-00.csv
Ensemble_Accuracy_Delta_vs_AvgFold,1.0,2.5,-0.0017543859649121,FALSE,,-0.0018,ensemble_voting,SEARCHER3,transfer_convnext_tiny_38.3_SEARCHER3,ensemble_voting_summary_00-00.csv
Ensemble_Accuracy_Delta_vs_AvgFold,1.0,3.0,-0.0631578947368421,FALSE,,-0.0632,ensemble_voting,SEARCHER6,transfer_convnext_tiny_38.6_SEARCHER6,ensemble_voting_summary_00-00.csv
Ensemble_Accuracy_Delta_vs_AvgFold,1.0,3.5,-0.0298245614035086,FALSE,,-0.0298,ensemble_voting,SEARCHER9,transfer_convnext_tiny_38.9_SEARCHER9,ensemble_voting_summary_00-00.csv
Ensemble_Accuracy_Delta_vs_AvgFold,1.5,2.0,-0.0350877192982455,FALSE,,-0.0351,ensemble_voting,SEARCHER1,transfer_convnext_tiny_38.1_SEARCHER1,ensemble_voting_summary_00-00.csv
Ensemble_Accuracy_Delta_vs_AvgFold,1.5,2.5,-0.0105263157894737,FALSE,,-0.0105,ensemble_voting,SEARCHER4,transfer_convnext_tiny_38.4_SEARCHER4,ensemble_voting_summary_00-00.csv
Ensemble_Accuracy_Delta_vs_AvgFold,1.5,3.0,-0.0438596491228071,FALSE,,-0.0439,ensemble_voting,SEARCHER7,transfer_convnext_tiny_38.7_SEARCHER7,ensemble_voting_summary_00-00.csv
Ensemble_Accuracy_Delta_vs_AvgFold,1.5,3.5,-0.0526315789473683,FALSE,,-0.0526,ensemble_voting,SEARCHER10,transfer_convnext_tiny_39.0_SEARCHER10,ensemble_voting_summary_00-00.csv
Ensemble_Accuracy_Delta_vs_AvgFold,2.0,2.0,-0.036842105263158,FALSE,,-0.0368,ensemble_voting,SEARCHER2,transfer_convnext_tiny_38.2_SEARCHER2,ensemble_voting_summary_00-00.csv
Ensemble_Accuracy_Delta_vs_AvgFold,2.0,2.5,-0.0508771929824561,FALSE,,-0.0509,ensemble_voting,SEARCHER5,transfer_convnext_tiny_38.5_SEARCHER5,ensemble_voting_summary_00-00.csv
Ensemble_Accuracy_Delta_vs_AvgFold,2.0,3.0,-0.0543859649122807,FALSE,,-0.0544,ensemble_voting,SEARCHER8,transfer_convnext_tiny_38.8_SEARCHER8,ensemble_voting_summary_00-00.csv
Ensemble_Accuracy_Delta_vs_AvgFold,2.0,3.5,-0.1561403508771929,FALSE,,-0.1561,ensemble_voting,SEARCHER11,transfer_convnext_tiny_39.1_SEARCHER11,ensemble_voting_summary_00-00.csv
Ensemble_Accuracy_Delta_vs_AvgFold,1.0,2.0,-0.0140350877192981,TRUE,,-0.0140,ensemble_voting,SEARCHER,transfer_convnext_tiny_40.0_SEARCHER01,ensemble_voting_summary_00-00.csv
Ensemble_Accuracy_Delta_vs_AvgFold,1.0,2.5,0.0105263157894737,TRUE,,0.0105,ensemble_voting,SEARCHER3,transfer_convnext_tiny_40.3_SEARCHER31,ensemble_voting_summary_00-00.csv
Ensemble_Accuracy_Delta_vs_AvgFold,1.0,3.0,-0.0403508771929824,TRUE,,-0.0404,ensemble_voting,SEARCHER6,transfer_convnext_tiny_40.6_SEARCHER61,ensemble_voting_summary_00-00.csv
Ensemble_Accuracy_Delta_vs_AvgFold,1.0,3.5,-0.0105263157894737,TRUE,,-0.0105,ensemble_voting,SEARCHER9,transfer_convnext_tiny_40.9_SEARCHER91,ensemble_voting_summary_00-00.csv
Ensemble_Accuracy_Delta_vs_AvgFold,1.5,2.0,-0.0298245614035088,TRUE,,-0.0298,ensemble_voting,SEARCHER1,transfer_convnext_tiny_40.1_SEARCHER12,ensemble_voting_summary_00-00.csv
Ensemble_Accuracy_Delta_vs_AvgFold,1.5,2.5,-0.0473684210526316,TRUE,,-0.0474,ensemble_voting,SEARCHER4,transfer_convnext_tiny_40.4_SEARCHER41,ensemble_voting_summary_00-00.csv
Ensemble_Accuracy_Delta_vs_AvgFold,1.5,3.0,-0.0438596491228069,TRUE,,-0.0439,ensemble_voting,SEARCHER7,transfer_convnext_tiny_40.7_SEARCHER71,ensemble_voting_summary_00-00.csv
Ensemble_Accuracy_Delta_vs_AvgFold,1.5,3.5,-0.1298245614035087,TRUE,,-0.1298,ensemble_voting,SEARCHER10,transfer_convnext_tiny_41.0_SEARCHER101,ensemble_voting_summary_00-00.csv
Ensemble_Accuracy_Delta_vs_AvgFold,2.0,2.0,-0.0192982456140351,TRUE,,-0.0193,ensemble_voting,SEARCHER2,transfer_convnext_tiny_40.2_SEARCHER21,ensemble_voting_summary_00-00.csv
Ensemble_Accuracy_Delta_vs_AvgFold,2.0,2.5,-0.0526315789473683,TRUE,,-0.0526,ensemble_voting,SEARCHER5,transfer_convnext_tiny_40.5_SEARCHER51,ensemble_voting_summary_00-00.csv
Ensemble_Accuracy_Delta_vs_AvgFold,2.0,3.0,-0.0824561403508771,TRUE,,-0.0825,ensemble_voting,SEARCHER8,transfer_convnext_tiny_40.8_SEARCHER81,ensemble_voting_summary_00-00.csv
Ensemble_Accuracy_Delta_vs_AvgFold,2.0,3.5,-0.1526315789473683,TRUE,,-0.1526,ensemble_voting,SEARCHER11,transfer_convnext_tiny_41.1_SEARCHER111,ensemble_voting_summary_00-00.csv
Ensemble_Change_From_Any_Flagged_Rate_%,1.0,2.0,0.8771929824561403,FALSE,,0.8772,ensemble_voting,SEARCHER,transfer_convnext_tiny_38.0_SEARCHER,ensemble_voting_summary_00-00.csv
Ensemble_Change_From_Any_Flagged_Rate_%,1.0,2.5,0.8771929824561403,FALSE,,0.8772,ensemble_voting,SEARCHER3,transfer_convnext_tiny_38.3_SEARCHER3,ensemble_voting_summary_00-00.csv
Ensemble_Change_From_Any_Flagged_Rate_%,1.0,3.0,2.631578947368421,FALSE,,2.6316,ensemble_voting,SEARCHER6,transfer_convnext_tiny_38.6_SEARCHER6,ensemble_voting_summary_00-00.csv
Ensemble_Change_From_Any_Flagged_Rate_%,1.0,3.5,0.8771929824561403,FALSE,,0.8772,ensemble_voting,SEARCHER9,transfer_convnext_tiny_38.9_SEARCHER9,ensemble_voting_summary_00-00.csv
Ensemble_Change_From_Any_Flagged_Rate_%,1.5,2.0,0.8771929824561403,FALSE,,0.8772,ensemble_voting,SEARCHER1,transfer_convnext_tiny_38.1_SEARCHER1,ensemble_voting_summary_00-00.csv
Ensemble_Change_From_Any_Flagged_Rate_%,1.5,2.5,0.0,FALSE,,0.0000,ensemble_voting,SEARCHER4,transfer_convnext_tiny_38.4_SEARCHER4,ensemble_voting_summary_00-00.csv
Ensemble_Change_From_Any_Flagged_Rate_%,1.5,3.0,3.508771929824561,FALSE,,3.5088,ensemble_voting,SEARCHER7,transfer_convnext_tiny_38.7_SEARCHER7,ensemble_voting_summary_00-00.csv
Ensemble_Change_From_Any_Flagged_Rate_%,1.5,3.5,3.508771929824561,FALSE,,3.5088,ensemble_voting,SEARCHER10,transfer_convnext_tiny_39.0_SEARCHER10,ensemble_voting_summary_00-00.csv
Ensemble_Change_From_Any_Flagged_Rate_%,2.0,2.0,0.8771929824561403,FALSE,,0.8772,ensemble_voting,SEARCHER2,transfer_convnext_tiny_38.2_SEARCHER2,ensemble_voting_summary_00-00.csv
Ensemble_Change_From_Any_Flagged_Rate_%,2.0,2.5,1.7543859649122806,FALSE,,1.7544,ensemble_voting,SEARCHER5,transfer_convnext_tiny_38.5_SEARCHER5,ensemble_voting_summary_00-00.csv
Ensemble_Change_From_Any_Flagged_Rate_%,2.0,3.0,0.8771929824561403,FALSE,,0.8772,ensemble_voting,SEARCHER8,transfer_convnext_tiny_38.8_SEARCHER8,ensemble_voting_summary_00-00.csv
Ensemble_Change_From_Any_Flagged_Rate_%,2.0,3.5,1.7543859649122806,FALSE,,1.7544,ensemble_voting,SEARCHER11,transfer_convnext_tiny_39.1_SEARCHER11,ensemble_voting_summary_00-00.csv
Ensemble_Change_From_Any_Flagged_Rate_%,1.0,2.0,1.7543859649122806,TRUE,,1.7544,ensemble_voting,SEARCHER,transfer_convnext_tiny_40.0_SEARCHER01,ensemble_voting_summary_00-00.csv
Ensemble_Change_From_Any_Flagged_Rate_%,1.0,2.5,0.8771929824561403,TRUE,,0.8772,ensemble_voting,SEARCHER3,transfer_convnext_tiny_40.3_SEARCHER31,ensemble_voting_summary_00-00.csv
Ensemble_Change_From_Any_Flagged_Rate_%,1.0,3.0,0.8771929824561403,TRUE,,0.8772,ensemble_voting,SEARCHER6,transfer_convnext_tiny_40.6_SEARCHER61,ensemble_voting_summary_00-00.csv
Ensemble_Change_From_Any_Flagged_Rate_%,1.0,3.5,1.7543859649122806,TRUE,,1.7544,ensemble_voting,SEARCHER9,transfer_convnext_tiny_40.9_SEARCHER91,ensemble_voting_summary_00-00.csv
Ensemble_Change_From_Any_Flagged_Rate_%,1.5,2.0,0.0,TRUE,,0.0000,ensemble_voting,SEARCHER1,transfer_convnext_tiny_40.1_SEARCHER12,ensemble_voting_summary_00-00.csv
Ensemble_Change_From_Any_Flagged_Rate_%,1.5,2.5,0.8771929824561403,TRUE,,0.8772,ensemble_voting,SEARCHER4,transfer_convnext_tiny_40.4_SEARCHER41,ensemble_voting_summary_00-00.csv
Ensemble_Change_From_Any_Flagged_Rate_%,1.5,3.0,1.7543859649122806,TRUE,,1.7544,ensemble_voting,SEARCHER7,transfer_convnext_tiny_40.7_SEARCHER71,ensemble_voting_summary_00-00.csv
Ensemble_Change_From_Any_Flagged_Rate_%,1.5,3.5,2.631578947368421,TRUE,,2.6316,ensemble_voting,SEARCHER10,transfer_convnext_tiny_41.0_SEARCHER101,ensemble_voting_summary_00-00.csv
Ensemble_Change_From_Any_Flagged_Rate_%,2.0,2.0,0.8771929824561403,TRUE,,0.8772,ensemble_voting,SEARCHER2,transfer_convnext_tiny_40.2_SEARCHER21,ensemble_voting_summary_00-00.csv
Ensemble_Change_From_Any_Flagged_Rate_%,2.0,2.5,2.631578947368421,TRUE,,2.6316,ensemble_voting,SEARCHER5,transfer_convnext_tiny_40.5_SEARCHER51,ensemble_voting_summary_00-00.csv
Ensemble_Change_From_Any_Flagged_Rate_%,2.0,3.0,2.631578947368421,TRUE,,2.6316,ensemble_voting,SEARCHER8,transfer_convnext_tiny_40.8_SEARCHER81,ensemble_voting_summary_00-00.csv
Ensemble_Change_From_Any_Flagged_Rate_%,2.0,3.5,4.385964912280701,TRUE,,4.3860,ensemble_voting,SEARCHER11,transfer_convnext_tiny_41.1_SEARCHER111,ensemble_voting_summary_00-00.csv
Ensemble_Change_From_Majority_Vote_Rate_%,1.0,2.0,4.385964912280701,FALSE,,4.3860,ensemble_voting,SEARCHER,transfer_convnext_tiny_38.0_SEARCHER,ensemble_voting_summary_00-00.csv
Ensemble_Change_From_Majority_Vote_Rate_%,1.0,2.5,7.017543859649122,FALSE,,7.0175,ensemble_voting,SEARCHER3,transfer_convnext_tiny_38.3_SEARCHER3,ensemble_voting_summary_00-00.csv
Ensemble_Change_From_Majority_Vote_Rate_%,1.0,3.0,10.526315789473683,FALSE,,10.5263,ensemble_voting,SEARCHER6,transfer_convnext_tiny_38.6_SEARCHER6,ensemble_voting_summary_00-00.csv
Ensemble_Change_From_Majority_Vote_Rate_%,1.0,3.5,5.263157894736842,FALSE,,5.2632,ensemble_voting,SEARCHER9,transfer_convnext_tiny_38.9_SEARCHER9,ensemble_voting_summary_00-00.csv
Ensemble_Change_From_Majority_Vote_Rate_%,1.5,2.0,5.263157894736842,FALSE,,5.2632,ensemble_voting,SEARCHER1,transfer_convnext_tiny_38.1_SEARCHER1,ensemble_voting_summary_00-00.csv
Ensemble_Change_From_Majority_Vote_Rate_%,1.5,2.5,3.508771929824561,FALSE,,3.5088,ensemble_voting,SEARCHER4,transfer_convnext_tiny_38.4_SEARCHER4,ensemble_voting_summary_00-00.csv
Ensemble_Change_From_Majority_Vote_Rate_%,1.5,3.0,7.894736842105263,FALSE,,7.8947,ensemble_voting,SEARCHER7,transfer_convnext_tiny_38.7_SEARCHER7,ensemble_voting_summary_00-00.csv
Ensemble_Change_From_Majority_Vote_Rate_%,1.5,3.5,10.526315789473683,FALSE,,10.5263,ensemble_voting,SEARCHER10,transfer_convnext_tiny_39.0_SEARCHER10,ensemble_voting_summary_00-00.csv
Ensemble_Change_From_Majority_Vote_Rate_%,2.0,2.0,7.017543859649122,FALSE,,7.0175,ensemble_voting,SEARCHER2,transfer_convnext_tiny_38.2_SEARCHER2,ensemble_voting_summary_00-00.csv
Ensemble_Change_From_Majority_Vote_Rate_%,2.0,2.5,9.649122807017545,FALSE,,9.6491,ensemble_voting,SEARCHER5,transfer_convnext_tiny_38.5_SEARCHER5,ensemble_voting_summary_00-00.csv
Ensemble_Change_From_Majority_Vote_Rate_%,2.0,3.0,7.894736842105263,FALSE,,7.8947,ensemble_voting,SEARCHER8,transfer_convnext_tiny_38.8_SEARCHER8,ensemble_voting_summary_00-00.csv
Ensemble_Change_From_Majority_Vote_Rate_%,2.0,3.5,21.052631578947366,FALSE,,21.0526,ensemble_voting,SEARCHER11,transfer_convnext_tiny_39.1_SEARCHER11,ensemble_voting_summary_00-00.csv
Ensemble_Change_From_Majority_Vote_Rate_%,1.0,2.0,8.771929824561402,TRUE,,8.7719,ensemble_voting,SEARCHER,transfer_convnext_tiny_40.0_SEARCHER01,ensemble_voting_summary_00-00.csv
Ensemble_Change_From_Majority_Vote_Rate_%,1.0,2.5,5.263157894736842,TRUE,,5.2632,ensemble_voting,SEARCHER3,transfer_convnext_tiny_40.3_SEARCHER31,ensemble_voting_summary_00-00.csv
Ensemble_Change_From_Majority_Vote_Rate_%,1.0,3.0,7.017543859649122,TRUE,,7.0175,ensemble_voting,SEARCHER6,transfer_convnext_tiny_40.6_SEARCHER61,ensemble_voting_summary_00-00.csv
Ensemble_Change_From_Majority_Vote_Rate_%,1.0,3.5,5.263157894736842,TRUE,,5.2632,ensemble_voting,SEARCHER9,transfer_convnext_tiny_40.9_SEARCHER91,ensemble_voting_summary_00-00.csv
Ensemble_Change_From_Majority_Vote_Rate_%,1.5,2.0,7.894736842105263,TRUE,,7.8947,ensemble_voting,SEARCHER1,transfer_convnext_tiny_40.1_SEARCHER12,ensemble_voting_summary_00-00.csv
Ensemble_Change_From_Majority_Vote_Rate_%,1.5,2.5,8.771929824561402,TRUE,,8.7719,ensemble_voting,SEARCHER4,transfer_convnext_tiny_40.4_SEARCHER41,ensemble_voting_summary_00-00.csv
Ensemble_Change_From_Majority_Vote_Rate_%,1.5,3.0,7.017543859649122,TRUE,,7.0175,ensemble_voting,SEARCHER7,transfer_convnext_tiny_40.7_SEARCHER71,ensemble_voting_summary_00-00.csv
Ensemble_Change_From_Majority_Vote_Rate_%,1.5,3.5,15.789473684210526,TRUE,,15.7895,ensemble_voting,SEARCHER10,transfer_convnext_tiny_41.0_SEARCHER101,ensemble_voting_summary_00-00.csv
Ensemble_Change_From_Majority_Vote_Rate_%,2.0,2.0,7.017543859649122,TRUE,,7.0175,ensemble_voting,SEARCHER2,transfer_convnext_tiny_40.2_SEARCHER21,ensemble_voting_summary_00-00.csv
Ensemble_Change_From_Majority_Vote_Rate_%,2.0,2.5,9.649122807017545,TRUE,,9.6491,ensemble_voting,SEARCHER5,transfer_convnext_tiny_40.5_SEARCHER51,ensemble_voting_summary_00-00.csv
Ensemble_Change_From_Majority_Vote_Rate_%,2.0,3.0,12.280701754385964,TRUE,,12.2807,ensemble_voting,SEARCHER8,transfer_convnext_tiny_40.8_SEARCHER81,ensemble_voting_summary_00-00.csv
Ensemble_Change_From_Majority_Vote_Rate_%,2.0,3.5,20.175438596491222,TRUE,,20.1754,ensemble_voting,SEARCHER11,transfer_convnext_tiny_41.1_SEARCHER111,ensemble_voting_summary_00-00.csv
Ensemble_PR_AUC_(Max_Prob),1.0,2.0,0.9830573356724368,FALSE,,0.9831,ensemble_voting,SEARCHER,transfer_convnext_tiny_38.0_SEARCHER,ensemble_voting_summary_00-00.csv
Ensemble_PR_AUC_(Max_Prob),1.0,2.5,0.9763574596848236,FALSE,,0.9764,ensemble_voting,SEARCHER3,transfer_convnext_tiny_38.3_SEARCHER3,ensemble_voting_summary_00-00.csv
Ensemble_PR_AUC_(Max_Prob),1.0,3.0,0.979740935861824,FALSE,,0.9797,ensemble_voting,SEARCHER6,transfer_convnext_tiny_38.6_SEARCHER6,ensemble_voting_summary_00-00.csv
Ensemble_PR_AUC_(Max_Prob),1.0,3.5,0.9680827064005058,FALSE,,0.9681,ensemble_voting,SEARCHER9,transfer_convnext_tiny_38.9_SEARCHER9,ensemble_voting_summary_00-00.csv
Ensemble_PR_AUC_(Max_Prob),1.5,2.0,0.9752261927806312,FALSE,,0.9752,ensemble_voting,SEARCHER1,transfer_convnext_tiny_38.1_SEARCHER1,ensemble_voting_summary_00-00.csv
Ensemble_PR_AUC_(Max_Prob),1.5,2.5,0.9790449911950632,FALSE,,0.9790,ensemble_voting,SEARCHER4,transfer_convnext_tiny_38.4_SEARCHER4,ensemble_voting_summary_00-00.csv
Ensemble_PR_AUC_(Max_Prob),1.5,3.0,0.981577072070266,FALSE,,0.9816,ensemble_voting,SEARCHER7,transfer_convnext_tiny_38.7_SEARCHER7,ensemble_voting_summary_00-00.csv
Ensemble_PR_AUC_(Max_Prob),1.5,3.5,0.9744264307161496,FALSE,,0.9744,ensemble_voting,SEARCHER10,transfer_convnext_tiny_39.0_SEARCHER10,ensemble_voting_summary_00-00.csv
Ensemble_PR_AUC_(Max_Prob),2.0,2.0,0.9793025441208312,FALSE,,0.9793,ensemble_voting,SEARCHER2,transfer_convnext_tiny_38.2_SEARCHER2,ensemble_voting_summary_00-00.csv
Ensemble_PR_AUC_(Max_Prob),2.0,2.5,0.9743089137918431,FALSE,,0.9743,ensemble_voting,SEARCHER5,transfer_convnext_tiny_38.5_SEARCHER5,ensemble_voting_summary_00-00.csv
Ensemble_PR_AUC_(Max_Prob),2.0,3.0,0.9777137785777792,FALSE,,0.9777,ensemble_voting,SEARCHER8,transfer_convnext_tiny_38.8_SEARCHER8,ensemble_voting_summary_00-00.csv
Ensemble_PR_AUC_(Max_Prob),2.0,3.5,0.971551134815256,FALSE,,0.9716,ensemble_voting,SEARCHER11,transfer_convnext_tiny_39.1_SEARCHER11,ensemble_voting_summary_00-00.csv
Ensemble_PR_AUC_(Max_Prob),1.0,2.0,0.9755217819154958,TRUE,,0.9755,ensemble_voting,SEARCHER,transfer_convnext_tiny_40.0_SEARCHER01,ensemble_voting_summary_00-00.csv
Ensemble_PR_AUC_(Max_Prob),1.0,2.5,0.9697559741881104,TRUE,,0.9698,ensemble_voting,SEARCHER3,transfer_convnext_tiny_40.3_SEARCHER31,ensemble_voting_summary_00-00.csv
Ensemble_PR_AUC_(Max_Prob),1.0,3.0,0.9723068935720852,TRUE,,0.9723,ensemble_voting,SEARCHER6,transfer_convnext_tiny_40.6_SEARCHER61,ensemble_voting_summary_00-00.csv
Ensemble_PR_AUC_(Max_Prob),1.0,3.5,0.9763083536993082,TRUE,,0.9763,ensemble_voting,SEARCHER9,transfer_convnext_tiny_40.9_SEARCHER91,ensemble_voting_summary_00-00.csv
Ensemble_PR_AUC_(Max_Prob),1.5,2.0,0.978571100644418,TRUE,,0.9786,ensemble_voting,SEARCHER1,transfer_convnext_tiny_40.1_SEARCHER12,ensemble_voting_summary_00-00.csv
Ensemble_PR_AUC_(Max_Prob),1.5,2.5,0.9740847983251656,TRUE,,0.9741,ensemble_voting,SEARCHER4,transfer_convnext_tiny_40.4_SEARCHER41,ensemble_voting_summary_00-00.csv
Ensemble_PR_AUC_(Max_Prob),1.5,3.0,0.9784800839627774,TRUE,,0.9785,ensemble_voting,SEARCHER7,transfer_convnext_tiny_40.7_SEARCHER71,ensemble_voting_summary_00-00.csv
Ensemble_PR_AUC_(Max_Prob),1.5,3.5,0.9745098668463484,TRUE,,0.9745,ensemble_voting,SEARCHER10,transfer_convnext_tiny_41.0_SEARCHER101,ensemble_voting_summary_00-00.csv
Ensemble_PR_AUC_(Max_Prob),2.0,2.0,0.9773396125103546,TRUE,,0.9773,ensemble_voting,SEARCHER2,transfer_convnext_tiny_40.2_SEARCHER21,ensemble_voting_summary_00-00.csv
Ensemble_PR_AUC_(Max_Prob),2.0,2.5,0.9743792200706668,TRUE,,0.9744,ensemble_voting,SEARCHER5,transfer_convnext_tiny_40.5_SEARCHER51,ensemble_voting_summary_00-00.csv
Ensemble_PR_AUC_(Max_Prob),2.0,3.0,0.9806187295645844,TRUE,,0.9806,ensemble_voting,SEARCHER8,transfer_convnext_tiny_40.8_SEARCHER81,ensemble_voting_summary_00-00.csv
Ensemble_PR_AUC_(Max_Prob),2.0,3.5,0.9758813914969692,TRUE,,0.9759,ensemble_voting,SEARCHER11,transfer_convnext_tiny_41.1_SEARCHER111,ensemble_voting_summary_00-00.csv
Ensemble_PR_AUC_(Mean_Prob),1.0,2.0,0.97970418030331,FALSE,,0.9797,ensemble_voting,SEARCHER,transfer_convnext_tiny_38.0_SEARCHER,ensemble_voting_summary_00-00.csv
Ensemble_PR_AUC_(Mean_Prob),1.0,2.5,0.9773576436031596,FALSE,,0.9774,ensemble_voting,SEARCHER3,transfer_convnext_tiny_38.3_SEARCHER3,ensemble_voting_summary_00-00.csv
Ensemble_PR_AUC_(Mean_Prob),1.0,3.0,0.9802474301864774,FALSE,,0.9802,ensemble_voting,SEARCHER6,transfer_convnext_tiny_38.6_SEARCHER6,ensemble_voting_summary_00-00.csv
Ensemble_PR_AUC_(Mean_Prob),1.0,3.5,0.9722277920162612,FALSE,,0.9722,ensemble_voting,SEARCHER9,transfer_convnext_tiny_38.9_SEARCHER9,ensemble_voting_summary_00-00.csv
Ensemble_PR_AUC_(Mean_Prob),1.5,2.0,0.9787491403808664,FALSE,,0.9787,ensemble_voting,SEARCHER1,transfer_convnext_tiny_38.1_SEARCHER1,ensemble_voting_summary_00-00.csv
Ensemble_PR_AUC_(Mean_Prob),1.5,2.5,0.9789587384894975,FALSE,,0.9790,ensemble_voting,SEARCHER4,transfer_convnext_tiny_38.4_SEARCHER4,ensemble_voting_summary_00-00.csv
Ensemble_PR_AUC_(Mean_Prob),1.5,3.0,0.9811105547433644,FALSE,,0.9811,ensemble_voting,SEARCHER7,transfer_convnext_tiny_38.7_SEARCHER7,ensemble_voting_summary_00-00.csv
Ensemble_PR_AUC_(Mean_Prob),1.5,3.5,0.9756938812824868,FALSE,,0.9757,ensemble_voting,SEARCHER10,transfer_convnext_tiny_39.0_SEARCHER10,ensemble_voting_summary_00-00.csv
Ensemble_PR_AUC_(Mean_Prob),2.0,2.0,0.9791940543383412,FALSE,,0.9792,ensemble_voting,SEARCHER2,transfer_convnext_tiny_38.2_SEARCHER2,ensemble_voting_summary_00-00.csv
Ensemble_PR_AUC_(Mean_Prob),2.0,2.5,0.9763382070195183,FALSE,,0.9763,ensemble_voting,SEARCHER5,transfer_convnext_tiny_38.5_SEARCHER5,ensemble_voting_summary_00-00.csv
Ensemble_PR_AUC_(Mean_Prob),2.0,3.0,0.976118682094952,FALSE,,0.9761,ensemble_voting,SEARCHER8,transfer_convnext_tiny_38.8_SEARCHER8,ensemble_voting_summary_00-00.csv
Ensemble_PR_AUC_(Mean_Prob),2.0,3.5,0.9747129436457108,FALSE,,0.9747,ensemble_voting,SEARCHER11,transfer_convnext_tiny_39.1_SEARCHER11,ensemble_voting_summary_00-00.csv
Ensemble_PR_AUC_(Mean_Prob),1.0,2.0,0.9786976401884916,TRUE,,0.9787,ensemble_voting,SEARCHER,transfer_convnext_tiny_40.0_SEARCHER01,ensemble_voting_summary_00-00.csv
Ensemble_PR_AUC_(Mean_Prob),1.0,2.5,0.9773980841283628,TRUE,,0.9774,ensemble_voting,SEARCHER3,transfer_convnext_tiny_40.3_SEARCHER31,ensemble_voting_summary_00-00.csv
Ensemble_PR_AUC_(Mean_Prob),1.0,3.0,0.9759015424247056,TRUE,,0.9759,ensemble_voting,SEARCHER6,transfer_convnext_tiny_40.6_SEARCHER61,ensemble_voting_summary_00-00.csv
Ensemble_PR_AUC_(Mean_Prob),1.0,3.5,0.9758701945019124,TRUE,,0.9759,ensemble_voting,SEARCHER9,transfer_convnext_tiny_40.9_SEARCHER91,ensemble_voting_summary_00-00.csv
Ensemble_PR_AUC_(Mean_Prob),1.5,2.0,0.979790092033246,TRUE,,0.9798,ensemble_voting,SEARCHER1,transfer_convnext_tiny_40.1_SEARCHER12,ensemble_voting_summary_00-00.csv
Ensemble_PR_AUC_(Mean_Prob),1.5,2.5,0.978751641024144,TRUE,,0.9788,ensemble_voting,SEARCHER4,transfer_convnext_tiny_40.4_SEARCHER41,ensemble_voting_summary_00-00.csv
Ensemble_PR_AUC_(Mean_Prob),1.5,3.0,0.9801297649803856,TRUE,,0.9801,ensemble_voting,SEARCHER7,transfer_convnext_tiny_40.7_SEARCHER71,ensemble_voting_summary_00-00.csv
Ensemble_PR_AUC_(Mean_Prob),1.5,3.5,0.9771702892417716,TRUE,,0.9772,ensemble_voting,SEARCHER10,transfer_convnext_tiny_41.0_SEARCHER101,ensemble_voting_summary_00-00.csv
Ensemble_PR_AUC_(Mean_Prob),2.0,2.0,0.9790631678909778,TRUE,,0.9791,ensemble_voting,SEARCHER2,transfer_convnext_tiny_40.2_SEARCHER21,ensemble_voting_summary_00-00.csv
Ensemble_PR_AUC_(Mean_Prob),2.0,2.5,0.9750889524200956,TRUE,,0.9751,ensemble_voting,SEARCHER5,transfer_convnext_tiny_40.5_SEARCHER51,ensemble_voting_summary_00-00.csv
Ensemble_PR_AUC_(Mean_Prob),2.0,3.0,0.9773416307980064,TRUE,,0.9773,ensemble_voting,SEARCHER8,transfer_convnext_tiny_40.8_SEARCHER81,ensemble_voting_summary_00-00.csv
Ensemble_PR_AUC_(Mean_Prob),2.0,3.5,0.9747395223056134,TRUE,,0.9747,ensemble_voting,SEARCHER11,transfer_convnext_tiny_41.1_SEARCHER111,ensemble_voting_summary_00-00.csv
Ensemble_Precision_Delta_vs_AvgFold,1.0,2.0,-0.0333568738229757,FALSE,,-0.0334,ensemble_voting,SEARCHER,transfer_convnext_tiny_38.0_SEARCHER,ensemble_voting_summary_00-00.csv
Ensemble_Precision_Delta_vs_AvgFold,1.0,2.5,-0.0639445858435705,FALSE,,-0.0639,ensemble_voting,SEARCHER3,transfer_convnext_tiny_38.3_SEARCHER3,ensemble_voting_summary_00-00.csv
Ensemble_Precision_Delta_vs_AvgFold,1.0,3.0,-0.1282419149879371,FALSE,,-0.1282,ensemble_voting,SEARCHER6,transfer_convnext_tiny_38.6_SEARCHER6,ensemble_voting_summary_00-00.csv
Ensemble_Precision_Delta_vs_AvgFold,1.0,3.5,-0.0752951622010721,FALSE,,-0.0753,ensemble_voting,SEARCHER9,transfer_convnext_tiny_38.9_SEARCHER9,ensemble_voting_summary_00-00.csv
Ensemble_Precision_Delta_vs_AvgFold,1.5,2.0,-0.0729300868050663,FALSE,,-0.0729,ensemble_voting,SEARCHER1,transfer_convnext_tiny_38.1_SEARCHER1,ensemble_voting_summary_00-00.csv
Ensemble_Precision_Delta_vs_AvgFold,1.5,2.5,-0.0460786816964103,FALSE,,-0.0461,ensemble_voting,SEARCHER4,transfer_convnext_tiny_38.4_SEARCHER4,ensemble_voting_summary_00-00.csv
Ensemble_Precision_Delta_vs_AvgFold,1.5,3.0,-0.0961813505438862,FALSE,,-0.0962,ensemble_voting,SEARCHER7,transfer_convnext_tiny_38.7_SEARCHER7,ensemble_voting_summary_00-00.csv
Ensemble_Precision_Delta_vs_AvgFold,1.5,3.5,-0.107088122605364,FALSE,,-0.1071,ensemble_voting,SEARCHER10,transfer_convnext_tiny_39.0_SEARCHER10,ensemble_voting_summary_00-00.csv
Ensemble_Precision_Delta_vs_AvgFold,2.0,2.0,-0.0895455247065909,FALSE,,-0.0895,ensemble_voting,SEARCHER2,transfer_convnext_tiny_38.2_SEARCHER2,ensemble_voting_summary_00-00.csv
Ensemble_Precision_Delta_vs_AvgFold,2.0,2.5,-0.0923690744748177,FALSE,,-0.0924,ensemble_voting,SEARCHER5,transfer_convnext_tiny_38.5_SEARCHER5,ensemble_voting_summary_00-00.csv
Ensemble_Precision_Delta_vs_AvgFold,2.0,3.0,-0.0915513314602376,FALSE,,-0.0916,ensemble_voting,SEARCHER8,transfer_convnext_tiny_38.8_SEARCHER8,ensemble_voting_summary_00-00.csv
Ensemble_Precision_Delta_vs_AvgFold,2.0,3.5,-0.1747159192981296,FALSE,,-0.1747,ensemble_voting,SEARCHER11,transfer_convnext_tiny_39.1_SEARCHER11,ensemble_voting_summary_00-00.csv
Ensemble_Precision_Delta_vs_AvgFold,1.0,2.0,-0.0831118180065546,TRUE,,-0.0831,ensemble_voting,SEARCHER,transfer_convnext_tiny_40.0_SEARCHER01,ensemble_voting_summary_00-00.csv
Ensemble_Precision_Delta_vs_AvgFold,1.0,2.5,-0.0452169178474473,TRUE,,-0.0452,ensemble_voting,SEARCHER3,transfer_convnext_tiny_40.3_SEARCHER31,ensemble_voting_summary_00-00.csv
Ensemble_Precision_Delta_vs_AvgFold,1.0,3.0,-0.0898406009378338,TRUE,,-0.0898,ensemble_voting,SEARCHER6,transfer_convnext_tiny_40.6_SEARCHER61,ensemble_voting_summary_00-00.csv
Ensemble_Precision_Delta_vs_AvgFold,1.0,3.5,-0.0678748831127085,TRUE,,-0.0679,ensemble_voting,SEARCHER9,transfer_convnext_tiny_40.9_SEARCHER91,ensemble_voting_summary_00-00.csv
Ensemble_Precision_Delta_vs_AvgFold,1.5,2.0,-0.0842190786306159,TRUE,,-0.0842,ensemble_voting,SEARCHER1,transfer_convnext_tiny_40.1_SEARCHER12,ensemble_voting_summary_00-00.csv
Ensemble_Precision_Delta_vs_AvgFold,1.5,2.5,-0.0960255107513672,TRUE,,-0.0960,ensemble_voting,SEARCHER4,transfer_convnext_tiny_40.4_SEARCHER41,ensemble_voting_summary_00-00.csv
Ensemble_Precision_Delta_vs_AvgFold,1.5,3.0,-0.086702698062506,TRUE,,-0.0867,ensemble_voting,SEARCHER7,transfer_convnext_tiny_40.7_SEARCHER71,ensemble_voting_summary_00-00.csv
Ensemble_Precision_Delta_vs_AvgFold,1.5,3.5,-0.1601077986297402,TRUE,,-0.1601,ensemble_voting,SEARCHER10,transfer_convnext_tiny_41.0_SEARCHER101,ensemble_voting_summary_00-00.csv
Ensemble_Precision_Delta_vs_AvgFold,2.0,2.0,-0.0598856701997618,TRUE,,-0.0599,ensemble_voting,SEARCHER2,transfer_convnext_tiny_40.2_SEARCHER21,ensemble_voting_summary_00-00.csv
Ensemble_Precision_Delta_vs_AvgFold,2.0,2.5,-0.0987874566482376,TRUE,,-0.0988,ensemble_voting,SEARCHER5,transfer_convnext_tiny_40.5_SEARCHER51,ensemble_voting_summary_00-00.csv
Ensemble_Precision_Delta_vs_AvgFold,2.0,3.0,-0.1178179238560594,TRUE,,-0.1178,ensemble_voting,SEARCHER8,transfer_convnext_tiny_40.8_SEARCHER81,ensemble_voting_summary_00-00.csv
Ensemble_Precision_Delta_vs_AvgFold,2.0,3.5,-0.1743927617880434,TRUE,,-0.1744,ensemble_voting,SEARCHER11,transfer_convnext_tiny_41.1_SEARCHER111,ensemble_voting_summary_00-00.csv
Ensemble_ROC_AUC_(Max_Prob),1.0,2.0,0.981686672822407,FALSE,,0.9817,ensemble_voting,SEARCHER,transfer_convnext_tiny_38.0_SEARCHER,ensemble_voting_summary_00-00.csv
Ensemble_ROC_AUC_(Max_Prob),1.0,2.5,0.9732225300092336,FALSE,,0.9732,ensemble_voting,SEARCHER3,transfer_convnext_tiny_38.3_SEARCHER3,ensemble_voting_summary_00-00.csv
Ensemble_ROC_AUC_(Max_Prob),1.0,3.0,0.9763004001231148,FALSE,,0.9763,ensemble_voting,SEARCHER6,transfer_convnext_tiny_38.6_SEARCHER6,ensemble_voting_summary_00-00.csv
Ensemble_ROC_AUC_(Max_Prob),1.0,3.5,0.963527239150508,FALSE,,0.9635,ensemble_voting,SEARCHER9,transfer_convnext_tiny_38.9_SEARCHER9,ensemble_voting_summary_00-00.csv
Ensemble_ROC_AUC_(Max_Prob),1.5,2.0,0.9713758079409048,FALSE,,0.9714,ensemble_voting,SEARCHER1,transfer_convnext_tiny_38.1_SEARCHER1,ensemble_voting_summary_00-00.csv
Ensemble_ROC_AUC_(Max_Prob),1.5,2.5,0.9753770390889503,FALSE,,0.9754,ensemble_voting,SEARCHER4,transfer_convnext_tiny_38.4_SEARCHER4,ensemble_voting_summary_00-00.csv
Ensemble_ROC_AUC_(Max_Prob),1.5,3.0,0.979070483225608,FALSE,,0.9791,ensemble_voting,SEARCHER7,transfer_convnext_tiny_38.7_SEARCHER7,ensemble_voting_summary_00-00.csv
Ensemble_ROC_AUC_(Max_Prob),1.5,3.5,0.9701446598953524,FALSE,,0.9701,ensemble_voting,SEARCHER10,transfer_convnext_tiny_39.0_SEARCHER10,ensemble_voting_summary_00-00.csv
Ensemble_ROC_AUC_(Max_Prob),2.0,2.0,0.9766081871345028,FALSE,,0.9766,ensemble_voting,SEARCHER2,transfer_convnext_tiny_38.2_SEARCHER2,ensemble_voting_summary_00-00.csv
Ensemble_ROC_AUC_(Max_Prob),2.0,2.5,0.9704524469067406,FALSE,,0.9705,ensemble_voting,SEARCHER5,transfer_convnext_tiny_38.5_SEARCHER5,ensemble_voting_summary_00-00.csv
Ensemble_ROC_AUC_(Max_Prob),2.0,3.0,0.9727608494921516,FALSE,,0.9728,ensemble_voting,SEARCHER8,transfer_convnext_tiny_38.8_SEARCHER8,ensemble_voting_summary_00-00.csv
Ensemble_ROC_AUC_(Max_Prob),2.0,3.5,0.966451215758695,FALSE,,0.9665,ensemble_voting,SEARCHER11,transfer_convnext_tiny_39.1_SEARCHER11,ensemble_voting_summary_00-00.csv
Ensemble_ROC_AUC_(Max_Prob),1.0,2.0,0.9713758079409048,TRUE,,0.9714,ensemble_voting,SEARCHER,transfer_convnext_tiny_40.0_SEARCHER01,ensemble_voting_summary_00-00.csv
Ensemble_ROC_AUC_(Max_Prob),1.0,2.5,0.9662973222530008,TRUE,,0.9663,ensemble_voting,SEARCHER3,transfer_convnext_tiny_40.3_SEARCHER31,ensemble_voting_summary_00-00.csv
Ensemble_ROC_AUC_(Max_Prob),1.0,3.0,0.9686057248384118,TRUE,,0.9686,ensemble_voting,SEARCHER6,transfer_convnext_tiny_40.6_SEARCHER61,ensemble_voting_summary_00-00.csv
Ensemble_ROC_AUC_(Max_Prob),1.0,3.5,0.9735303170206218,TRUE,,0.9735,ensemble_voting,SEARCHER9,transfer_convnext_tiny_40.9_SEARCHER91,ensemble_voting_summary_00-00.csv
Ensemble_ROC_AUC_(Max_Prob),1.5,2.0,0.9750692520775625,TRUE,,0.9751,ensemble_voting,SEARCHER1,transfer_convnext_tiny_40.1_SEARCHER12,ensemble_voting_summary_00-00.csv
Ensemble_ROC_AUC_(Max_Prob),1.5,2.5,0.9658356417359188,TRUE,,0.9658,ensemble_voting,SEARCHER4,transfer_convnext_tiny_40.4_SEARCHER41,ensemble_voting_summary_00-00.csv
Ensemble_ROC_AUC_(Max_Prob),1.5,3.0,0.9759926131117268,TRUE,,0.9760,ensemble_voting,SEARCHER7,transfer_convnext_tiny_40.7_SEARCHER71,ensemble_voting_summary_00-00.csv
Ensemble_ROC_AUC_(Max_Prob),1.5,3.5,0.969375192366882,TRUE,,0.9694,ensemble_voting,SEARCHER10,transfer_convnext_tiny_41.0_SEARCHER101,ensemble_voting_summary_00-00.csv
Ensemble_ROC_AUC_(Max_Prob),2.0,2.0,0.9736842105263156,TRUE,,0.9737,ensemble_voting,SEARCHER2,transfer_convnext_tiny_40.2_SEARCHER21,ensemble_voting_summary_00-00.csv
Ensemble_ROC_AUC_(Max_Prob),2.0,2.5,0.9710680209295168,TRUE,,0.9711,ensemble_voting,SEARCHER5,transfer_convnext_tiny_40.5_SEARCHER51,ensemble_voting_summary_00-00.csv
Ensemble_ROC_AUC_(Max_Prob),2.0,3.0,0.9781471221914436,TRUE,,0.9781,ensemble_voting,SEARCHER8,transfer_convnext_tiny_40.8_SEARCHER81,ensemble_voting_summary_00-00.csv
Ensemble_ROC_AUC_(Max_Prob),2.0,3.5,0.9722991689750692,TRUE,,0.9723,ensemble_voting,SEARCHER11,transfer_convnext_tiny_41.1_SEARCHER111,ensemble_voting_summary_00-00.csv
Ensemble_ROC_AUC_(Mean_Prob),1.0,2.0,0.976915974145891,FALSE,,0.9769,ensemble_voting,SEARCHER,transfer_convnext_tiny_38.0_SEARCHER,ensemble_voting_summary_00-00.csv
Ensemble_ROC_AUC_(Mean_Prob),1.0,2.5,0.974453678054786,FALSE,,0.9745,ensemble_voting,SEARCHER3,transfer_convnext_tiny_38.3_SEARCHER3,ensemble_voting_summary_00-00.csv
Ensemble_ROC_AUC_(Mean_Prob),1.0,3.0,0.9759926131117266,FALSE,,0.9760,ensemble_voting,SEARCHER6,transfer_convnext_tiny_38.6_SEARCHER6,ensemble_voting_summary_00-00.csv
Ensemble_ROC_AUC_(Mean_Prob),1.0,3.5,0.9661434287473069,FALSE,,0.9661,ensemble_voting,SEARCHER9,transfer_convnext_tiny_38.9_SEARCHER9,ensemble_voting_summary_00-00.csv
Ensemble_ROC_AUC_(Mean_Prob),1.5,2.0,0.9750692520775625,FALSE,,0.9751,ensemble_voting,SEARCHER1,transfer_convnext_tiny_38.1_SEARCHER1,ensemble_voting_summary_00-00.csv
Ensemble_ROC_AUC_(Mean_Prob),1.5,2.5,0.9753770390889503,FALSE,,0.9754,ensemble_voting,SEARCHER4,transfer_convnext_tiny_38.4_SEARCHER4,ensemble_voting_summary_00-00.csv
Ensemble_ROC_AUC_(Mean_Prob),1.5,3.0,0.9784549092028316,FALSE,,0.9785,ensemble_voting,SEARCHER7,transfer_convnext_tiny_38.7_SEARCHER7,ensemble_voting_summary_00-00.csv
Ensemble_ROC_AUC_(Mean_Prob),1.5,3.5,0.971683594952293,FALSE,,0.9717,ensemble_voting,SEARCHER10,transfer_convnext_tiny_39.0_SEARCHER10,ensemble_voting_summary_00-00.csv
Ensemble_ROC_AUC_(Mean_Prob),2.0,2.0,0.9763004001231148,FALSE,,0.9763,ensemble_voting,SEARCHER2,transfer_convnext_tiny_38.2_SEARCHER2,ensemble_voting_summary_00-00.csv
Ensemble_ROC_AUC_(Mean_Prob),2.0,2.5,0.9729147429978456,FALSE,,0.9729,ensemble_voting,SEARCHER5,transfer_convnext_tiny_38.5_SEARCHER5,ensemble_voting_summary_00-00.csv
Ensemble_ROC_AUC_(Mean_Prob),2.0,3.0,0.9719913819636812,FALSE,,0.9720,ensemble_voting,SEARCHER8,transfer_convnext_tiny_38.8_SEARCHER8,ensemble_voting_summary_00-00.csv
Ensemble_ROC_AUC_(Mean_Prob),2.0,3.5,0.9701446598953524,FALSE,,0.9701,ensemble_voting,SEARCHER11,transfer_convnext_tiny_39.1_SEARCHER11,ensemble_voting_summary_00-00.csv
Ensemble_ROC_AUC_(Mean_Prob),1.0,2.0,0.9750692520775622,TRUE,,0.9751,ensemble_voting,SEARCHER,transfer_convnext_tiny_40.0_SEARCHER01,ensemble_voting_summary_00-00.csv
Ensemble_ROC_AUC_(Mean_Prob),1.0,2.5,0.9732225300092336,TRUE,,0.9732,ensemble_voting,SEARCHER3,transfer_convnext_tiny_40.3_SEARCHER31,ensemble_voting_summary_00-00.csv
Ensemble_ROC_AUC_(Mean_Prob),1.0,3.0,0.9722991689750692,TRUE,,0.9723,ensemble_voting,SEARCHER6,transfer_convnext_tiny_40.6_SEARCHER61,ensemble_voting_summary_00-00.csv
Ensemble_ROC_AUC_(Mean_Prob),1.0,3.5,0.9719913819636812,TRUE,,0.9720,ensemble_voting,SEARCHER9,transfer_convnext_tiny_40.9_SEARCHER91,ensemble_voting_summary_00-00.csv
Ensemble_ROC_AUC_(Mean_Prob),1.5,2.0,0.9766081871345028,TRUE,,0.9766,ensemble_voting,SEARCHER1,transfer_convnext_tiny_40.1_SEARCHER12,ensemble_voting_summary_00-00.csv
Ensemble_ROC_AUC_(Mean_Prob),1.5,2.5,0.9753770390889503,TRUE,,0.9754,ensemble_voting,SEARCHER4,transfer_convnext_tiny_40.4_SEARCHER41,ensemble_voting_summary_00-00.csv
Ensemble_ROC_AUC_(Mean_Prob),1.5,3.0,0.9778393351800554,TRUE,,0.9778,ensemble_voting,SEARCHER7,transfer_convnext_tiny_40.7_SEARCHER71,ensemble_voting_summary_00-00.csv
Ensemble_ROC_AUC_(Mean_Prob),1.5,3.5,0.9729147429978454,TRUE,,0.9729,ensemble_voting,SEARCHER10,transfer_convnext_tiny_41.0_SEARCHER101,ensemble_voting_summary_00-00.csv
Ensemble_ROC_AUC_(Mean_Prob),2.0,2.0,0.9763004001231148,TRUE,,0.9763,ensemble_voting,SEARCHER2,transfer_convnext_tiny_40.2_SEARCHER21,ensemble_voting_summary_00-00.csv
Ensemble_ROC_AUC_(Mean_Prob),2.0,2.5,0.9707602339181286,TRUE,,0.9708,ensemble_voting,SEARCHER5,transfer_convnext_tiny_40.5_SEARCHER51,ensemble_voting_summary_00-00.csv
Ensemble_ROC_AUC_(Mean_Prob),2.0,3.0,0.974145891043398,TRUE,,0.9741,ensemble_voting,SEARCHER8,transfer_convnext_tiny_40.8_SEARCHER81,ensemble_voting_summary_00-00.csv
Ensemble_ROC_AUC_(Mean_Prob),2.0,3.5,0.9698368728839644,TRUE,,0.9698,ensemble_voting,SEARCHER11,transfer_convnext_tiny_41.1_SEARCHER111,ensemble_voting_summary_00-00.csv
Ensemble_Recall_Delta_vs_AvgFold,1.0,2.0,0.0561403508771928,FALSE,,0.0561,ensemble_voting,SEARCHER,transfer_convnext_tiny_38.0_SEARCHER,ensemble_voting_summary_00-00.csv
Ensemble_Recall_Delta_vs_AvgFold,1.0,2.5,0.0771929824561403,FALSE,,0.0772,ensemble_voting,SEARCHER3,transfer_convnext_tiny_38.3_SEARCHER3,ensemble_voting_summary_00-00.csv
Ensemble_Recall_Delta_vs_AvgFold,1.0,3.0,0.0456140350877193,FALSE,,0.0456,ensemble_voting,SEARCHER6,transfer_convnext_tiny_38.6_SEARCHER6,ensemble_voting_summary_00-00.csv
Ensemble_Recall_Delta_vs_AvgFold,1.0,3.5,0.0421052631578947,FALSE,,0.0421,ensemble_voting,SEARCHER9,transfer_convnext_tiny_38.9_SEARCHER9,ensemble_voting_summary_00-00.csv
Ensemble_Recall_Delta_vs_AvgFold,1.5,2.0,0.0245614035087718,FALSE,,0.0246,ensemble_voting,SEARCHER1,transfer_convnext_tiny_38.1_SEARCHER1,ensemble_voting_summary_00-00.csv
Ensemble_Recall_Delta_vs_AvgFold,1.5,2.5,0.0385964912280701,FALSE,,0.0386,ensemble_voting,SEARCHER4,transfer_convnext_tiny_38.4_SEARCHER4,ensemble_voting_summary_00-00.csv
Ensemble_Recall_Delta_vs_AvgFold,1.5,3.0,0.0421052631578947,FALSE,,0.0421,ensemble_voting,SEARCHER7,transfer_convnext_tiny_38.7_SEARCHER7,ensemble_voting_summary_00-00.csv
Ensemble_Recall_Delta_vs_AvgFold,1.5,3.5,0.0456140350877194,FALSE,,0.0456,ensemble_voting,SEARCHER10,transfer_convnext_tiny_39.0_SEARCHER10,ensemble_voting_summary_00-00.csv
Ensemble_Recall_Delta_vs_AvgFold,2.0,2.0,0.0421052631578947,FALSE,,0.0421,ensemble_voting,SEARCHER2,transfer_convnext_tiny_38.2_SEARCHER2,ensemble_voting_summary_00-00.csv
Ensemble_Recall_Delta_vs_AvgFold,2.0,2.5,0.0385964912280702,FALSE,,0.0386,ensemble_voting,SEARCHER5,transfer_convnext_tiny_38.5_SEARCHER5,ensemble_voting_summary_00-00.csv
Ensemble_Recall_Delta_vs_AvgFold,2.0,3.0,0.0350877192982456,FALSE,,0.0351,ensemble_voting,SEARCHER8,transfer_convnext_tiny_38.8_SEARCHER8,ensemble_voting_summary_00-00.csv
Ensemble_Recall_Delta_vs_AvgFold,2.0,3.5,0.031578947368421,FALSE,,0.0316,ensemble_voting,SEARCHER11,transfer_convnext_tiny_39.1_SEARCHER11,ensemble_voting_summary_00-00.csv
Ensemble_Recall_Delta_vs_AvgFold,1.0,2.0,0.0771929824561403,TRUE,,0.0772,ensemble_voting,SEARCHER,transfer_convnext_tiny_40.0_SEARCHER01,ensemble_voting_summary_00-00.csv
Ensemble_Recall_Delta_vs_AvgFold,1.0,2.5,0.0736842105263158,TRUE,,0.0737,ensemble_voting,SEARCHER3,transfer_convnext_tiny_40.3_SEARCHER31,ensemble_voting_summary_00-00.csv
Ensemble_Recall_Delta_vs_AvgFold,1.0,3.0,0.0385964912280701,TRUE,,0.0386,ensemble_voting,SEARCHER6,transfer_convnext_tiny_40.6_SEARCHER61,ensemble_voting_summary_00-00.csv
Ensemble_Recall_Delta_vs_AvgFold,1.0,3.5,0.0666666666666666,TRUE,,0.0667,ensemble_voting,SEARCHER9,transfer_convnext_tiny_40.9_SEARCHER91,ensemble_voting_summary_00-00.csv
Ensemble_Recall_Delta_vs_AvgFold,1.5,2.0,0.0491228070175437,TRUE,,0.0491,ensemble_voting,SEARCHER1,transfer_convnext_tiny_40.1_SEARCHER12,ensemble_voting_summary_00-00.csv
Ensemble_Recall_Delta_vs_AvgFold,1.5,2.5,0.031578947368421,TRUE,,0.0316,ensemble_voting,SEARCHER4,transfer_convnext_tiny_40.4_SEARCHER41,ensemble_voting_summary_00-00.csv
Ensemble_Recall_Delta_vs_AvgFold,1.5,3.0,0.0280701754385964,TRUE,,0.0281,ensemble_voting,SEARCHER7,transfer_convnext_tiny_40.7_SEARCHER71,ensemble_voting_summary_00-00.csv
Ensemble_Recall_Delta_vs_AvgFold,1.5,3.5,0.0315789473684211,TRUE,,0.0316,ensemble_voting,SEARCHER10,transfer_convnext_tiny_41.0_SEARCHER101,ensemble_voting_summary_00-00.csv
Ensemble_Recall_Delta_vs_AvgFold,2.0,2.0,0.0385964912280701,TRUE,,0.0386,ensemble_voting,SEARCHER2,transfer_convnext_tiny_40.2_SEARCHER21,ensemble_voting_summary_00-00.csv
Ensemble_Recall_Delta_vs_AvgFold,2.0,2.5,0.0421052631578947,TRUE,,0.0421,ensemble_voting,SEARCHER5,transfer_convnext_tiny_40.5_SEARCHER51,ensemble_voting_summary_00-00.csv
Ensemble_Recall_Delta_vs_AvgFold,2.0,3.0,0.0350877192982457,TRUE,,0.0351,ensemble_voting,SEARCHER8,transfer_convnext_tiny_40.8_SEARCHER81,ensemble_voting_summary_00-00.csv
Ensemble_Recall_Delta_vs_AvgFold,2.0,3.5,0.0421052631578948,TRUE,,0.0421,ensemble_voting,SEARCHER11,transfer_convnext_tiny_41.1_SEARCHER111,ensemble_voting_summary_00-00.csv
Ensemble_Specificity_Delta_vs_AvgFold,1.0,2.0,-0.0385964912280702,FALSE,,-0.0386,ensemble_voting,SEARCHER,transfer_convnext_tiny_38.0_SEARCHER,ensemble_voting_summary_00-00.csv
Ensemble_Specificity_Delta_vs_AvgFold,1.0,2.5,-0.0807017543859649,FALSE,,-0.0807,ensemble_voting,SEARCHER3,transfer_convnext_tiny_38.3_SEARCHER3,ensemble_voting_summary_00-00.csv
Ensemble_Specificity_Delta_vs_AvgFold,1.0,3.0,-0.1719298245614035,FALSE,,-0.1719,ensemble_voting,SEARCHER6,transfer_convnext_tiny_38.6_SEARCHER6,ensemble_voting_summary_00-00.csv
Ensemble_Specificity_Delta_vs_AvgFold,1.0,3.5,-0.1017543859649122,FALSE,,-0.1018,ensemble_voting,SEARCHER9,transfer_convnext_tiny_38.9_SEARCHER9,ensemble_voting_summary_00-00.csv
Ensemble_Specificity_Delta_vs_AvgFold,1.5,2.0,-0.0947368421052632,FALSE,,-0.0947,ensemble_voting,SEARCHER1,transfer_convnext_tiny_38.1_SEARCHER1,ensemble_voting_summary_00-00.csv
Ensemble_Specificity_Delta_vs_AvgFold,1.5,2.5,-0.0596491228070176,FALSE,,-0.0596,ensemble_voting,SEARCHER4,transfer_convnext_tiny_38.4_SEARCHER4,ensemble_voting_summary_00-00.csv
Ensemble_Specificity_Delta_vs_AvgFold,1.5,3.0,-0.1298245614035088,FALSE,,-0.1298,ensemble_voting,SEARCHER7,transfer_convnext_tiny_38.7_SEARCHER7,ensemble_voting_summary_00-00.csv
Ensemble_Specificity_Delta_vs_AvgFold,1.5,3.5,-0.1508771929824561,FALSE,,-0.1509,ensemble_voting,SEARCHER10,transfer_convnext_tiny_39.0_SEARCHER10,ensemble_voting_summary_00-00.csv
Ensemble_Specificity_Delta_vs_AvgFold,2.0,2.0,-0.1157894736842104,FALSE,,-0.1158,ensemble_voting,SEARCHER2,transfer_convnext_tiny_38.2_SEARCHER2,ensemble_voting_summary_00-00.csv
Ensemble_Specificity_Delta_vs_AvgFold,2.0,2.5,-0.1403508771929824,FALSE,,-0.1404,ensemble_voting,SEARCHER5,transfer_convnext_tiny_38.5_SEARCHER5,ensemble_voting_summary_00-00.csv
Ensemble_Specificity_Delta_vs_AvgFold,2.0,3.0,-0.143859649122807,FALSE,,-0.1439,ensemble_voting,SEARCHER8,transfer_convnext_tiny_38.8_SEARCHER8,ensemble_voting_summary_00-00.csv
Ensemble_Specificity_Delta_vs_AvgFold,2.0,3.5,-0.343859649122807,FALSE,,-0.3439,ensemble_voting,SEARCHER11,transfer_convnext_tiny_39.1_SEARCHER11,ensemble_voting_summary_00-00.csv
Ensemble_Specificity_Delta_vs_AvgFold,1.0,2.0,-0.1052631578947366,TRUE,,-0.1053,ensemble_voting,SEARCHER,transfer_convnext_tiny_40.0_SEARCHER01,ensemble_voting_summary_00-00.csv
Ensemble_Specificity_Delta_vs_AvgFold,1.0,2.5,-0.0526315789473683,TRUE,,-0.0526,ensemble_voting,SEARCHER3,transfer_convnext_tiny_40.3_SEARCHER31,ensemble_voting_summary_00-00.csv
Ensemble_Specificity_Delta_vs_AvgFold,1.0,3.0,-0.119298245614035,TRUE,,-0.1193,ensemble_voting,SEARCHER6,transfer_convnext_tiny_40.6_SEARCHER61,ensemble_voting_summary_00-00.csv
Ensemble_Specificity_Delta_vs_AvgFold,1.0,3.5,-0.0877192982456139,TRUE,,-0.0877,ensemble_voting,SEARCHER9,transfer_convnext_tiny_40.9_SEARCHER91,ensemble_voting_summary_00-00.csv
Ensemble_Specificity_Delta_vs_AvgFold,1.5,2.0,-0.1087719298245613,TRUE,,-0.1088,ensemble_voting,SEARCHER1,transfer_convnext_tiny_40.1_SEARCHER12,ensemble_voting_summary_00-00.csv
Ensemble_Specificity_Delta_vs_AvgFold,1.5,2.5,-0.1263157894736841,TRUE,,-0.1263,ensemble_voting,SEARCHER4,transfer_convnext_tiny_40.4_SEARCHER41,ensemble_voting_summary_00-00.csv
Ensemble_Specificity_Delta_vs_AvgFold,1.5,3.0,-0.1157894736842105,TRUE,,-0.1158,ensemble_voting,SEARCHER7,transfer_convnext_tiny_40.7_SEARCHER71,ensemble_voting_summary_00-00.csv
Ensemble_Specificity_Delta_vs_AvgFold,1.5,3.5,-0.2912280701754386,TRUE,,-0.2912,ensemble_voting,SEARCHER10,transfer_convnext_tiny_41.0_SEARCHER101,ensemble_voting_summary_00-00.csv
Ensemble_Specificity_Delta_vs_AvgFold,2.0,2.0,-0.0771929824561403,TRUE,,-0.0772,ensemble_voting,SEARCHER2,transfer_convnext_tiny_40.2_SEARCHER21,ensemble_voting_summary_00-00.csv
Ensemble_Specificity_Delta_vs_AvgFold,2.0,2.5,-0.1473684210526314,TRUE,,-0.1474,ensemble_voting,SEARCHER5,transfer_convnext_tiny_40.5_SEARCHER51,ensemble_voting_summary_00-00.csv
Ensemble_Specificity_Delta_vs_AvgFold,2.0,3.0,-0.2,TRUE,,-0.2000,ensemble_voting,SEARCHER8,transfer_convnext_tiny_40.8_SEARCHER81,ensemble_voting_summary_00-00.csv
Ensemble_Specificity_Delta_vs_AvgFold,2.0,3.5,-0.3473684210526315,TRUE,,-0.3474,ensemble_voting,SEARCHER11,transfer_convnext_tiny_41.1_SEARCHER111,ensemble_voting_summary_00-00.csv
F1_Score,1.0,2.0,0.9310344827586206,FALSE,,0.9310,ensemble_voting,SEARCHER,transfer_convnext_tiny_38.0_SEARCHER,ensemble_voting_summary_00-00.csv
F1_Score,1.0,2.5,0.9090909090909092,FALSE,,0.9091,ensemble_voting,SEARCHER3,transfer_convnext_tiny_38.3_SEARCHER3,ensemble_voting_summary_00-00.csv
F1_Score,1.0,3.0,0.8661417322834646,FALSE,,0.8661,ensemble_voting,SEARCHER6,transfer_convnext_tiny_38.6_SEARCHER6,ensemble_voting_summary_00-00.csv
F1_Score,1.0,3.5,0.88,FALSE,,0.8800,ensemble_voting,SEARCHER9,transfer_convnext_tiny_38.9_SEARCHER9,ensemble_voting_summary_00-00.csv
F1_Score,1.5,2.0,0.8943089430894309,FALSE,,0.8943,ensemble_voting,SEARCHER1,transfer_convnext_tiny_38.1_SEARCHER1,ensemble_voting_summary_00-00.csv
F1_Score,1.5,2.5,0.9090909090909092,FALSE,,0.9091,ensemble_voting,SEARCHER4,transfer_convnext_tiny_38.4_SEARCHER4,ensemble_voting_summary_00-00.csv
F1_Score,1.5,3.0,0.888888888888889,FALSE,,0.8889,ensemble_voting,SEARCHER7,transfer_convnext_tiny_38.7_SEARCHER7,ensemble_voting_summary_00-00.csv
F1_Score,1.5,3.5,0.8661417322834646,FALSE,,0.8661,ensemble_voting,SEARCHER10,transfer_convnext_tiny_39.0_SEARCHER10,ensemble_voting_summary_00-00.csv
F1_Score,2.0,2.0,0.8870967741935484,FALSE,,0.8871,ensemble_voting,SEARCHER2,transfer_convnext_tiny_38.2_SEARCHER2,ensemble_voting_summary_00-00.csv
F1_Score,2.0,2.5,0.8615384615384616,FALSE,,0.8615,ensemble_voting,SEARCHER5,transfer_convnext_tiny_38.5_SEARCHER5,ensemble_voting_summary_00-00.csv
F1_Score,2.0,3.0,0.8484848484848485,FALSE,,0.8485,ensemble_voting,SEARCHER8,transfer_convnext_tiny_38.8_SEARCHER8,ensemble_voting_summary_00-00.csv
F1_Score,2.0,3.5,0.7651006711409396,FALSE,,0.7651,ensemble_voting,SEARCHER11,transfer_convnext_tiny_39.1_SEARCHER11,ensemble_voting_summary_00-00.csv
F1_Score,1.0,2.0,0.9016393442622952,TRUE,,0.9016,ensemble_voting,SEARCHER,transfer_convnext_tiny_40.0_SEARCHER01,ensemble_voting_summary_00-00.csv
F1_Score,1.0,2.5,0.913793103448276,TRUE,,0.9138,ensemble_voting,SEARCHER3,transfer_convnext_tiny_40.3_SEARCHER31,ensemble_voting_summary_00-00.csv
F1_Score,1.0,3.0,0.88,TRUE,,0.8800,ensemble_voting,SEARCHER6,transfer_convnext_tiny_40.6_SEARCHER61,ensemble_voting_summary_00-00.csv
F1_Score,1.0,3.5,0.9105691056910568,TRUE,,0.9106,ensemble_voting,SEARCHER9,transfer_convnext_tiny_40.9_SEARCHER91,ensemble_voting_summary_00-00.csv
F1_Score,1.5,2.0,0.8870967741935484,TRUE,,0.8871,ensemble_voting,SEARCHER1,transfer_convnext_tiny_40.1_SEARCHER12,ensemble_voting_summary_00-00.csv
F1_Score,1.5,2.5,0.88,TRUE,,0.8800,ensemble_voting,SEARCHER4,transfer_convnext_tiny_40.4_SEARCHER41,ensemble_voting_summary_00-00.csv
F1_Score,1.5,3.0,0.88,TRUE,,0.8800,ensemble_voting,SEARCHER7,transfer_convnext_tiny_40.7_SEARCHER71,ensemble_voting_summary_00-00.csv
F1_Score,1.5,3.5,0.7777777777777777,TRUE,,0.7778,ensemble_voting,SEARCHER10,transfer_convnext_tiny_41.0_SEARCHER101,ensemble_voting_summary_00-00.csv
F1_Score,2.0,2.0,0.9016393442622952,TRUE,,0.9016,ensemble_voting,SEARCHER2,transfer_convnext_tiny_40.2_SEARCHER21,ensemble_voting_summary_00-00.csv
F1_Score,2.0,2.5,0.8682170542635659,TRUE,,0.8682,ensemble_voting,SEARCHER5,transfer_convnext_tiny_40.5_SEARCHER51,ensemble_voting_summary_00-00.csv
F1_Score,2.0,3.0,0.832116788321168,TRUE,,0.8321,ensemble_voting,SEARCHER8,transfer_convnext_tiny_40.8_SEARCHER81,ensemble_voting_summary_00-00.csv
F1_Score,2.0,3.5,0.76,TRUE,,0.7600,ensemble_voting,SEARCHER11,transfer_convnext_tiny_41.1_SEARCHER111,ensemble_voting_summary_00-00.csv
FNR_(False_Negative_Rate),1.0,2.0,0.0526315789473684,FALSE,,0.0526,ensemble_voting,SEARCHER,transfer_convnext_tiny_38.0_SEARCHER,ensemble_voting_summary_00-00.csv
FNR_(False_Negative_Rate),1.0,2.5,0.0350877192982456,FALSE,,0.0351,ensemble_voting,SEARCHER3,transfer_convnext_tiny_38.3_SEARCHER3,ensemble_voting_summary_00-00.csv
FNR_(False_Negative_Rate),1.0,3.0,0.0350877192982456,FALSE,,0.0351,ensemble_voting,SEARCHER6,transfer_convnext_tiny_38.6_SEARCHER6,ensemble_voting_summary_00-00.csv
FNR_(False_Negative_Rate),1.0,3.5,0.0350877192982456,FALSE,,0.0351,ensemble_voting,SEARCHER9,transfer_convnext_tiny_38.9_SEARCHER9,ensemble_voting_summary_00-00.csv
FNR_(False_Negative_Rate),1.5,2.0,0.0350877192982456,FALSE,,0.0351,ensemble_voting,SEARCHER1,transfer_convnext_tiny_38.1_SEARCHER1,ensemble_voting_summary_00-00.csv
FNR_(False_Negative_Rate),1.5,2.5,0.0350877192982456,FALSE,,0.0351,ensemble_voting,SEARCHER4,transfer_convnext_tiny_38.4_SEARCHER4,ensemble_voting_summary_00-00.csv
FNR_(False_Negative_Rate),1.5,3.0,0.0175438596491228,FALSE,,0.0175,ensemble_voting,SEARCHER7,transfer_convnext_tiny_38.7_SEARCHER7,ensemble_voting_summary_00-00.csv
FNR_(False_Negative_Rate),1.5,3.5,0.0350877192982456,FALSE,,0.0351,ensemble_voting,SEARCHER10,transfer_convnext_tiny_39.0_SEARCHER10,ensemble_voting_summary_00-00.csv
FNR_(False_Negative_Rate),2.0,2.0,0.0350877192982456,FALSE,,0.0351,ensemble_voting,SEARCHER2,transfer_convnext_tiny_38.2_SEARCHER2,ensemble_voting_summary_00-00.csv
FNR_(False_Negative_Rate),2.0,2.5,0.0175438596491228,FALSE,,0.0175,ensemble_voting,SEARCHER5,transfer_convnext_tiny_38.5_SEARCHER5,ensemble_voting_summary_00-00.csv
FNR_(False_Negative_Rate),2.0,3.0,0.0175438596491228,FALSE,,0.0175,ensemble_voting,SEARCHER8,transfer_convnext_tiny_38.8_SEARCHER8,ensemble_voting_summary_00-00.csv
FNR_(False_Negative_Rate),2.0,3.5,0.0,FALSE,,0.0000,ensemble_voting,SEARCHER11,transfer_convnext_tiny_39.1_SEARCHER11,ensemble_voting_summary_00-00.csv
FNR_(False_Negative_Rate),1.0,2.0,0.0350877192982456,TRUE,,0.0351,ensemble_voting,SEARCHER,transfer_convnext_tiny_40.0_SEARCHER01,ensemble_voting_summary_00-00.csv
FNR_(False_Negative_Rate),1.0,2.5,0.0701754385964912,TRUE,,0.0702,ensemble_voting,SEARCHER3,transfer_convnext_tiny_40.3_SEARCHER31,ensemble_voting_summary_00-00.csv
FNR_(False_Negative_Rate),1.0,3.0,0.0350877192982456,TRUE,,0.0351,ensemble_voting,SEARCHER6,transfer_convnext_tiny_40.6_SEARCHER61,ensemble_voting_summary_00-00.csv
FNR_(False_Negative_Rate),1.0,3.5,0.0175438596491228,TRUE,,0.0175,ensemble_voting,SEARCHER9,transfer_convnext_tiny_40.9_SEARCHER91,ensemble_voting_summary_00-00.csv
FNR_(False_Negative_Rate),1.5,2.0,0.0350877192982456,TRUE,,0.0351,ensemble_voting,SEARCHER1,transfer_convnext_tiny_40.1_SEARCHER12,ensemble_voting_summary_00-00.csv
FNR_(False_Negative_Rate),1.5,2.5,0.0350877192982456,TRUE,,0.0351,ensemble_voting,SEARCHER4,transfer_convnext_tiny_40.4_SEARCHER41,ensemble_voting_summary_00-00.csv
FNR_(False_Negative_Rate),1.5,3.0,0.0350877192982456,TRUE,,0.0351,ensemble_voting,SEARCHER7,transfer_convnext_tiny_40.7_SEARCHER71,ensemble_voting_summary_00-00.csv
FNR_(False_Negative_Rate),1.5,3.5,0.0175438596491228,TRUE,,0.0175,ensemble_voting,SEARCHER10,transfer_convnext_tiny_41.0_SEARCHER101,ensemble_voting_summary_00-00.csv
FNR_(False_Negative_Rate),2.0,2.0,0.0350877192982456,TRUE,,0.0351,ensemble_voting,SEARCHER2,transfer_convnext_tiny_40.2_SEARCHER21,ensemble_voting_summary_00-00.csv
FNR_(False_Negative_Rate),2.0,2.5,0.0175438596491228,TRUE,,0.0175,ensemble_voting,SEARCHER5,transfer_convnext_tiny_40.5_SEARCHER51,ensemble_voting_summary_00-00.csv
FNR_(False_Negative_Rate),2.0,3.0,0.0,TRUE,,0.0000,ensemble_voting,SEARCHER8,transfer_convnext_tiny_40.8_SEARCHER81,ensemble_voting_summary_00-00.csv
FNR_(False_Negative_Rate),2.0,3.5,0.0,TRUE,,0.0000,ensemble_voting,SEARCHER11,transfer_convnext_tiny_41.1_SEARCHER111,ensemble_voting_summary_00-00.csv
FN_(False_Negatives),1.0,2.0,3.0,FALSE,,3.0000,ensemble_voting,SEARCHER,transfer_convnext_tiny_38.0_SEARCHER,ensemble_voting_summary_00-00.csv
FN_(False_Negatives),1.0,2.5,2.0,FALSE,,2.0000,ensemble_voting,SEARCHER3,transfer_convnext_tiny_38.3_SEARCHER3,ensemble_voting_summary_00-00.csv
FN_(False_Negatives),1.0,3.0,2.0,FALSE,,2.0000,ensemble_voting,SEARCHER6,transfer_convnext_tiny_38.6_SEARCHER6,ensemble_voting_summary_00-00.csv
FN_(False_Negatives),1.0,3.5,2.0,FALSE,,2.0000,ensemble_voting,SEARCHER9,transfer_convnext_tiny_38.9_SEARCHER9,ensemble_voting_summary_00-00.csv
FN_(False_Negatives),1.5,2.0,2.0,FALSE,,2.0000,ensemble_voting,SEARCHER1,transfer_convnext_tiny_38.1_SEARCHER1,ensemble_voting_summary_00-00.csv
FN_(False_Negatives),1.5,2.5,2.0,FALSE,,2.0000,ensemble_voting,SEARCHER4,transfer_convnext_tiny_38.4_SEARCHER4,ensemble_voting_summary_00-00.csv
FN_(False_Negatives),1.5,3.0,1.0,FALSE,,1.0000,ensemble_voting,SEARCHER7,transfer_convnext_tiny_38.7_SEARCHER7,ensemble_voting_summary_00-00.csv
FN_(False_Negatives),1.5,3.5,2.0,FALSE,,2.0000,ensemble_voting,SEARCHER10,transfer_convnext_tiny_39.0_SEARCHER10,ensemble_voting_summary_00-00.csv
FN_(False_Negatives),2.0,2.0,2.0,FALSE,,2.0000,ensemble_voting,SEARCHER2,transfer_convnext_tiny_38.2_SEARCHER2,ensemble_voting_summary_00-00.csv
FN_(False_Negatives),2.0,2.5,1.0,FALSE,,1.0000,ensemble_voting,SEARCHER5,transfer_convnext_tiny_38.5_SEARCHER5,ensemble_voting_summary_00-00.csv
FN_(False_Negatives),2.0,3.0,1.0,FALSE,,1.0000,ensemble_voting,SEARCHER8,transfer_convnext_tiny_38.8_SEARCHER8,ensemble_voting_summary_00-00.csv
FN_(False_Negatives),2.0,3.5,0.0,FALSE,,0.0000,ensemble_voting,SEARCHER11,transfer_convnext_tiny_39.1_SEARCHER11,ensemble_voting_summary_00-00.csv
FN_(False_Negatives),1.0,2.0,2.0,TRUE,,2.0000,ensemble_voting,SEARCHER,transfer_convnext_tiny_40.0_SEARCHER01,ensemble_voting_summary_00-00.csv
FN_(False_Negatives),1.0,2.5,4.0,TRUE,,4.0000,ensemble_voting,SEARCHER3,transfer_convnext_tiny_40.3_SEARCHER31,ensemble_voting_summary_00-00.csv
FN_(False_Negatives),1.0,3.0,2.0,TRUE,,2.0000,ensemble_voting,SEARCHER6,transfer_convnext_tiny_40.6_SEARCHER61,ensemble_voting_summary_00-00.csv
FN_(False_Negatives),1.0,3.5,1.0,TRUE,,1.0000,ensemble_voting,SEARCHER9,transfer_convnext_tiny_40.9_SEARCHER91,ensemble_voting_summary_00-00.csv
FN_(False_Negatives),1.5,2.0,2.0,TRUE,,2.0000,ensemble_voting,SEARCHER1,transfer_convnext_tiny_40.1_SEARCHER12,ensemble_voting_summary_00-00.csv
FN_(False_Negatives),1.5,2.5,2.0,TRUE,,2.0000,ensemble_voting,SEARCHER4,transfer_convnext_tiny_40.4_SEARCHER41,ensemble_voting_summary_00-00.csv
FN_(False_Negatives),1.5,3.0,2.0,TRUE,,2.0000,ensemble_voting,SEARCHER7,transfer_convnext_tiny_40.7_SEARCHER71,ensemble_voting_summary_00-00.csv
FN_(False_Negatives),1.5,3.5,1.0,TRUE,,1.0000,ensemble_voting,SEARCHER10,transfer_convnext_tiny_41.0_SEARCHER101,ensemble_voting_summary_00-00.csv
FN_(False_Negatives),2.0,2.0,2.0,TRUE,,2.0000,ensemble_voting,SEARCHER2,transfer_convnext_tiny_40.2_SEARCHER21,ensemble_voting_summary_00-00.csv
FN_(False_Negatives),2.0,2.5,1.0,TRUE,,1.0000,ensemble_voting,SEARCHER5,transfer_convnext_tiny_40.5_SEARCHER51,ensemble_voting_summary_00-00.csv
FN_(False_Negatives),2.0,3.0,0.0,TRUE,,0.0000,ensemble_voting,SEARCHER8,transfer_convnext_tiny_40.8_SEARCHER81,ensemble_voting_summary_00-00.csv
FN_(False_Negatives),2.0,3.5,0.0,TRUE,,0.0000,ensemble_voting,SEARCHER11,transfer_convnext_tiny_41.1_SEARCHER111,ensemble_voting_summary_00-00.csv
FPR_(False_Positive_Rate),1.0,2.0,0.087719298245614,FALSE,,0.0877,ensemble_voting,SEARCHER,transfer_convnext_tiny_38.0_SEARCHER,ensemble_voting_summary_00-00.csv
FPR_(False_Positive_Rate),1.0,2.5,0.1578947368421052,FALSE,,0.1579,ensemble_voting,SEARCHER3,transfer_convnext_tiny_38.3_SEARCHER3,ensemble_voting_summary_00-00.csv
FPR_(False_Positive_Rate),1.0,3.0,0.2631578947368421,FALSE,,0.2632,ensemble_voting,SEARCHER6,transfer_convnext_tiny_38.6_SEARCHER6,ensemble_voting_summary_00-00.csv
FPR_(False_Positive_Rate),1.0,3.5,0.2280701754385964,FALSE,,0.2281,ensemble_voting,SEARCHER9,transfer_convnext_tiny_38.9_SEARCHER9,ensemble_voting_summary_00-00.csv
FPR_(False_Positive_Rate),1.5,2.0,0.1929824561403508,FALSE,,0.1930,ensemble_voting,SEARCHER1,transfer_convnext_tiny_38.1_SEARCHER1,ensemble_voting_summary_00-00.csv
FPR_(False_Positive_Rate),1.5,2.5,0.1578947368421052,FALSE,,0.1579,ensemble_voting,SEARCHER4,transfer_convnext_tiny_38.4_SEARCHER4,ensemble_voting_summary_00-00.csv
FPR_(False_Positive_Rate),1.5,3.0,0.2280701754385964,FALSE,,0.2281,ensemble_voting,SEARCHER7,transfer_convnext_tiny_38.7_SEARCHER7,ensemble_voting_summary_00-00.csv
FPR_(False_Positive_Rate),1.5,3.5,0.2631578947368421,FALSE,,0.2632,ensemble_voting,SEARCHER10,transfer_convnext_tiny_39.0_SEARCHER10,ensemble_voting_summary_00-00.csv
FPR_(False_Positive_Rate),2.0,2.0,0.2105263157894736,FALSE,,0.2105,ensemble_voting,SEARCHER2,transfer_convnext_tiny_38.2_SEARCHER2,ensemble_voting_summary_00-00.csv
FPR_(False_Positive_Rate),2.0,2.5,0.2982456140350877,FALSE,,0.2982,ensemble_voting,SEARCHER5,transfer_convnext_tiny_38.5_SEARCHER5,ensemble_voting_summary_00-00.csv
FPR_(False_Positive_Rate),2.0,3.0,0.3333333333333333,FALSE,,0.3333,ensemble_voting,SEARCHER8,transfer_convnext_tiny_38.8_SEARCHER8,ensemble_voting_summary_00-00.csv
FPR_(False_Positive_Rate),2.0,3.5,0.6140350877192983,FALSE,,0.6140,ensemble_voting,SEARCHER11,transfer_convnext_tiny_39.1_SEARCHER11,ensemble_voting_summary_00-00.csv
FPR_(False_Positive_Rate),1.0,2.0,0.175438596491228,TRUE,,0.1754,ensemble_voting,SEARCHER,transfer_convnext_tiny_40.0_SEARCHER01,ensemble_voting_summary_00-00.csv
FPR_(False_Positive_Rate),1.0,2.5,0.1052631578947368,TRUE,,0.1053,ensemble_voting,SEARCHER3,transfer_convnext_tiny_40.3_SEARCHER31,ensemble_voting_summary_00-00.csv
FPR_(False_Positive_Rate),1.0,3.0,0.2280701754385964,TRUE,,0.2281,ensemble_voting,SEARCHER6,transfer_convnext_tiny_40.6_SEARCHER61,ensemble_voting_summary_00-00.csv
FPR_(False_Positive_Rate),1.0,3.5,0.175438596491228,TRUE,,0.1754,ensemble_voting,SEARCHER9,transfer_convnext_tiny_40.9_SEARCHER91,ensemble_voting_summary_00-00.csv
FPR_(False_Positive_Rate),1.5,2.0,0.2105263157894736,TRUE,,0.2105,ensemble_voting,SEARCHER1,transfer_convnext_tiny_40.1_SEARCHER12,ensemble_voting_summary_00-00.csv
FPR_(False_Positive_Rate),1.5,2.5,0.2280701754385964,TRUE,,0.2281,ensemble_voting,SEARCHER4,transfer_convnext_tiny_40.4_SEARCHER41,ensemble_voting_summary_00-00.csv
FPR_(False_Positive_Rate),1.5,3.0,0.2280701754385964,TRUE,,0.2281,ensemble_voting,SEARCHER7,transfer_convnext_tiny_40.7_SEARCHER71,ensemble_voting_summary_00-00.csv
FPR_(False_Positive_Rate),1.5,3.5,0.543859649122807,TRUE,,0.5439,ensemble_voting,SEARCHER10,transfer_convnext_tiny_41.0_SEARCHER101,ensemble_voting_summary_00-00.csv
FPR_(False_Positive_Rate),2.0,2.0,0.175438596491228,TRUE,,0.1754,ensemble_voting,SEARCHER2,transfer_convnext_tiny_40.2_SEARCHER21,ensemble_voting_summary_00-00.csv
FPR_(False_Positive_Rate),2.0,2.5,0.2807017543859649,TRUE,,0.2807,ensemble_voting,SEARCHER5,transfer_convnext_tiny_40.5_SEARCHER51,ensemble_voting_summary_00-00.csv
FPR_(False_Positive_Rate),2.0,3.0,0.4035087719298245,TRUE,,0.4035,ensemble_voting,SEARCHER8,transfer_convnext_tiny_40.8_SEARCHER81,ensemble_voting_summary_00-00.csv
FPR_(False_Positive_Rate),2.0,3.5,0.631578947368421,TRUE,,0.6316,ensemble_voting,SEARCHER11,transfer_convnext_tiny_41.1_SEARCHER111,ensemble_voting_summary_00-00.csv
FP_(False_Positives),1.0,2.0,5.0,FALSE,,5.0000,ensemble_voting,SEARCHER,transfer_convnext_tiny_38.0_SEARCHER,ensemble_voting_summary_00-00.csv
FP_(False_Positives),1.0,2.5,9.0,FALSE,,9.0000,ensemble_voting,SEARCHER3,transfer_convnext_tiny_38.3_SEARCHER3,ensemble_voting_summary_00-00.csv
FP_(False_Positives),1.0,3.0,15.0,FALSE,,15.0000,ensemble_voting,SEARCHER6,transfer_convnext_tiny_38.6_SEARCHER6,ensemble_voting_summary_00-00.csv
FP_(False_Positives),1.0,3.5,13.0,FALSE,,13.0000,ensemble_voting,SEARCHER9,transfer_convnext_tiny_38.9_SEARCHER9,ensemble_voting_summary_00-00.csv
FP_(False_Positives),1.5,2.0,11.0,FALSE,,11.0000,ensemble_voting,SEARCHER1,transfer_convnext_tiny_38.1_SEARCHER1,ensemble_voting_summary_00-00.csv
FP_(False_Positives),1.5,2.5,9.0,FALSE,,9.0000,ensemble_voting,SEARCHER4,transfer_convnext_tiny_38.4_SEARCHER4,ensemble_voting_summary_00-00.csv
FP_(False_Positives),1.5,3.0,13.0,FALSE,,13.0000,ensemble_voting,SEARCHER7,transfer_convnext_tiny_38.7_SEARCHER7,ensemble_voting_summary_00-00.csv
FP_(False_Positives),1.5,3.5,15.0,FALSE,,15.0000,ensemble_voting,SEARCHER10,transfer_convnext_tiny_39.0_SEARCHER10,ensemble_voting_summary_00-00.csv
FP_(False_Positives),2.0,2.0,12.0,FALSE,,12.0000,ensemble_voting,SEARCHER2,transfer_convnext_tiny_38.2_SEARCHER2,ensemble_voting_summary_00-00.csv
FP_(False_Positives),2.0,2.5,17.0,FALSE,,17.0000,ensemble_voting,SEARCHER5,transfer_convnext_tiny_38.5_SEARCHER5,ensemble_voting_summary_00-00.csv
FP_(False_Positives),2.0,3.0,19.0,FALSE,,19.0000,ensemble_voting,SEARCHER8,transfer_convnext_tiny_38.8_SEARCHER8,ensemble_voting_summary_00-00.csv
FP_(False_Positives),2.0,3.5,35.0,FALSE,,35.0000,ensemble_voting,SEARCHER11,transfer_convnext_tiny_39.1_SEARCHER11,ensemble_voting_summary_00-00.csv
FP_(False_Positives),1.0,2.0,10.0,TRUE,,10.0000,ensemble_voting,SEARCHER,transfer_convnext_tiny_40.0_SEARCHER01,ensemble_voting_summary_00-00.csv
FP_(False_Positives),1.0,2.5,6.0,TRUE,,6.0000,ensemble_voting,SEARCHER3,transfer_convnext_tiny_40.3_SEARCHER31,ensemble_voting_summary_00-00.csv
FP_(False_Positives),1.0,3.0,13.0,TRUE,,13.0000,ensemble_voting,SEARCHER6,transfer_convnext_tiny_40.6_SEARCHER61,ensemble_voting_summary_00-00.csv
FP_(False_Positives),1.0,3.5,10.0,TRUE,,10.0000,ensemble_voting,SEARCHER9,transfer_convnext_tiny_40.9_SEARCHER91,ensemble_voting_summary_00-00.csv
FP_(False_Positives),1.5,2.0,12.0,TRUE,,12.0000,ensemble_voting,SEARCHER1,transfer_convnext_tiny_40.1_SEARCHER12,ensemble_voting_summary_00-00.csv
FP_(False_Positives),1.5,2.5,13.0,TRUE,,13.0000,ensemble_voting,SEARCHER4,transfer_convnext_tiny_40.4_SEARCHER41,ensemble_voting_summary_00-00.csv
FP_(False_Positives),1.5,3.0,13.0,TRUE,,13.0000,ensemble_voting,SEARCHER7,transfer_convnext_tiny_40.7_SEARCHER71,ensemble_voting_summary_00-00.csv
FP_(False_Positives),1.5,3.5,31.0,TRUE,,31.0000,ensemble_voting,SEARCHER10,transfer_convnext_tiny_41.0_SEARCHER101,ensemble_voting_summary_00-00.csv
FP_(False_Positives),2.0,2.0,10.0,TRUE,,10.0000,ensemble_voting,SEARCHER2,transfer_convnext_tiny_40.2_SEARCHER21,ensemble_voting_summary_00-00.csv
FP_(False_Positives),2.0,2.5,16.0,TRUE,,16.0000,ensemble_voting,SEARCHER5,transfer_convnext_tiny_40.5_SEARCHER51,ensemble_voting_summary_00-00.csv
FP_(False_Positives),2.0,3.0,23.0,TRUE,,23.0000,ensemble_voting,SEARCHER8,transfer_convnext_tiny_40.8_SEARCHER81,ensemble_voting_summary_00-00.csv
FP_(False_Positives),2.0,3.5,36.0,TRUE,,36.0000,ensemble_voting,SEARCHER11,transfer_convnext_tiny_41.1_SEARCHER111,ensemble_voting_summary_00-00.csv
Fold_Agreement_Rate_(Unanimous%),1.0,2.0,91.2280701754386,FALSE,,91.2281,ensemble_voting,SEARCHER,transfer_convnext_tiny_38.0_SEARCHER,ensemble_voting_summary_00-00.csv
Fold_Agreement_Rate_(Unanimous%),1.0,2.5,86.8421052631579,FALSE,,86.8421,ensemble_voting,SEARCHER3,transfer_convnext_tiny_38.3_SEARCHER3,ensemble_voting_summary_00-00.csv
Fold_Agreement_Rate_(Unanimous%),1.0,3.0,85.08771929824562,FALSE,,85.0877,ensemble_voting,SEARCHER6,transfer_convnext_tiny_38.6_SEARCHER6,ensemble_voting_summary_00-00.csv
Fold_Agreement_Rate_(Unanimous%),1.0,3.5,83.33333333333334,FALSE,,83.3333,ensemble_voting,SEARCHER9,transfer_convnext_tiny_38.9_SEARCHER9,ensemble_voting_summary_00-00.csv
Fold_Agreement_Rate_(Unanimous%),1.5,2.0,89.47368421052632,FALSE,,89.4737,ensemble_voting,SEARCHER1,transfer_convnext_tiny_38.1_SEARCHER1,ensemble_voting_summary_00-00.csv
Fold_Agreement_Rate_(Unanimous%),1.5,2.5,89.47368421052632,FALSE,,89.4737,ensemble_voting,SEARCHER4,transfer_convnext_tiny_38.4_SEARCHER4,ensemble_voting_summary_00-00.csv
Fold_Agreement_Rate_(Unanimous%),1.5,3.0,89.47368421052632,FALSE,,89.4737,ensemble_voting,SEARCHER7,transfer_convnext_tiny_38.7_SEARCHER7,ensemble_voting_summary_00-00.csv
Fold_Agreement_Rate_(Unanimous%),1.5,3.5,87.71929824561403,FALSE,,87.7193,ensemble_voting,SEARCHER10,transfer_convnext_tiny_39.0_SEARCHER10,ensemble_voting_summary_00-00.csv
Fold_Agreement_Rate_(Unanimous%),2.0,2.0,85.96491228070175,FALSE,,85.9649,ensemble_voting,SEARCHER2,transfer_convnext_tiny_38.2_SEARCHER2,ensemble_voting_summary_00-00.csv
Fold_Agreement_Rate_(Unanimous%),2.0,2.5,85.08771929824562,FALSE,,85.0877,ensemble_voting,SEARCHER5,transfer_convnext_tiny_38.5_SEARCHER5,ensemble_voting_summary_00-00.csv
Fold_Agreement_Rate_(Unanimous%),2.0,3.0,82.45614035087719,FALSE,,82.4561,ensemble_voting,SEARCHER8,transfer_convnext_tiny_38.8_SEARCHER8,ensemble_voting_summary_00-00.csv
Fold_Agreement_Rate_(Unanimous%),2.0,3.5,71.9298245614035,FALSE,,71.9298,ensemble_voting,SEARCHER11,transfer_convnext_tiny_39.1_SEARCHER11,ensemble_voting_summary_00-00.csv
Fold_Agreement_Rate_(Unanimous%),1.0,2.0,86.8421052631579,TRUE,,86.8421,ensemble_voting,SEARCHER,transfer_convnext_tiny_40.0_SEARCHER01,ensemble_voting_summary_00-00.csv
Fold_Agreement_Rate_(Unanimous%),1.0,2.5,88.59649122807018,TRUE,,88.5965,ensemble_voting,SEARCHER3,transfer_convnext_tiny_40.3_SEARCHER31,ensemble_voting_summary_00-00.csv
Fold_Agreement_Rate_(Unanimous%),1.0,3.0,85.08771929824562,TRUE,,85.0877,ensemble_voting,SEARCHER6,transfer_convnext_tiny_40.6_SEARCHER61,ensemble_voting_summary_00-00.csv
Fold_Agreement_Rate_(Unanimous%),1.0,3.5,86.8421052631579,TRUE,,86.8421,ensemble_voting,SEARCHER9,transfer_convnext_tiny_40.9_SEARCHER91,ensemble_voting_summary_00-00.csv
Fold_Agreement_Rate_(Unanimous%),1.5,2.0,83.33333333333334,TRUE,,83.3333,ensemble_voting,SEARCHER1,transfer_convnext_tiny_40.1_SEARCHER12,ensemble_voting_summary_00-00.csv
Fold_Agreement_Rate_(Unanimous%),1.5,2.5,87.71929824561403,TRUE,,87.7193,ensemble_voting,SEARCHER4,transfer_convnext_tiny_40.4_SEARCHER41,ensemble_voting_summary_00-00.csv
Fold_Agreement_Rate_(Unanimous%),1.5,3.0,87.71929824561403,TRUE,,87.7193,ensemble_voting,SEARCHER7,transfer_convnext_tiny_40.7_SEARCHER71,ensemble_voting_summary_00-00.csv
Fold_Agreement_Rate_(Unanimous%),1.5,3.5,72.80701754385966,TRUE,,72.8070,ensemble_voting,SEARCHER10,transfer_convnext_tiny_41.0_SEARCHER101,ensemble_voting_summary_00-00.csv
Fold_Agreement_Rate_(Unanimous%),2.0,2.0,90.35087719298248,TRUE,,90.3509,ensemble_voting,SEARCHER2,transfer_convnext_tiny_40.2_SEARCHER21,ensemble_voting_summary_00-00.csv
Fold_Agreement_Rate_(Unanimous%),2.0,2.5,86.8421052631579,TRUE,,86.8421,ensemble_voting,SEARCHER5,transfer_convnext_tiny_40.5_SEARCHER51,ensemble_voting_summary_00-00.csv
Fold_Agreement_Rate_(Unanimous%),2.0,3.0,83.33333333333334,TRUE,,83.3333,ensemble_voting,SEARCHER8,transfer_convnext_tiny_40.8_SEARCHER81,ensemble_voting_summary_00-00.csv
Fold_Agreement_Rate_(Unanimous%),2.0,3.5,71.9298245614035,TRUE,,71.9298,ensemble_voting,SEARCHER11,transfer_convnext_tiny_41.1_SEARCHER111,ensemble_voting_summary_00-00.csv
Fold_PR_AUC_Variance,1.0,2.0,0.0036896841210951,FALSE,,0.0037,ensemble_voting,SEARCHER,transfer_convnext_tiny_38.0_SEARCHER,ensemble_voting_summary_00-00.csv
Fold_PR_AUC_Variance,1.0,2.5,0.0025250095733886,FALSE,,0.0025,ensemble_voting,SEARCHER3,transfer_convnext_tiny_38.3_SEARCHER3,ensemble_voting_summary_00-00.csv
Fold_PR_AUC_Variance,1.0,3.0,0.0038815074808549,FALSE,,0.0039,ensemble_voting,SEARCHER6,transfer_convnext_tiny_38.6_SEARCHER6,ensemble_voting_summary_00-00.csv
Fold_PR_AUC_Variance,1.0,3.5,0.0029751631710647,FALSE,,0.0030,ensemble_voting,SEARCHER9,transfer_convnext_tiny_38.9_SEARCHER9,ensemble_voting_summary_00-00.csv
Fold_PR_AUC_Variance,1.5,2.0,0.0037176220557193,FALSE,,0.0037,ensemble_voting,SEARCHER1,transfer_convnext_tiny_38.1_SEARCHER1,ensemble_voting_summary_00-00.csv
Fold_PR_AUC_Variance,1.5,2.5,0.0046155757630567,FALSE,,0.0046,ensemble_voting,SEARCHER4,transfer_convnext_tiny_38.4_SEARCHER4,ensemble_voting_summary_00-00.csv
Fold_PR_AUC_Variance,1.5,3.0,0.0022316200035235,FALSE,,0.0022,ensemble_voting,SEARCHER7,transfer_convnext_tiny_38.7_SEARCHER7,ensemble_voting_summary_00-00.csv
Fold_PR_AUC_Variance,1.5,3.5,0.0045271667908068,FALSE,,0.0045,ensemble_voting,SEARCHER10,transfer_convnext_tiny_39.0_SEARCHER10,ensemble_voting_summary_00-00.csv
Fold_PR_AUC_Variance,2.0,2.0,0.0033897651569761,FALSE,,0.0034,ensemble_voting,SEARCHER2,transfer_convnext_tiny_38.2_SEARCHER2,ensemble_voting_summary_00-00.csv
Fold_PR_AUC_Variance,2.0,2.5,0.0049481504440593,FALSE,,0.0049,ensemble_voting,SEARCHER5,transfer_convnext_tiny_38.5_SEARCHER5,ensemble_voting_summary_00-00.csv
Fold_PR_AUC_Variance,2.0,3.0,0.0035167993123812,FALSE,,0.0035,ensemble_voting,SEARCHER8,transfer_convnext_tiny_38.8_SEARCHER8,ensemble_voting_summary_00-00.csv
Fold_PR_AUC_Variance,2.0,3.5,0.0057776206408422,FALSE,,0.0058,ensemble_voting,SEARCHER11,transfer_convnext_tiny_39.1_SEARCHER11,ensemble_voting_summary_00-00.csv
Fold_PR_AUC_Variance,1.0,2.0,0.0021025939596222,TRUE,,0.0021,ensemble_voting,SEARCHER,transfer_convnext_tiny_40.0_SEARCHER01,ensemble_voting_summary_00-00.csv
Fold_PR_AUC_Variance,1.0,2.5,0.0046593517980412,TRUE,,0.0047,ensemble_voting,SEARCHER3,transfer_convnext_tiny_40.3_SEARCHER31,ensemble_voting_summary_00-00.csv
Fold_PR_AUC_Variance,1.0,3.0,0.0040709214689975,TRUE,,0.0041,ensemble_voting,SEARCHER6,transfer_convnext_tiny_40.6_SEARCHER61,ensemble_voting_summary_00-00.csv
Fold_PR_AUC_Variance,1.0,3.5,0.0045564651080989,TRUE,,0.0046,ensemble_voting,SEARCHER9,transfer_convnext_tiny_40.9_SEARCHER91,ensemble_voting_summary_00-00.csv
Fold_PR_AUC_Variance,1.5,2.0,0.002155166004979,TRUE,,0.0022,ensemble_voting,SEARCHER1,transfer_convnext_tiny_40.1_SEARCHER12,ensemble_voting_summary_00-00.csv
Fold_PR_AUC_Variance,1.5,2.5,0.0025394444715534,TRUE,,0.0025,ensemble_voting,SEARCHER4,transfer_convnext_tiny_40.4_SEARCHER41,ensemble_voting_summary_00-00.csv
Fold_PR_AUC_Variance,1.5,3.0,0.0035960321322152,TRUE,,0.0036,ensemble_voting,SEARCHER7,transfer_convnext_tiny_40.7_SEARCHER71,ensemble_voting_summary_00-00.csv
Fold_PR_AUC_Variance,1.5,3.5,0.0036007749844601,TRUE,,0.0036,ensemble_voting,SEARCHER10,transfer_convnext_tiny_41.0_SEARCHER101,ensemble_voting_summary_00-00.csv
Fold_PR_AUC_Variance,2.0,2.0,0.0019721824899338,TRUE,,0.0020,ensemble_voting,SEARCHER2,transfer_convnext_tiny_40.2_SEARCHER21,ensemble_voting_summary_00-00.csv
Fold_PR_AUC_Variance,2.0,2.5,0.0050076213007272,TRUE,,0.0050,ensemble_voting,SEARCHER5,transfer_convnext_tiny_40.5_SEARCHER51,ensemble_voting_summary_00-00.csv
Fold_PR_AUC_Variance,2.0,3.0,0.006000794805213,TRUE,,0.0060,ensemble_voting,SEARCHER8,transfer_convnext_tiny_40.8_SEARCHER81,ensemble_voting_summary_00-00.csv
Fold_PR_AUC_Variance,2.0,3.5,0.0043903733667532,TRUE,,0.0044,ensemble_voting,SEARCHER11,transfer_convnext_tiny_41.1_SEARCHER111,ensemble_voting_summary_00-00.csv
Fold_ROC_AUC_Variance,1.0,2.0,0.0052788837364157,FALSE,,0.0053,ensemble_voting,SEARCHER,transfer_convnext_tiny_38.0_SEARCHER,ensemble_voting_summary_00-00.csv
Fold_ROC_AUC_Variance,1.0,2.5,0.0030444476500777,FALSE,,0.0030,ensemble_voting,SEARCHER3,transfer_convnext_tiny_38.3_SEARCHER3,ensemble_voting_summary_00-00.csv
Fold_ROC_AUC_Variance,1.0,3.0,0.0063439972892547,FALSE,,0.0063,ensemble_voting,SEARCHER6,transfer_convnext_tiny_38.6_SEARCHER6,ensemble_voting_summary_00-00.csv
Fold_ROC_AUC_Variance,1.0,3.5,0.0033848176020612,FALSE,,0.0034,ensemble_voting,SEARCHER9,transfer_convnext_tiny_38.9_SEARCHER9,ensemble_voting_summary_00-00.csv
Fold_ROC_AUC_Variance,1.5,2.0,0.0044581331015081,FALSE,,0.0045,ensemble_voting,SEARCHER1,transfer_convnext_tiny_38.1_SEARCHER1,ensemble_voting_summary_00-00.csv
Fold_ROC_AUC_Variance,1.5,2.5,0.0072705520535659,FALSE,,0.0073,ensemble_voting,SEARCHER4,transfer_convnext_tiny_38.4_SEARCHER4,ensemble_voting_summary_00-00.csv
Fold_ROC_AUC_Variance,1.5,3.0,0.0030624420963576,FALSE,,0.0031,ensemble_voting,SEARCHER7,transfer_convnext_tiny_38.7_SEARCHER7,ensemble_voting_summary_00-00.csv
Fold_ROC_AUC_Variance,1.5,3.5,0.0059827968309351,FALSE,,0.0060,ensemble_voting,SEARCHER10,transfer_convnext_tiny_39.0_SEARCHER10,ensemble_voting_summary_00-00.csv
Fold_ROC_AUC_Variance,2.0,2.0,0.004088357012575,FALSE,,0.0041,ensemble_voting,SEARCHER2,transfer_convnext_tiny_38.2_SEARCHER2,ensemble_voting_summary_00-00.csv
Fold_ROC_AUC_Variance,2.0,2.5,0.0072309643981056,FALSE,,0.0072,ensemble_voting,SEARCHER5,transfer_convnext_tiny_38.5_SEARCHER5,ensemble_voting_summary_00-00.csv
Fold_ROC_AUC_Variance,2.0,3.0,0.0054986302487142,FALSE,,0.0055,ensemble_voting,SEARCHER8,transfer_convnext_tiny_38.8_SEARCHER8,ensemble_voting_summary_00-00.csv
Fold_ROC_AUC_Variance,2.0,3.5,0.0075957943324399,FALSE,,0.0076,ensemble_voting,SEARCHER11,transfer_convnext_tiny_39.1_SEARCHER11,ensemble_voting_summary_00-00.csv
Fold_ROC_AUC_Variance,1.0,2.0,0.0039058644701053,TRUE,,0.0039,ensemble_voting,SEARCHER,transfer_convnext_tiny_40.0_SEARCHER01,ensemble_voting_summary_00-00.csv
Fold_ROC_AUC_Variance,1.0,2.5,0.0053809057375192,TRUE,,0.0054,ensemble_voting,SEARCHER3,transfer_convnext_tiny_40.3_SEARCHER31,ensemble_voting_summary_00-00.csv
Fold_ROC_AUC_Variance,1.0,3.0,0.0067477695813085,TRUE,,0.0067,ensemble_voting,SEARCHER6,transfer_convnext_tiny_40.6_SEARCHER61,ensemble_voting_summary_00-00.csv
Fold_ROC_AUC_Variance,1.0,3.5,0.0073712258290022,TRUE,,0.0074,ensemble_voting,SEARCHER9,transfer_convnext_tiny_40.9_SEARCHER91,ensemble_voting_summary_00-00.csv
Fold_ROC_AUC_Variance,1.5,2.0,0.0038961507906301,TRUE,,0.0039,ensemble_voting,SEARCHER1,transfer_convnext_tiny_40.1_SEARCHER12,ensemble_voting_summary_00-00.csv
Fold_ROC_AUC_Variance,1.5,2.5,0.0035766916703807,TRUE,,0.0036,ensemble_voting,SEARCHER4,transfer_convnext_tiny_40.4_SEARCHER41,ensemble_voting_summary_00-00.csv
Fold_ROC_AUC_Variance,1.5,3.0,0.0047678185092598,TRUE,,0.0048,ensemble_voting,SEARCHER7,transfer_convnext_tiny_40.7_SEARCHER71,ensemble_voting_summary_00-00.csv
Fold_ROC_AUC_Variance,1.5,3.5,0.0058565325608199,TRUE,,0.0059,ensemble_voting,SEARCHER10,transfer_convnext_tiny_41.0_SEARCHER101,ensemble_voting_summary_00-00.csv
Fold_ROC_AUC_Variance,2.0,2.0,0.0026127473597665,TRUE,,0.0026,ensemble_voting,SEARCHER2,transfer_convnext_tiny_40.2_SEARCHER21,ensemble_voting_summary_00-00.csv
Fold_ROC_AUC_Variance,2.0,2.5,0.0079891927770551,TRUE,,0.0080,ensemble_voting,SEARCHER5,transfer_convnext_tiny_40.5_SEARCHER51,ensemble_voting_summary_00-00.csv
Fold_ROC_AUC_Variance,2.0,3.0,0.0078858372012299,TRUE,,0.0079,ensemble_voting,SEARCHER8,transfer_convnext_tiny_40.8_SEARCHER81,ensemble_voting_summary_00-00.csv
Fold_ROC_AUC_Variance,2.0,3.5,0.0065689276609458,TRUE,,0.0066,ensemble_voting,SEARCHER11,transfer_convnext_tiny_41.1_SEARCHER111,ensemble_voting_summary_00-00.csv
High_Entropy_Patients_Rate_%,1.0,2.0,3.508771929824561,FALSE,,3.5088,ensemble_voting,SEARCHER,transfer_convnext_tiny_38.0_SEARCHER,ensemble_voting_summary_00-00.csv
High_Entropy_Patients_Rate_%,1.0,2.5,8.771929824561402,FALSE,,8.7719,ensemble_voting,SEARCHER3,transfer_convnext_tiny_38.3_SEARCHER3,ensemble_voting_summary_00-00.csv
High_Entropy_Patients_Rate_%,1.0,3.0,7.894736842105263,FALSE,,7.8947,ensemble_voting,SEARCHER6,transfer_convnext_tiny_38.6_SEARCHER6,ensemble_voting_summary_00-00.csv
High_Entropy_Patients_Rate_%,1.0,3.5,7.017543859649122,FALSE,,7.0175,ensemble_voting,SEARCHER9,transfer_convnext_tiny_38.9_SEARCHER9,ensemble_voting_summary_00-00.csv
High_Entropy_Patients_Rate_%,1.5,2.0,3.508771929824561,FALSE,,3.5088,ensemble_voting,SEARCHER1,transfer_convnext_tiny_38.1_SEARCHER1,ensemble_voting_summary_00-00.csv
High_Entropy_Patients_Rate_%,1.5,2.5,7.017543859649122,FALSE,,7.0175,ensemble_voting,SEARCHER4,transfer_convnext_tiny_38.4_SEARCHER4,ensemble_voting_summary_00-00.csv
High_Entropy_Patients_Rate_%,1.5,3.0,3.508771929824561,FALSE,,3.5088,ensemble_voting,SEARCHER7,transfer_convnext_tiny_38.7_SEARCHER7,ensemble_voting_summary_00-00.csv
High_Entropy_Patients_Rate_%,1.5,3.5,3.508771929824561,FALSE,,3.5088,ensemble_voting,SEARCHER10,transfer_convnext_tiny_39.0_SEARCHER10,ensemble_voting_summary_00-00.csv
High_Entropy_Patients_Rate_%,2.0,2.0,2.631578947368421,FALSE,,2.6316,ensemble_voting,SEARCHER2,transfer_convnext_tiny_38.2_SEARCHER2,ensemble_voting_summary_00-00.csv
High_Entropy_Patients_Rate_%,2.0,2.5,6.140350877192982,FALSE,,6.1404,ensemble_voting,SEARCHER5,transfer_convnext_tiny_38.5_SEARCHER5,ensemble_voting_summary_00-00.csv
High_Entropy_Patients_Rate_%,2.0,3.0,8.771929824561402,FALSE,,8.7719,ensemble_voting,SEARCHER8,transfer_convnext_tiny_38.8_SEARCHER8,ensemble_voting_summary_00-00.csv
High_Entropy_Patients_Rate_%,2.0,3.5,7.894736842105263,FALSE,,7.8947,ensemble_voting,SEARCHER11,transfer_convnext_tiny_39.1_SEARCHER11,ensemble_voting_summary_00-00.csv
High_Entropy_Patients_Rate_%,1.0,2.0,4.385964912280701,TRUE,,4.3860,ensemble_voting,SEARCHER,transfer_convnext_tiny_40.0_SEARCHER01,ensemble_voting_summary_00-00.csv
High_Entropy_Patients_Rate_%,1.0,2.5,6.140350877192982,TRUE,,6.1404,ensemble_voting,SEARCHER3,transfer_convnext_tiny_40.3_SEARCHER31,ensemble_voting_summary_00-00.csv
High_Entropy_Patients_Rate_%,1.0,3.0,7.017543859649122,TRUE,,7.0175,ensemble_voting,SEARCHER6,transfer_convnext_tiny_40.6_SEARCHER61,ensemble_voting_summary_00-00.csv
High_Entropy_Patients_Rate_%,1.0,3.5,7.894736842105263,TRUE,,7.8947,ensemble_voting,SEARCHER9,transfer_convnext_tiny_40.9_SEARCHER91,ensemble_voting_summary_00-00.csv
High_Entropy_Patients_Rate_%,1.5,2.0,4.385964912280701,TRUE,,4.3860,ensemble_voting,SEARCHER1,transfer_convnext_tiny_40.1_SEARCHER12,ensemble_voting_summary_00-00.csv
High_Entropy_Patients_Rate_%,1.5,2.5,6.140350877192982,TRUE,,6.1404,ensemble_voting,SEARCHER4,transfer_convnext_tiny_40.4_SEARCHER41,ensemble_voting_summary_00-00.csv
High_Entropy_Patients_Rate_%,1.5,3.0,4.385964912280701,TRUE,,4.3860,ensemble_voting,SEARCHER7,transfer_convnext_tiny_40.7_SEARCHER71,ensemble_voting_summary_00-00.csv
High_Entropy_Patients_Rate_%,1.5,3.5,14.912280701754383,TRUE,,14.9123,ensemble_voting,SEARCHER10,transfer_convnext_tiny_41.0_SEARCHER101,ensemble_voting_summary_00-00.csv
High_Entropy_Patients_Rate_%,2.0,2.0,5.263157894736842,TRUE,,5.2632,ensemble_voting,SEARCHER2,transfer_convnext_tiny_40.2_SEARCHER21,ensemble_voting_summary_00-00.csv
High_Entropy_Patients_Rate_%,2.0,2.5,5.263157894736842,TRUE,,5.2632,ensemble_voting,SEARCHER5,transfer_convnext_tiny_40.5_SEARCHER51,ensemble_voting_summary_00-00.csv
High_Entropy_Patients_Rate_%,2.0,3.0,12.280701754385964,TRUE,,12.2807,ensemble_voting,SEARCHER8,transfer_convnext_tiny_40.8_SEARCHER81,ensemble_voting_summary_00-00.csv
High_Entropy_Patients_Rate_%,2.0,3.5,17.543859649122805,TRUE,,17.5439,ensemble_voting,SEARCHER11,transfer_convnext_tiny_41.1_SEARCHER111,ensemble_voting_summary_00-00.csv
Majority_Vote_Rescue_Rate_%,1.0,2.0,8.47457627118644,FALSE,,8.4746,ensemble_voting,SEARCHER,transfer_convnext_tiny_38.0_SEARCHER,ensemble_voting_summary_00-00.csv
Majority_Vote_Rescue_Rate_%,1.0,2.5,12.5,FALSE,,12.5000,ensemble_voting,SEARCHER3,transfer_convnext_tiny_38.3_SEARCHER3,ensemble_voting_summary_00-00.csv
Majority_Vote_Rescue_Rate_%,1.0,3.0,17.142857142857142,FALSE,,17.1429,ensemble_voting,SEARCHER6,transfer_convnext_tiny_38.6_SEARCHER6,ensemble_voting_summary_00-00.csv
Majority_Vote_Rescue_Rate_%,1.0,3.5,8.823529411764707,FALSE,,8.8235,ensemble_voting,SEARCHER9,transfer_convnext_tiny_38.9_SEARCHER9,ensemble_voting_summary_00-00.csv
Majority_Vote_Rescue_Rate_%,1.5,2.0,9.090909090909092,FALSE,,9.0909,ensemble_voting,SEARCHER1,transfer_convnext_tiny_38.1_SEARCHER1,ensemble_voting_summary_00-00.csv
Majority_Vote_Rescue_Rate_%,1.5,2.5,6.25,FALSE,,6.2500,ensemble_voting,SEARCHER4,transfer_convnext_tiny_38.4_SEARCHER4,ensemble_voting_summary_00-00.csv
Majority_Vote_Rescue_Rate_%,1.5,3.0,13.043478260869565,FALSE,,13.0435,ensemble_voting,SEARCHER7,transfer_convnext_tiny_38.7_SEARCHER7,ensemble_voting_summary_00-00.csv
Majority_Vote_Rescue_Rate_%,1.5,3.5,17.142857142857142,FALSE,,17.1429,ensemble_voting,SEARCHER10,transfer_convnext_tiny_39.0_SEARCHER10,ensemble_voting_summary_00-00.csv
Majority_Vote_Rescue_Rate_%,2.0,2.0,11.940298507462686,FALSE,,11.9403,ensemble_voting,SEARCHER2,transfer_convnext_tiny_38.2_SEARCHER2,ensemble_voting_summary_00-00.csv
Majority_Vote_Rescue_Rate_%,2.0,2.5,15.068493150684931,FALSE,,15.0685,ensemble_voting,SEARCHER5,transfer_convnext_tiny_38.5_SEARCHER5,ensemble_voting_summary_00-00.csv
Majority_Vote_Rescue_Rate_%,2.0,3.0,12.0,FALSE,,12.0000,ensemble_voting,SEARCHER8,transfer_convnext_tiny_38.8_SEARCHER8,ensemble_voting_summary_00-00.csv
Majority_Vote_Rescue_Rate_%,2.0,3.5,26.08695652173913,FALSE,,26.0870,ensemble_voting,SEARCHER11,transfer_convnext_tiny_39.1_SEARCHER11,ensemble_voting_summary_00-00.csv
Majority_Vote_Rescue_Rate_%,1.0,2.0,15.384615384615383,TRUE,,15.3846,ensemble_voting,SEARCHER,transfer_convnext_tiny_40.0_SEARCHER01,ensemble_voting_summary_00-00.csv
Majority_Vote_Rescue_Rate_%,1.0,2.5,10.16949152542373,TRUE,,10.1695,ensemble_voting,SEARCHER3,transfer_convnext_tiny_40.3_SEARCHER31,ensemble_voting_summary_00-00.csv
Majority_Vote_Rescue_Rate_%,1.0,3.0,11.76470588235294,TRUE,,11.7647,ensemble_voting,SEARCHER6,transfer_convnext_tiny_40.6_SEARCHER61,ensemble_voting_summary_00-00.csv
Majority_Vote_Rescue_Rate_%,1.0,3.5,9.090909090909092,TRUE,,9.0909,ensemble_voting,SEARCHER9,transfer_convnext_tiny_40.9_SEARCHER91,ensemble_voting_summary_00-00.csv
Majority_Vote_Rescue_Rate_%,1.5,2.0,13.432835820895525,TRUE,,13.4328,ensemble_voting,SEARCHER1,transfer_convnext_tiny_40.1_SEARCHER12,ensemble_voting_summary_00-00.csv
Majority_Vote_Rescue_Rate_%,1.5,2.5,14.705882352941178,TRUE,,14.7059,ensemble_voting,SEARCHER4,transfer_convnext_tiny_40.4_SEARCHER41,ensemble_voting_summary_00-00.csv
Majority_Vote_Rescue_Rate_%,1.5,3.0,11.76470588235294,TRUE,,11.7647,ensemble_voting,SEARCHER7,transfer_convnext_tiny_40.7_SEARCHER71,ensemble_voting_summary_00-00.csv
Majority_Vote_Rescue_Rate_%,1.5,3.5,20.689655172413797,TRUE,,20.6897,ensemble_voting,SEARCHER10,transfer_convnext_tiny_41.0_SEARCHER101,ensemble_voting_summary_00-00.csv
Majority_Vote_Rescue_Rate_%,2.0,2.0,12.307692307692308,TRUE,,12.3077,ensemble_voting,SEARCHER2,transfer_convnext_tiny_40.2_SEARCHER21,ensemble_voting_summary_00-00.csv
Majority_Vote_Rescue_Rate_%,2.0,2.5,15.27777777777778,TRUE,,15.2778,ensemble_voting,SEARCHER5,transfer_convnext_tiny_40.5_SEARCHER51,ensemble_voting_summary_00-00.csv
Majority_Vote_Rescue_Rate_%,2.0,3.0,17.5,TRUE,,17.5000,ensemble_voting,SEARCHER8,transfer_convnext_tiny_40.8_SEARCHER81,ensemble_voting_summary_00-00.csv
Majority_Vote_Rescue_Rate_%,2.0,3.5,24.731182795698924,TRUE,,24.7312,ensemble_voting,SEARCHER11,transfer_convnext_tiny_41.1_SEARCHER111,ensemble_voting_summary_00-00.csv
Matthews_Correlation_Coefficient,1.0,2.0,0.860178789599605,FALSE,,0.8602,ensemble_voting,SEARCHER,transfer_convnext_tiny_38.0_SEARCHER,ensemble_voting_summary_00-00.csv
Matthews_Correlation_Coefficient,1.0,2.5,0.8131727983645296,FALSE,,0.8132,ensemble_voting,SEARCHER3,transfer_convnext_tiny_38.3_SEARCHER3,ensemble_voting_summary_00-00.csv
Matthews_Correlation_Coefficient,1.0,3.0,0.7207499701564472,FALSE,,0.7207,ensemble_voting,SEARCHER6,transfer_convnext_tiny_38.6_SEARCHER6,ensemble_voting_summary_00-00.csv
Matthews_Correlation_Coefficient,1.0,3.5,0.7509584668447591,FALSE,,0.7510,ensemble_voting,SEARCHER9,transfer_convnext_tiny_38.9_SEARCHER9,ensemble_voting_summary_00-00.csv
Matthews_Correlation_Coefficient,1.5,2.0,0.7817359599705715,FALSE,,0.7817,ensemble_voting,SEARCHER1,transfer_convnext_tiny_38.1_SEARCHER1,ensemble_voting_summary_00-00.csv
Matthews_Correlation_Coefficient,1.5,2.5,0.8131727983645296,FALSE,,0.8132,ensemble_voting,SEARCHER4,transfer_convnext_tiny_38.4_SEARCHER4,ensemble_voting_summary_00-00.csv
Matthews_Correlation_Coefficient,1.5,3.0,0.7716807262833706,FALSE,,0.7717,ensemble_voting,SEARCHER7,transfer_convnext_tiny_38.7_SEARCHER7,ensemble_voting_summary_00-00.csv
Matthews_Correlation_Coefficient,1.5,3.5,0.7207499701564472,FALSE,,0.7207,ensemble_voting,SEARCHER10,transfer_convnext_tiny_39.0_SEARCHER10,ensemble_voting_summary_00-00.csv
Matthews_Correlation_Coefficient,2.0,2.0,0.7662705333804034,FALSE,,0.7663,ensemble_voting,SEARCHER2,transfer_convnext_tiny_38.2_SEARCHER2,ensemble_voting_summary_00-00.csv
Matthews_Correlation_Coefficient,2.0,2.5,0.7128714938817337,FALSE,,0.7129,ensemble_voting,SEARCHER5,transfer_convnext_tiny_38.5_SEARCHER5,ensemble_voting_summary_00-00.csv
Matthews_Correlation_Coefficient,2.0,3.0,0.6841302420111159,FALSE,,0.6841,ensemble_voting,SEARCHER8,transfer_convnext_tiny_38.8_SEARCHER8,ensemble_voting_summary_00-00.csv
Matthews_Correlation_Coefficient,2.0,3.5,0.4890096469218258,FALSE,,0.4890,ensemble_voting,SEARCHER11,transfer_convnext_tiny_39.1_SEARCHER11,ensemble_voting_summary_00-00.csv
Matthews_Correlation_Coefficient,1.0,2.0,0.7973661509306258,TRUE,,0.7974,ensemble_voting,SEARCHER,transfer_convnext_tiny_40.0_SEARCHER01,ensemble_voting_summary_00-00.csv
Matthews_Correlation_Coefficient,1.0,2.5,0.8250694512486008,TRUE,,0.8251,ensemble_voting,SEARCHER3,transfer_convnext_tiny_40.3_SEARCHER31,ensemble_voting_summary_00-00.csv
Matthews_Correlation_Coefficient,1.0,3.0,0.7509584668447591,TRUE,,0.7510,ensemble_voting,SEARCHER6,transfer_convnext_tiny_40.6_SEARCHER61,ensemble_voting_summary_00-00.csv
Matthews_Correlation_Coefficient,1.0,3.5,0.8172694126965067,TRUE,,0.8173,ensemble_voting,SEARCHER9,transfer_convnext_tiny_40.9_SEARCHER91,ensemble_voting_summary_00-00.csv
Matthews_Correlation_Coefficient,1.5,2.0,0.7662705333804034,TRUE,,0.7663,ensemble_voting,SEARCHER1,transfer_convnext_tiny_40.1_SEARCHER12,ensemble_voting_summary_00-00.csv
Matthews_Correlation_Coefficient,1.5,2.5,0.7509584668447591,TRUE,,0.7510,ensemble_voting,SEARCHER4,transfer_convnext_tiny_40.4_SEARCHER41,ensemble_voting_summary_00-00.csv
Matthews_Correlation_Coefficient,1.5,3.0,0.7509584668447591,TRUE,,0.7510,ensemble_voting,SEARCHER7,transfer_convnext_tiny_40.7_SEARCHER71,ensemble_voting_summary_00-00.csv
Matthews_Correlation_Coefficient,1.5,3.5,0.5158203838251441,TRUE,,0.5158,ensemble_voting,SEARCHER10,transfer_convnext_tiny_41.0_SEARCHER101,ensemble_voting_summary_00-00.csv
Matthews_Correlation_Coefficient,2.0,2.0,0.7973661509306258,TRUE,,0.7974,ensemble_voting,SEARCHER2,transfer_convnext_tiny_40.2_SEARCHER21,ensemble_voting_summary_00-00.csv
Matthews_Correlation_Coefficient,2.0,2.5,0.727392967453308,TRUE,,0.7274,ensemble_voting,SEARCHER5,transfer_convnext_tiny_40.5_SEARCHER51,ensemble_voting_summary_00-00.csv
Matthews_Correlation_Coefficient,2.0,3.0,0.6519202405202649,TRUE,,0.6519,ensemble_voting,SEARCHER8,transfer_convnext_tiny_40.8_SEARCHER81,ensemble_voting_summary_00-00.csv
Matthews_Correlation_Coefficient,2.0,3.5,0.4751909633114914,TRUE,,0.4752,ensemble_voting,SEARCHER11,transfer_convnext_tiny_41.1_SEARCHER111,ensemble_voting_summary_00-00.csv
Max_Disagreement_Count,1.0,2.0,2.5,FALSE,,2.5000,ensemble_voting,SEARCHER,transfer_convnext_tiny_38.0_SEARCHER,ensemble_voting_summary_00-00.csv
Max_Disagreement_Count,1.0,2.5,2.5,FALSE,,2.5000,ensemble_voting,SEARCHER3,transfer_convnext_tiny_38.3_SEARCHER3,ensemble_voting_summary_00-00.csv
Max_Disagreement_Count,1.0,3.0,2.5,FALSE,,2.5000,ensemble_voting,SEARCHER6,transfer_convnext_tiny_38.6_SEARCHER6,ensemble_voting_summary_00-00.csv
Max_Disagreement_Count,1.0,3.5,2.5,FALSE,,2.5000,ensemble_voting,SEARCHER9,transfer_convnext_tiny_38.9_SEARCHER9,ensemble_voting_summary_00-00.csv
Max_Disagreement_Count,1.5,2.0,2.5,FALSE,,2.5000,ensemble_voting,SEARCHER1,transfer_convnext_tiny_38.1_SEARCHER1,ensemble_voting_summary_00-00.csv
Max_Disagreement_Count,1.5,2.5,2.5,FALSE,,2.5000,ensemble_voting,SEARCHER4,transfer_convnext_tiny_38.4_SEARCHER4,ensemble_voting_summary_00-00.csv
Max_Disagreement_Count,1.5,3.0,2.5,FALSE,,2.5000,ensemble_voting,SEARCHER7,transfer_convnext_tiny_38.7_SEARCHER7,ensemble_voting_summary_00-00.csv
Max_Disagreement_Count,1.5,3.5,2.5,FALSE,,2.5000,ensemble_voting,SEARCHER10,transfer_convnext_tiny_39.0_SEARCHER10,ensemble_voting_summary_00-00.csv
Max_Disagreement_Count,2.0,2.0,2.5,FALSE,,2.5000,ensemble_voting,SEARCHER2,transfer_convnext_tiny_38.2_SEARCHER2,ensemble_voting_summary_00-00.csv
Max_Disagreement_Count,2.0,2.5,2.5,FALSE,,2.5000,ensemble_voting,SEARCHER5,transfer_convnext_tiny_38.5_SEARCHER5,ensemble_voting_summary_00-00.csv
Max_Disagreement_Count,2.0,3.0,2.5,FALSE,,2.5000,ensemble_voting,SEARCHER8,transfer_convnext_tiny_38.8_SEARCHER8,ensemble_voting_summary_00-00.csv
Max_Disagreement_Count,2.0,3.5,2.5,FALSE,,2.5000,ensemble_voting,SEARCHER11,transfer_convnext_tiny_39.1_SEARCHER11,ensemble_voting_summary_00-00.csv
Max_Disagreement_Count,1.0,2.0,2.5,TRUE,,2.5000,ensemble_voting,SEARCHER,transfer_convnext_tiny_40.0_SEARCHER01,ensemble_voting_summary_00-00.csv
Max_Disagreement_Count,1.0,2.5,2.5,TRUE,,2.5000,ensemble_voting,SEARCHER3,transfer_convnext_tiny_40.3_SEARCHER31,ensemble_voting_summary_00-00.csv
Max_Disagreement_Count,1.0,3.0,2.5,TRUE,,2.5000,ensemble_voting,SEARCHER6,transfer_convnext_tiny_40.6_SEARCHER61,ensemble_voting_summary_00-00.csv
Max_Disagreement_Count,1.0,3.5,2.5,TRUE,,2.5000,ensemble_voting,SEARCHER9,transfer_convnext_tiny_40.9_SEARCHER91,ensemble_voting_summary_00-00.csv
Max_Disagreement_Count,1.5,2.0,2.5,TRUE,,2.5000,ensemble_voting,SEARCHER1,transfer_convnext_tiny_40.1_SEARCHER12,ensemble_voting_summary_00-00.csv
Max_Disagreement_Count,1.5,2.5,2.5,TRUE,,2.5000,ensemble_voting,SEARCHER4,transfer_convnext_tiny_40.4_SEARCHER41,ensemble_voting_summary_00-00.csv
Max_Disagreement_Count,1.5,3.0,2.5,TRUE,,2.5000,ensemble_voting,SEARCHER7,transfer_convnext_tiny_40.7_SEARCHER71,ensemble_voting_summary_00-00.csv
Max_Disagreement_Count,1.5,3.5,2.5,TRUE,,2.5000,ensemble_voting,SEARCHER10,transfer_convnext_tiny_41.0_SEARCHER101,ensemble_voting_summary_00-00.csv
Max_Disagreement_Count,2.0,2.0,2.5,TRUE,,2.5000,ensemble_voting,SEARCHER2,transfer_convnext_tiny_40.2_SEARCHER21,ensemble_voting_summary_00-00.csv
Max_Disagreement_Count,2.0,2.5,2.5,TRUE,,2.5000,ensemble_voting,SEARCHER5,transfer_convnext_tiny_40.5_SEARCHER51,ensemble_voting_summary_00-00.csv
Max_Disagreement_Count,2.0,3.0,2.5,TRUE,,2.5000,ensemble_voting,SEARCHER8,transfer_convnext_tiny_40.8_SEARCHER81,ensemble_voting_summary_00-00.csv
Max_Disagreement_Count,2.0,3.5,2.5,TRUE,,2.5000,ensemble_voting,SEARCHER11,transfer_convnext_tiny_41.1_SEARCHER111,ensemble_voting_summary_00-00.csv
NPV_(Negative_Predictive_Value),1.0,2.0,0.9454545454545454,FALSE,,0.9455,ensemble_voting,SEARCHER,transfer_convnext_tiny_38.0_SEARCHER,ensemble_voting_summary_00-00.csv
NPV_(Negative_Predictive_Value),1.0,2.5,0.96,FALSE,,0.9600,ensemble_voting,SEARCHER3,transfer_convnext_tiny_38.3_SEARCHER3,ensemble_voting_summary_00-00.csv
NPV_(Negative_Predictive_Value),1.0,3.0,0.9545454545454546,FALSE,,0.9545,ensemble_voting,SEARCHER6,transfer_convnext_tiny_38.6_SEARCHER6,ensemble_voting_summary_00-00.csv
NPV_(Negative_Predictive_Value),1.0,3.5,0.9565217391304348,FALSE,,0.9565,ensemble_voting,SEARCHER9,transfer_convnext_tiny_38.9_SEARCHER9,ensemble_voting_summary_00-00.csv
NPV_(Negative_Predictive_Value),1.5,2.0,0.9583333333333334,FALSE,,0.9583,ensemble_voting,SEARCHER1,transfer_convnext_tiny_38.1_SEARCHER1,ensemble_voting_summary_00-00.csv
NPV_(Negative_Predictive_Value),1.5,2.5,0.96,FALSE,,0.9600,ensemble_voting,SEARCHER4,transfer_convnext_tiny_38.4_SEARCHER4,ensemble_voting_summary_00-00.csv
NPV_(Negative_Predictive_Value),1.5,3.0,0.9777777777777776,FALSE,,0.9778,ensemble_voting,SEARCHER7,transfer_convnext_tiny_38.7_SEARCHER7,ensemble_voting_summary_00-00.csv
NPV_(Negative_Predictive_Value),1.5,3.5,0.9545454545454546,FALSE,,0.9545,ensemble_voting,SEARCHER10,transfer_convnext_tiny_39.0_SEARCHER10,ensemble_voting_summary_00-00.csv
NPV_(Negative_Predictive_Value),2.0,2.0,0.9574468085106383,FALSE,,0.9574,ensemble_voting,SEARCHER2,transfer_convnext_tiny_38.2_SEARCHER2,ensemble_voting_summary_00-00.csv
NPV_(Negative_Predictive_Value),2.0,2.5,0.975609756097561,FALSE,,0.9756,ensemble_voting,SEARCHER5,transfer_convnext_tiny_38.5_SEARCHER5,ensemble_voting_summary_00-00.csv
NPV_(Negative_Predictive_Value),2.0,3.0,0.9743589743589745,FALSE,,0.9744,ensemble_voting,SEARCHER8,transfer_convnext_tiny_38.8_SEARCHER8,ensemble_voting_summary_00-00.csv
NPV_(Negative_Predictive_Value),2.0,3.5,1.0,FALSE,,1.0000,ensemble_voting,SEARCHER11,transfer_convnext_tiny_39.1_SEARCHER11,ensemble_voting_summary_00-00.csv
NPV_(Negative_Predictive_Value),1.0,2.0,0.9591836734693876,TRUE,,0.9592,ensemble_voting,SEARCHER,transfer_convnext_tiny_40.0_SEARCHER01,ensemble_voting_summary_00-00.csv
NPV_(Negative_Predictive_Value),1.0,2.5,0.9272727272727272,TRUE,,0.9273,ensemble_voting,SEARCHER3,transfer_convnext_tiny_40.3_SEARCHER31,ensemble_voting_summary_00-00.csv
NPV_(Negative_Predictive_Value),1.0,3.0,0.9565217391304348,TRUE,,0.9565,ensemble_voting,SEARCHER6,transfer_convnext_tiny_40.6_SEARCHER61,ensemble_voting_summary_00-00.csv
NPV_(Negative_Predictive_Value),1.0,3.5,0.9791666666666666,TRUE,,0.9792,ensemble_voting,SEARCHER9,transfer_convnext_tiny_40.9_SEARCHER91,ensemble_voting_summary_00-00.csv
NPV_(Negative_Predictive_Value),1.5,2.0,0.9574468085106383,TRUE,,0.9574,ensemble_voting,SEARCHER1,transfer_convnext_tiny_40.1_SEARCHER12,ensemble_voting_summary_00-00.csv
NPV_(Negative_Predictive_Value),1.5,2.5,0.9565217391304348,TRUE,,0.9565,ensemble_voting,SEARCHER4,transfer_convnext_tiny_40.4_SEARCHER41,ensemble_voting_summary_00-00.csv
NPV_(Negative_Predictive_Value),1.5,3.0,0.9565217391304348,TRUE,,0.9565,ensemble_voting,SEARCHER7,transfer_convnext_tiny_40.7_SEARCHER71,ensemble_voting_summary_00-00.csv
NPV_(Negative_Predictive_Value),1.5,3.5,0.9629629629629628,TRUE,,0.9630,ensemble_voting,SEARCHER10,transfer_convnext_tiny_41.0_SEARCHER101,ensemble_voting_summary_00-00.csv
NPV_(Negative_Predictive_Value),2.0,2.0,0.9591836734693876,TRUE,,0.9592,ensemble_voting,SEARCHER2,transfer_convnext_tiny_40.2_SEARCHER21,ensemble_voting_summary_00-00.csv
NPV_(Negative_Predictive_Value),2.0,2.5,0.9761904761904762,TRUE,,0.9762,ensemble_voting,SEARCHER5,transfer_convnext_tiny_40.5_SEARCHER51,ensemble_voting_summary_00-00.csv
NPV_(Negative_Predictive_Value),2.0,3.0,1.0,TRUE,,1.0000,ensemble_voting,SEARCHER8,transfer_convnext_tiny_40.8_SEARCHER81,ensemble_voting_summary_00-00.csv
NPV_(Negative_Predictive_Value),2.0,3.5,1.0,TRUE,,1.0000,ensemble_voting,SEARCHER11,transfer_convnext_tiny_41.1_SEARCHER111,ensemble_voting_summary_00-00.csv
PPV_(Positive_Predictive_Value),1.0,2.0,0.9152542372881356,FALSE,,0.9153,ensemble_voting,SEARCHER,transfer_convnext_tiny_38.0_SEARCHER,ensemble_voting_summary_00-00.csv
PPV_(Positive_Predictive_Value),1.0,2.5,0.859375,FALSE,,0.8594,ensemble_voting,SEARCHER3,transfer_convnext_tiny_38.3_SEARCHER3,ensemble_voting_summary_00-00.csv
PPV_(Positive_Predictive_Value),1.0,3.0,0.7857142857142857,FALSE,,0.7857,ensemble_voting,SEARCHER6,transfer_convnext_tiny_38.6_SEARCHER6,ensemble_voting_summary_00-00.csv
PPV_(Positive_Predictive_Value),1.0,3.5,0.8088235294117647,FALSE,,0.8088,ensemble_voting,SEARCHER9,transfer_convnext_tiny_38.9_SEARCHER9,ensemble_voting_summary_00-00.csv
PPV_(Positive_Predictive_Value),1.5,2.0,0.8333333333333334,FALSE,,0.8333,ensemble_voting,SEARCHER1,transfer_convnext_tiny_38.1_SEARCHER1,ensemble_voting_summary_00-00.csv
PPV_(Positive_Predictive_Value),1.5,2.5,0.859375,FALSE,,0.8594,ensemble_voting,SEARCHER4,transfer_convnext_tiny_38.4_SEARCHER4,ensemble_voting_summary_00-00.csv
PPV_(Positive_Predictive_Value),1.5,3.0,0.8115942028985508,FALSE,,0.8116,ensemble_voting,SEARCHER7,transfer_convnext_tiny_38.7_SEARCHER7,ensemble_voting_summary_00-00.csv
PPV_(Positive_Predictive_Value),1.5,3.5,0.7857142857142857,FALSE,,0.7857,ensemble_voting,SEARCHER10,transfer_convnext_tiny_39.0_SEARCHER10,ensemble_voting_summary_00-00.csv
PPV_(Positive_Predictive_Value),2.0,2.0,0.8208955223880597,FALSE,,0.8209,ensemble_voting,SEARCHER2,transfer_convnext_tiny_38.2_SEARCHER2,ensemble_voting_summary_00-00.csv
PPV_(Positive_Predictive_Value),2.0,2.5,0.7671232876712328,FALSE,,0.7671,ensemble_voting,SEARCHER5,transfer_convnext_tiny_38.5_SEARCHER5,ensemble_voting_summary_00-00.csv
PPV_(Positive_Predictive_Value),2.0,3.0,0.7466666666666667,FALSE,,0.7467,ensemble_voting,SEARCHER8,transfer_convnext_tiny_38.8_SEARCHER8,ensemble_voting_summary_00-00.csv
PPV_(Positive_Predictive_Value),2.0,3.5,0.6195652173913043,FALSE,,0.6196,ensemble_voting,SEARCHER11,transfer_convnext_tiny_39.1_SEARCHER11,ensemble_voting_summary_00-00.csv
PPV_(Positive_Predictive_Value),1.0,2.0,0.8461538461538461,TRUE,,0.8462,ensemble_voting,SEARCHER,transfer_convnext_tiny_40.0_SEARCHER01,ensemble_voting_summary_00-00.csv
PPV_(Positive_Predictive_Value),1.0,2.5,0.8983050847457628,TRUE,,0.8983,ensemble_voting,SEARCHER3,transfer_convnext_tiny_40.3_SEARCHER31,ensemble_voting_summary_00-00.csv
PPV_(Positive_Predictive_Value),1.0,3.0,0.8088235294117647,TRUE,,0.8088,ensemble_voting,SEARCHER6,transfer_convnext_tiny_40.6_SEARCHER61,ensemble_voting_summary_00-00.csv
PPV_(Positive_Predictive_Value),1.0,3.5,0.8484848484848485,TRUE,,0.8485,ensemble_voting,SEARCHER9,transfer_convnext_tiny_40.9_SEARCHER91,ensemble_voting_summary_00-00.csv
PPV_(Positive_Predictive_Value),1.5,2.0,0.8208955223880597,TRUE,,0.8209,ensemble_voting,SEARCHER1,transfer_convnext_tiny_40.1_SEARCHER12,ensemble_voting_summary_00-00.csv
PPV_(Positive_Predictive_Value),1.5,2.5,0.8088235294117647,TRUE,,0.8088,ensemble_voting,SEARCHER4,transfer_convnext_tiny_40.4_SEARCHER41,ensemble_voting_summary_00-00.csv
PPV_(Positive_Predictive_Value),1.5,3.0,0.8088235294117647,TRUE,,0.8088,ensemble_voting,SEARCHER7,transfer_convnext_tiny_40.7_SEARCHER71,ensemble_voting_summary_00-00.csv
PPV_(Positive_Predictive_Value),1.5,3.5,0.6436781609195402,TRUE,,0.6437,ensemble_voting,SEARCHER10,transfer_convnext_tiny_41.0_SEARCHER101,ensemble_voting_summary_00-00.csv
PPV_(Positive_Predictive_Value),2.0,2.0,0.8461538461538461,TRUE,,0.8462,ensemble_voting,SEARCHER2,transfer_convnext_tiny_40.2_SEARCHER21,ensemble_voting_summary_00-00.csv
PPV_(Positive_Predictive_Value),2.0,2.5,0.7777777777777778,TRUE,,0.7778,ensemble_voting,SEARCHER5,transfer_convnext_tiny_40.5_SEARCHER51,ensemble_voting_summary_00-00.csv
PPV_(Positive_Predictive_Value),2.0,3.0,0.7125,TRUE,,0.7125,ensemble_voting,SEARCHER8,transfer_convnext_tiny_40.8_SEARCHER81,ensemble_voting_summary_00-00.csv
PPV_(Positive_Predictive_Value),2.0,3.5,0.6129032258064516,TRUE,,0.6129,ensemble_voting,SEARCHER11,transfer_convnext_tiny_41.1_SEARCHER111,ensemble_voting_summary_00-00.csv
Precision,1.0,2.0,0.9152542372881356,FALSE,,0.9153,ensemble_voting,SEARCHER,transfer_convnext_tiny_38.0_SEARCHER,ensemble_voting_summary_00-00.csv
Precision,1.0,2.5,0.859375,FALSE,,0.8594,ensemble_voting,SEARCHER3,transfer_convnext_tiny_38.3_SEARCHER3,ensemble_voting_summary_00-00.csv
Precision,1.0,3.0,0.7857142857142857,FALSE,,0.7857,ensemble_voting,SEARCHER6,transfer_convnext_tiny_38.6_SEARCHER6,ensemble_voting_summary_00-00.csv
Precision,1.0,3.5,0.8088235294117647,FALSE,,0.8088,ensemble_voting,SEARCHER9,transfer_convnext_tiny_38.9_SEARCHER9,ensemble_voting_summary_00-00.csv
Precision,1.5,2.0,0.8333333333333334,FALSE,,0.8333,ensemble_voting,SEARCHER1,transfer_convnext_tiny_38.1_SEARCHER1,ensemble_voting_summary_00-00.csv
Precision,1.5,2.5,0.859375,FALSE,,0.8594,ensemble_voting,SEARCHER4,transfer_convnext_tiny_38.4_SEARCHER4,ensemble_voting_summary_00-00.csv
Precision,1.5,3.0,0.8115942028985508,FALSE,,0.8116,ensemble_voting,SEARCHER7,transfer_convnext_tiny_38.7_SEARCHER7,ensemble_voting_summary_00-00.csv
Precision,1.5,3.5,0.7857142857142857,FALSE,,0.7857,ensemble_voting,SEARCHER10,transfer_convnext_tiny_39.0_SEARCHER10,ensemble_voting_summary_00-00.csv
Precision,2.0,2.0,0.8208955223880597,FALSE,,0.8209,ensemble_voting,SEARCHER2,transfer_convnext_tiny_38.2_SEARCHER2,ensemble_voting_summary_00-00.csv
Precision,2.0,2.5,0.7671232876712328,FALSE,,0.7671,ensemble_voting,SEARCHER5,transfer_convnext_tiny_38.5_SEARCHER5,ensemble_voting_summary_00-00.csv
Precision,2.0,3.0,0.7466666666666667,FALSE,,0.7467,ensemble_voting,SEARCHER8,transfer_convnext_tiny_38.8_SEARCHER8,ensemble_voting_summary_00-00.csv
Precision,2.0,3.5,0.6195652173913043,FALSE,,0.6196,ensemble_voting,SEARCHER11,transfer_convnext_tiny_39.1_SEARCHER11,ensemble_voting_summary_00-00.csv
Precision,1.0,2.0,0.8461538461538461,TRUE,,0.8462,ensemble_voting,SEARCHER,transfer_convnext_tiny_40.0_SEARCHER01,ensemble_voting_summary_00-00.csv
Precision,1.0,2.5,0.8983050847457628,TRUE,,0.8983,ensemble_voting,SEARCHER3,transfer_convnext_tiny_40.3_SEARCHER31,ensemble_voting_summary_00-00.csv
Precision,1.0,3.0,0.8088235294117647,TRUE,,0.8088,ensemble_voting,SEARCHER6,transfer_convnext_tiny_40.6_SEARCHER61,ensemble_voting_summary_00-00.csv
Precision,1.0,3.5,0.8484848484848485,TRUE,,0.8485,ensemble_voting,SEARCHER9,transfer_convnext_tiny_40.9_SEARCHER91,ensemble_voting_summary_00-00.csv
Precision,1.5,2.0,0.8208955223880597,TRUE,,0.8209,ensemble_voting,SEARCHER1,transfer_convnext_tiny_40.1_SEARCHER12,ensemble_voting_summary_00-00.csv
Precision,1.5,2.5,0.8088235294117647,TRUE,,0.8088,ensemble_voting,SEARCHER4,transfer_convnext_tiny_40.4_SEARCHER41,ensemble_voting_summary_00-00.csv
Precision,1.5,3.0,0.8088235294117647,TRUE,,0.8088,ensemble_voting,SEARCHER7,transfer_convnext_tiny_40.7_SEARCHER71,ensemble_voting_summary_00-00.csv
Precision,1.5,3.5,0.6436781609195402,TRUE,,0.6437,ensemble_voting,SEARCHER10,transfer_convnext_tiny_41.0_SEARCHER101,ensemble_voting_summary_00-00.csv
Precision,2.0,2.0,0.8461538461538461,TRUE,,0.8462,ensemble_voting,SEARCHER2,transfer_convnext_tiny_40.2_SEARCHER21,ensemble_voting_summary_00-00.csv
Precision,2.0,2.5,0.7777777777777778,TRUE,,0.7778,ensemble_voting,SEARCHER5,transfer_convnext_tiny_40.5_SEARCHER51,ensemble_voting_summary_00-00.csv
Precision,2.0,3.0,0.7125,TRUE,,0.7125,ensemble_voting,SEARCHER8,transfer_convnext_tiny_40.8_SEARCHER81,ensemble_voting_summary_00-00.csv
Precision,2.0,3.5,0.6129032258064516,TRUE,,0.6129,ensemble_voting,SEARCHER11,transfer_convnext_tiny_41.1_SEARCHER111,ensemble_voting_summary_00-00.csv
Precision_Variance_Across_Folds,1.0,2.0,0.0203006778681373,FALSE,,0.0203,ensemble_voting,SEARCHER,transfer_convnext_tiny_38.0_SEARCHER,ensemble_voting_summary_00-00.csv
Precision_Variance_Across_Folds,1.0,2.5,0.0404251875207962,FALSE,,0.0404,ensemble_voting,SEARCHER3,transfer_convnext_tiny_38.3_SEARCHER3,ensemble_voting_summary_00-00.csv
Precision_Variance_Across_Folds,1.0,3.0,0.0487136196114677,FALSE,,0.0487,ensemble_voting,SEARCHER6,transfer_convnext_tiny_38.6_SEARCHER6,ensemble_voting_summary_00-00.csv
Precision_Variance_Across_Folds,1.0,3.5,0.0495736869981996,FALSE,,0.0496,ensemble_voting,SEARCHER9,transfer_convnext_tiny_38.9_SEARCHER9,ensemble_voting_summary_00-00.csv
Precision_Variance_Across_Folds,1.5,2.0,0.0223927296668539,FALSE,,0.0224,ensemble_voting,SEARCHER1,transfer_convnext_tiny_38.1_SEARCHER1,ensemble_voting_summary_00-00.csv
Precision_Variance_Across_Folds,1.5,2.5,0.0228222279109038,FALSE,,0.0228,ensemble_voting,SEARCHER4,transfer_convnext_tiny_38.4_SEARCHER4,ensemble_voting_summary_00-00.csv
Precision_Variance_Across_Folds,1.5,3.0,0.0372611435695614,FALSE,,0.0373,ensemble_voting,SEARCHER7,transfer_convnext_tiny_38.7_SEARCHER7,ensemble_voting_summary_00-00.csv
Precision_Variance_Across_Folds,1.5,3.5,0.0294756537825619,FALSE,,0.0295,ensemble_voting,SEARCHER10,transfer_convnext_tiny_39.0_SEARCHER10,ensemble_voting_summary_00-00.csv
Precision_Variance_Across_Folds,2.0,2.0,0.0419805027201202,FALSE,,0.0420,ensemble_voting,SEARCHER2,transfer_convnext_tiny_38.2_SEARCHER2,ensemble_voting_summary_00-00.csv
Precision_Variance_Across_Folds,2.0,2.5,0.0371764375619868,FALSE,,0.0372,ensemble_voting,SEARCHER5,transfer_convnext_tiny_38.5_SEARCHER5,ensemble_voting_summary_00-00.csv
Precision_Variance_Across_Folds,2.0,3.0,0.0561071529812853,FALSE,,0.0561,ensemble_voting,SEARCHER8,transfer_convnext_tiny_38.8_SEARCHER8,ensemble_voting_summary_00-00.csv
Precision_Variance_Across_Folds,2.0,3.5,0.0847971672952952,FALSE,,0.0848,ensemble_voting,SEARCHER11,transfer_convnext_tiny_39.1_SEARCHER11,ensemble_voting_summary_00-00.csv
Precision_Variance_Across_Folds,1.0,2.0,0.0353864206666297,TRUE,,0.0354,ensemble_voting,SEARCHER,transfer_convnext_tiny_40.0_SEARCHER01,ensemble_voting_summary_00-00.csv
Precision_Variance_Across_Folds,1.0,2.5,0.0243181881875598,TRUE,,0.0243,ensemble_voting,SEARCHER3,transfer_convnext_tiny_40.3_SEARCHER31,ensemble_voting_summary_00-00.csv
Precision_Variance_Across_Folds,1.0,3.0,0.0465874915190743,TRUE,,0.0466,ensemble_voting,SEARCHER6,transfer_convnext_tiny_40.6_SEARCHER61,ensemble_voting_summary_00-00.csv
Precision_Variance_Across_Folds,1.0,3.5,0.0390118104680328,TRUE,,0.0390,ensemble_voting,SEARCHER9,transfer_convnext_tiny_40.9_SEARCHER91,ensemble_voting_summary_00-00.csv
Precision_Variance_Across_Folds,1.5,2.0,0.0499283525553785,TRUE,,0.0499,ensemble_voting,SEARCHER1,transfer_convnext_tiny_40.1_SEARCHER12,ensemble_voting_summary_00-00.csv
Precision_Variance_Across_Folds,1.5,2.5,0.0434162379747629,TRUE,,0.0434,ensemble_voting,SEARCHER4,transfer_convnext_tiny_40.4_SEARCHER41,ensemble_voting_summary_00-00.csv
Precision_Variance_Across_Folds,1.5,3.0,0.0380398427970175,TRUE,,0.0380,ensemble_voting,SEARCHER7,transfer_convnext_tiny_40.7_SEARCHER71,ensemble_voting_summary_00-00.csv
Precision_Variance_Across_Folds,1.5,3.5,0.0917505784582605,TRUE,,0.0918,ensemble_voting,SEARCHER10,transfer_convnext_tiny_41.0_SEARCHER101,ensemble_voting_summary_00-00.csv
Precision_Variance_Across_Folds,2.0,2.0,0.0347873408014619,TRUE,,0.0348,ensemble_voting,SEARCHER2,transfer_convnext_tiny_40.2_SEARCHER21,ensemble_voting_summary_00-00.csv
Precision_Variance_Across_Folds,2.0,2.5,0.0218504155902043,TRUE,,0.0219,ensemble_voting,SEARCHER5,transfer_convnext_tiny_40.5_SEARCHER51,ensemble_voting_summary_00-00.csv
Precision_Variance_Across_Folds,2.0,3.0,0.0538193155825129,TRUE,,0.0538,ensemble_voting,SEARCHER8,transfer_convnext_tiny_40.8_SEARCHER81,ensemble_voting_summary_00-00.csv
Precision_Variance_Across_Folds,2.0,3.5,0.0983255875696877,TRUE,,0.0983,ensemble_voting,SEARCHER11,transfer_convnext_tiny_41.1_SEARCHER111,ensemble_voting_summary_00-00.csv
Recall,1.0,2.0,0.9473684210526316,FALSE,,0.9474,ensemble_voting,SEARCHER,transfer_convnext_tiny_38.0_SEARCHER,ensemble_voting_summary_00-00.csv
Recall,1.0,2.5,0.9649122807017544,FALSE,,0.9649,ensemble_voting,SEARCHER3,transfer_convnext_tiny_38.3_SEARCHER3,ensemble_voting_summary_00-00.csv
Recall,1.0,3.0,0.9649122807017544,FALSE,,0.9649,ensemble_voting,SEARCHER6,transfer_convnext_tiny_38.6_SEARCHER6,ensemble_voting_summary_00-00.csv
Recall,1.0,3.5,0.9649122807017544,FALSE,,0.9649,ensemble_voting,SEARCHER9,transfer_convnext_tiny_38.9_SEARCHER9,ensemble_voting_summary_00-00.csv
Recall,1.5,2.0,0.9649122807017544,FALSE,,0.9649,ensemble_voting,SEARCHER1,transfer_convnext_tiny_38.1_SEARCHER1,ensemble_voting_summary_00-00.csv
Recall,1.5,2.5,0.9649122807017544,FALSE,,0.9649,ensemble_voting,SEARCHER4,transfer_convnext_tiny_38.4_SEARCHER4,ensemble_voting_summary_00-00.csv
Recall,1.5,3.0,0.9824561403508772,FALSE,,0.9825,ensemble_voting,SEARCHER7,transfer_convnext_tiny_38.7_SEARCHER7,ensemble_voting_summary_00-00.csv
Recall,1.5,3.5,0.9649122807017544,FALSE,,0.9649,ensemble_voting,SEARCHER10,transfer_convnext_tiny_39.0_SEARCHER10,ensemble_voting_summary_00-00.csv
Recall,2.0,2.0,0.9649122807017544,FALSE,,0.9649,ensemble_voting,SEARCHER2,transfer_convnext_tiny_38.2_SEARCHER2,ensemble_voting_summary_00-00.csv
Recall,2.0,2.5,0.9824561403508772,FALSE,,0.9825,ensemble_voting,SEARCHER5,transfer_convnext_tiny_38.5_SEARCHER5,ensemble_voting_summary_00-00.csv
Recall,2.0,3.0,0.9824561403508772,FALSE,,0.9825,ensemble_voting,SEARCHER8,transfer_convnext_tiny_38.8_SEARCHER8,ensemble_voting_summary_00-00.csv
Recall,2.0,3.5,1.0,FALSE,,1.0000,ensemble_voting,SEARCHER11,transfer_convnext_tiny_39.1_SEARCHER11,ensemble_voting_summary_00-00.csv
Recall,1.0,2.0,0.9649122807017544,TRUE,,0.9649,ensemble_voting,SEARCHER,transfer_convnext_tiny_40.0_SEARCHER01,ensemble_voting_summary_00-00.csv
Recall,1.0,2.5,0.9298245614035088,TRUE,,0.9298,ensemble_voting,SEARCHER3,transfer_convnext_tiny_40.3_SEARCHER31,ensemble_voting_summary_00-00.csv
Recall,1.0,3.0,0.9649122807017544,TRUE,,0.9649,ensemble_voting,SEARCHER6,transfer_convnext_tiny_40.6_SEARCHER61,ensemble_voting_summary_00-00.csv
Recall,1.0,3.5,0.9824561403508772,TRUE,,0.9825,ensemble_voting,SEARCHER9,transfer_convnext_tiny_40.9_SEARCHER91,ensemble_voting_summary_00-00.csv
Recall,1.5,2.0,0.9649122807017544,TRUE,,0.9649,ensemble_voting,SEARCHER1,transfer_convnext_tiny_40.1_SEARCHER12,ensemble_voting_summary_00-00.csv
Recall,1.5,2.5,0.9649122807017544,TRUE,,0.9649,ensemble_voting,SEARCHER4,transfer_convnext_tiny_40.4_SEARCHER41,ensemble_voting_summary_00-00.csv
Recall,1.5,3.0,0.9649122807017544,TRUE,,0.9649,ensemble_voting,SEARCHER7,transfer_convnext_tiny_40.7_SEARCHER71,ensemble_voting_summary_00-00.csv
Recall,1.5,3.5,0.9824561403508772,TRUE,,0.9825,ensemble_voting,SEARCHER10,transfer_convnext_tiny_41.0_SEARCHER101,ensemble_voting_summary_00-00.csv
Recall,2.0,2.0,0.9649122807017544,TRUE,,0.9649,ensemble_voting,SEARCHER2,transfer_convnext_tiny_40.2_SEARCHER21,ensemble_voting_summary_00-00.csv
Recall,2.0,2.5,0.9824561403508772,TRUE,,0.9825,ensemble_voting,SEARCHER5,transfer_convnext_tiny_40.5_SEARCHER51,ensemble_voting_summary_00-00.csv
Recall,2.0,3.0,1.0,TRUE,,1.0000,ensemble_voting,SEARCHER8,transfer_convnext_tiny_40.8_SEARCHER81,ensemble_voting_summary_00-00.csv
Recall,2.0,3.5,1.0,TRUE,,1.0000,ensemble_voting,SEARCHER11,transfer_convnext_tiny_41.1_SEARCHER111,ensemble_voting_summary_00-00.csv
Recall_Variance_Across_Folds,1.0,2.0,0.0374634324632677,FALSE,,0.0375,ensemble_voting,SEARCHER,transfer_convnext_tiny_38.0_SEARCHER,ensemble_voting_summary_00-00.csv
Recall_Variance_Across_Folds,1.0,2.5,0.0561403508771929,FALSE,,0.0561,ensemble_voting,SEARCHER3,transfer_convnext_tiny_38.3_SEARCHER3,ensemble_voting_summary_00-00.csv
Recall_Variance_Across_Folds,1.0,3.0,0.0377906302255052,FALSE,,0.0378,ensemble_voting,SEARCHER6,transfer_convnext_tiny_38.6_SEARCHER6,ensemble_voting_summary_00-00.csv
Recall_Variance_Across_Folds,1.0,3.5,0.0438245473571817,FALSE,,0.0438,ensemble_voting,SEARCHER9,transfer_convnext_tiny_38.9_SEARCHER9,ensemble_voting_summary_00-00.csv
Recall_Variance_Across_Folds,1.5,2.0,0.0210526315789473,FALSE,,0.0211,ensemble_voting,SEARCHER1,transfer_convnext_tiny_38.1_SEARCHER1,ensemble_voting_summary_00-00.csv
Recall_Variance_Across_Folds,1.5,2.5,0.0421052631578947,FALSE,,0.0421,ensemble_voting,SEARCHER4,transfer_convnext_tiny_38.4_SEARCHER4,ensemble_voting_summary_00-00.csv
Recall_Variance_Across_Folds,1.5,3.0,0.0262572448194662,FALSE,,0.0263,ensemble_voting,SEARCHER7,transfer_convnext_tiny_38.7_SEARCHER7,ensemble_voting_summary_00-00.csv
Recall_Variance_Across_Folds,1.5,3.5,0.0325390122648972,FALSE,,0.0325,ensemble_voting,SEARCHER10,transfer_convnext_tiny_39.0_SEARCHER10,ensemble_voting_summary_00-00.csv
Recall_Variance_Across_Folds,2.0,2.0,0.0423966525389283,FALSE,,0.0424,ensemble_voting,SEARCHER2,transfer_convnext_tiny_38.2_SEARCHER2,ensemble_voting_summary_00-00.csv
Recall_Variance_Across_Folds,2.0,2.5,0.0357825930778441,FALSE,,0.0358,ensemble_voting,SEARCHER5,transfer_convnext_tiny_38.5_SEARCHER5,ensemble_voting_summary_00-00.csv
Recall_Variance_Across_Folds,2.0,3.0,0.0368003104621105,FALSE,,0.0368,ensemble_voting,SEARCHER8,transfer_convnext_tiny_38.8_SEARCHER8,ensemble_voting_summary_00-00.csv
Recall_Variance_Across_Folds,2.0,3.5,0.0301835974282197,FALSE,,0.0302,ensemble_voting,SEARCHER11,transfer_convnext_tiny_39.1_SEARCHER11,ensemble_voting_summary_00-00.csv
Recall_Variance_Across_Folds,1.0,2.0,0.0325390122648972,TRUE,,0.0325,ensemble_voting,SEARCHER,transfer_convnext_tiny_40.0_SEARCHER01,ensemble_voting_summary_00-00.csv
Recall_Variance_Across_Folds,1.0,2.5,0.0513289082046589,TRUE,,0.0513,ensemble_voting,SEARCHER3,transfer_convnext_tiny_40.3_SEARCHER31,ensemble_voting_summary_00-00.csv
Recall_Variance_Across_Folds,1.0,3.0,0.0374634324632677,TRUE,,0.0375,ensemble_voting,SEARCHER6,transfer_convnext_tiny_40.6_SEARCHER61,ensemble_voting_summary_00-00.csv
Recall_Variance_Across_Folds,1.0,3.5,0.0536738896167661,TRUE,,0.0537,ensemble_voting,SEARCHER9,transfer_convnext_tiny_40.9_SEARCHER91,ensemble_voting_summary_00-00.csv
Recall_Variance_Across_Folds,1.5,2.0,0.0488715378146811,TRUE,,0.0489,ensemble_voting,SEARCHER1,transfer_convnext_tiny_40.1_SEARCHER12,ensemble_voting_summary_00-00.csv
Recall_Variance_Across_Folds,1.5,2.5,0.0257841025556124,TRUE,,0.0258,ensemble_voting,SEARCHER4,transfer_convnext_tiny_40.4_SEARCHER41,ensemble_voting_summary_00-00.csv
Recall_Variance_Across_Folds,1.5,3.0,0.0305887645160749,TRUE,,0.0306,ensemble_voting,SEARCHER7,transfer_convnext_tiny_40.7_SEARCHER71,ensemble_voting_summary_00-00.csv
Recall_Variance_Across_Folds,1.5,3.5,0.0421052631578947,TRUE,,0.0421,ensemble_voting,SEARCHER10,transfer_convnext_tiny_41.0_SEARCHER101,ensemble_voting_summary_00-00.csv
Recall_Variance_Across_Folds,2.0,2.0,0.0257841025556124,TRUE,,0.0258,ensemble_voting,SEARCHER2,transfer_convnext_tiny_40.2_SEARCHER21,ensemble_voting_summary_00-00.csv
Recall_Variance_Across_Folds,2.0,2.5,0.0262572448194662,TRUE,,0.0263,ensemble_voting,SEARCHER5,transfer_convnext_tiny_40.5_SEARCHER51,ensemble_voting_summary_00-00.csv
Recall_Variance_Across_Folds,2.0,3.0,0.0192183353510584,TRUE,,0.0192,ensemble_voting,SEARCHER8,transfer_convnext_tiny_40.8_SEARCHER81,ensemble_voting_summary_00-00.csv
Recall_Variance_Across_Folds,2.0,3.5,0.0361250180385508,TRUE,,0.0361,ensemble_voting,SEARCHER11,transfer_convnext_tiny_41.1_SEARCHER111,ensemble_voting_summary_00-00.csv
Safety_Override_Activation_Rate_%,1.0,2.0,51.75438596491229,FALSE,,51.7544,ensemble_voting,SEARCHER,transfer_convnext_tiny_38.0_SEARCHER,ensemble_voting_summary_00-00.csv
Safety_Override_Activation_Rate_%,1.0,2.5,56.14035087719298,FALSE,,56.1404,ensemble_voting,SEARCHER3,transfer_convnext_tiny_38.3_SEARCHER3,ensemble_voting_summary_00-00.csv
Safety_Override_Activation_Rate_%,1.0,3.0,61.40350877192983,FALSE,,61.4035,ensemble_voting,SEARCHER6,transfer_convnext_tiny_38.6_SEARCHER6,ensemble_voting_summary_00-00.csv
Safety_Override_Activation_Rate_%,1.0,3.5,59.64912280701754,FALSE,,59.6491,ensemble_voting,SEARCHER9,transfer_convnext_tiny_38.9_SEARCHER9,ensemble_voting_summary_00-00.csv
Safety_Override_Activation_Rate_%,1.5,2.0,57.89473684210527,FALSE,,57.8947,ensemble_voting,SEARCHER1,transfer_convnext_tiny_38.1_SEARCHER1,ensemble_voting_summary_00-00.csv
Safety_Override_Activation_Rate_%,1.5,2.5,56.14035087719298,FALSE,,56.1404,ensemble_voting,SEARCHER4,transfer_convnext_tiny_38.4_SEARCHER4,ensemble_voting_summary_00-00.csv
Safety_Override_Activation_Rate_%,1.5,3.0,60.526315789473685,FALSE,,60.5263,ensemble_voting,SEARCHER7,transfer_convnext_tiny_38.7_SEARCHER7,ensemble_voting_summary_00-00.csv
Safety_Override_Activation_Rate_%,1.5,3.5,61.40350877192983,FALSE,,61.4035,ensemble_voting,SEARCHER10,transfer_convnext_tiny_39.0_SEARCHER10,ensemble_voting_summary_00-00.csv
Safety_Override_Activation_Rate_%,2.0,2.0,58.77192982456141,FALSE,,58.7719,ensemble_voting,SEARCHER2,transfer_convnext_tiny_38.2_SEARCHER2,ensemble_voting_summary_00-00.csv
Safety_Override_Activation_Rate_%,2.0,2.5,64.03508771929825,FALSE,,64.0351,ensemble_voting,SEARCHER5,transfer_convnext_tiny_38.5_SEARCHER5,ensemble_voting_summary_00-00.csv
Safety_Override_Activation_Rate_%,2.0,3.0,65.78947368421053,FALSE,,65.7895,ensemble_voting,SEARCHER8,transfer_convnext_tiny_38.8_SEARCHER8,ensemble_voting_summary_00-00.csv
Safety_Override_Activation_Rate_%,2.0,3.5,80.7017543859649,FALSE,,80.7018,ensemble_voting,SEARCHER11,transfer_convnext_tiny_39.1_SEARCHER11,ensemble_voting_summary_00-00.csv
Safety_Override_Activation_Rate_%,1.0,2.0,57.01754385964912,TRUE,,57.0175,ensemble_voting,SEARCHER,transfer_convnext_tiny_40.0_SEARCHER01,ensemble_voting_summary_00-00.csv
Safety_Override_Activation_Rate_%,1.0,2.5,51.75438596491229,TRUE,,51.7544,ensemble_voting,SEARCHER3,transfer_convnext_tiny_40.3_SEARCHER31,ensemble_voting_summary_00-00.csv
Safety_Override_Activation_Rate_%,1.0,3.0,59.64912280701754,TRUE,,59.6491,ensemble_voting,SEARCHER6,transfer_convnext_tiny_40.6_SEARCHER61,ensemble_voting_summary_00-00.csv
Safety_Override_Activation_Rate_%,1.0,3.5,57.89473684210527,TRUE,,57.8947,ensemble_voting,SEARCHER9,transfer_convnext_tiny_40.9_SEARCHER91,ensemble_voting_summary_00-00.csv
Safety_Override_Activation_Rate_%,1.5,2.0,58.77192982456141,TRUE,,58.7719,ensemble_voting,SEARCHER1,transfer_convnext_tiny_40.1_SEARCHER12,ensemble_voting_summary_00-00.csv
Safety_Override_Activation_Rate_%,1.5,2.5,59.64912280701754,TRUE,,59.6491,ensemble_voting,SEARCHER4,transfer_convnext_tiny_40.4_SEARCHER41,ensemble_voting_summary_00-00.csv
Safety_Override_Activation_Rate_%,1.5,3.0,59.64912280701754,TRUE,,59.6491,ensemble_voting,SEARCHER7,transfer_convnext_tiny_40.7_SEARCHER71,ensemble_voting_summary_00-00.csv
Safety_Override_Activation_Rate_%,1.5,3.5,76.31578947368422,TRUE,,76.3158,ensemble_voting,SEARCHER10,transfer_convnext_tiny_41.0_SEARCHER101,ensemble_voting_summary_00-00.csv
Safety_Override_Activation_Rate_%,2.0,2.0,57.01754385964912,TRUE,,57.0175,ensemble_voting,SEARCHER2,transfer_convnext_tiny_40.2_SEARCHER21,ensemble_voting_summary_00-00.csv
Safety_Override_Activation_Rate_%,2.0,2.5,63.1578947368421,TRUE,,63.1579,ensemble_voting,SEARCHER5,transfer_convnext_tiny_40.5_SEARCHER51,ensemble_voting_summary_00-00.csv
Safety_Override_Activation_Rate_%,2.0,3.0,70.17543859649122,TRUE,,70.1754,ensemble_voting,SEARCHER8,transfer_convnext_tiny_40.8_SEARCHER81,ensemble_voting_summary_00-00.csv
Safety_Override_Activation_Rate_%,2.0,3.5,81.57894736842105,TRUE,,81.5789,ensemble_voting,SEARCHER11,transfer_convnext_tiny_41.1_SEARCHER111,ensemble_voting_summary_00-00.csv
Sensitivity,1.0,2.0,0.9473684210526316,FALSE,,0.9474,ensemble_voting,SEARCHER,transfer_convnext_tiny_38.0_SEARCHER,ensemble_voting_summary_00-00.csv
Sensitivity,1.0,2.5,0.9649122807017544,FALSE,,0.9649,ensemble_voting,SEARCHER3,transfer_convnext_tiny_38.3_SEARCHER3,ensemble_voting_summary_00-00.csv
Sensitivity,1.0,3.0,0.9649122807017544,FALSE,,0.9649,ensemble_voting,SEARCHER6,transfer_convnext_tiny_38.6_SEARCHER6,ensemble_voting_summary_00-00.csv
Sensitivity,1.0,3.5,0.9649122807017544,FALSE,,0.9649,ensemble_voting,SEARCHER9,transfer_convnext_tiny_38.9_SEARCHER9,ensemble_voting_summary_00-00.csv
Sensitivity,1.5,2.0,0.9649122807017544,FALSE,,0.9649,ensemble_voting,SEARCHER1,transfer_convnext_tiny_38.1_SEARCHER1,ensemble_voting_summary_00-00.csv
Sensitivity,1.5,2.5,0.9649122807017544,FALSE,,0.9649,ensemble_voting,SEARCHER4,transfer_convnext_tiny_38.4_SEARCHER4,ensemble_voting_summary_00-00.csv
Sensitivity,1.5,3.0,0.9824561403508772,FALSE,,0.9825,ensemble_voting,SEARCHER7,transfer_convnext_tiny_38.7_SEARCHER7,ensemble_voting_summary_00-00.csv
Sensitivity,1.5,3.5,0.9649122807017544,FALSE,,0.9649,ensemble_voting,SEARCHER10,transfer_convnext_tiny_39.0_SEARCHER10,ensemble_voting_summary_00-00.csv
Sensitivity,2.0,2.0,0.9649122807017544,FALSE,,0.9649,ensemble_voting,SEARCHER2,transfer_convnext_tiny_38.2_SEARCHER2,ensemble_voting_summary_00-00.csv
Sensitivity,2.0,2.5,0.9824561403508772,FALSE,,0.9825,ensemble_voting,SEARCHER5,transfer_convnext_tiny_38.5_SEARCHER5,ensemble_voting_summary_00-00.csv
Sensitivity,2.0,3.0,0.9824561403508772,FALSE,,0.9825,ensemble_voting,SEARCHER8,transfer_convnext_tiny_38.8_SEARCHER8,ensemble_voting_summary_00-00.csv
Sensitivity,2.0,3.5,1.0,FALSE,,1.0000,ensemble_voting,SEARCHER11,transfer_convnext_tiny_39.1_SEARCHER11,ensemble_voting_summary_00-00.csv
Sensitivity,1.0,2.0,0.9649122807017544,TRUE,,0.9649,ensemble_voting,SEARCHER,transfer_convnext_tiny_40.0_SEARCHER01,ensemble_voting_summary_00-00.csv
Sensitivity,1.0,2.5,0.9298245614035088,TRUE,,0.9298,ensemble_voting,SEARCHER3,transfer_convnext_tiny_40.3_SEARCHER31,ensemble_voting_summary_00-00.csv
Sensitivity,1.0,3.0,0.9649122807017544,TRUE,,0.9649,ensemble_voting,SEARCHER6,transfer_convnext_tiny_40.6_SEARCHER61,ensemble_voting_summary_00-00.csv
Sensitivity,1.0,3.5,0.9824561403508772,TRUE,,0.9825,ensemble_voting,SEARCHER9,transfer_convnext_tiny_40.9_SEARCHER91,ensemble_voting_summary_00-00.csv
Sensitivity,1.5,2.0,0.9649122807017544,TRUE,,0.9649,ensemble_voting,SEARCHER1,transfer_convnext_tiny_40.1_SEARCHER12,ensemble_voting_summary_00-00.csv
Sensitivity,1.5,2.5,0.9649122807017544,TRUE,,0.9649,ensemble_voting,SEARCHER4,transfer_convnext_tiny_40.4_SEARCHER41,ensemble_voting_summary_00-00.csv
Sensitivity,1.5,3.0,0.9649122807017544,TRUE,,0.9649,ensemble_voting,SEARCHER7,transfer_convnext_tiny_40.7_SEARCHER71,ensemble_voting_summary_00-00.csv
Sensitivity,1.5,3.5,0.9824561403508772,TRUE,,0.9825,ensemble_voting,SEARCHER10,transfer_convnext_tiny_41.0_SEARCHER101,ensemble_voting_summary_00-00.csv
Sensitivity,2.0,2.0,0.9649122807017544,TRUE,,0.9649,ensemble_voting,SEARCHER2,transfer_convnext_tiny_40.2_SEARCHER21,ensemble_voting_summary_00-00.csv
Sensitivity,2.0,2.5,0.9824561403508772,TRUE,,0.9825,ensemble_voting,SEARCHER5,transfer_convnext_tiny_40.5_SEARCHER51,ensemble_voting_summary_00-00.csv
Sensitivity,2.0,3.0,1.0,TRUE,,1.0000,ensemble_voting,SEARCHER8,transfer_convnext_tiny_40.8_SEARCHER81,ensemble_voting_summary_00-00.csv
Sensitivity,2.0,3.5,1.0,TRUE,,1.0000,ensemble_voting,SEARCHER11,transfer_convnext_tiny_41.1_SEARCHER111,ensemble_voting_summary_00-00.csv
Specificity,1.0,2.0,0.912280701754386,FALSE,,0.9123,ensemble_voting,SEARCHER,transfer_convnext_tiny_38.0_SEARCHER,ensemble_voting_summary_00-00.csv
Specificity,1.0,2.5,0.8421052631578947,FALSE,,0.8421,ensemble_voting,SEARCHER3,transfer_convnext_tiny_38.3_SEARCHER3,ensemble_voting_summary_00-00.csv
Specificity,1.0,3.0,0.7368421052631579,FALSE,,0.7368,ensemble_voting,SEARCHER6,transfer_convnext_tiny_38.6_SEARCHER6,ensemble_voting_summary_00-00.csv
Specificity,1.0,3.5,0.7719298245614035,FALSE,,0.7719,ensemble_voting,SEARCHER9,transfer_convnext_tiny_38.9_SEARCHER9,ensemble_voting_summary_00-00.csv
Specificity,1.5,2.0,0.8070175438596491,FALSE,,0.8070,ensemble_voting,SEARCHER1,transfer_convnext_tiny_38.1_SEARCHER1,ensemble_voting_summary_00-00.csv
Specificity,1.5,2.5,0.8421052631578947,FALSE,,0.8421,ensemble_voting,SEARCHER4,transfer_convnext_tiny_38.4_SEARCHER4,ensemble_voting_summary_00-00.csv
Specificity,1.5,3.0,0.7719298245614035,FALSE,,0.7719,ensemble_voting,SEARCHER7,transfer_convnext_tiny_38.7_SEARCHER7,ensemble_voting_summary_00-00.csv
Specificity,1.5,3.5,0.7368421052631579,FALSE,,0.7368,ensemble_voting,SEARCHER10,transfer_convnext_tiny_39.0_SEARCHER10,ensemble_voting_summary_00-00.csv
Specificity,2.0,2.0,0.7894736842105263,FALSE,,0.7895,ensemble_voting,SEARCHER2,transfer_convnext_tiny_38.2_SEARCHER2,ensemble_voting_summary_00-00.csv
Specificity,2.0,2.5,0.7017543859649122,FALSE,,0.7018,ensemble_voting,SEARCHER5,transfer_convnext_tiny_38.5_SEARCHER5,ensemble_voting_summary_00-00.csv
Specificity,2.0,3.0,0.6666666666666666,FALSE,,0.6667,ensemble_voting,SEARCHER8,transfer_convnext_tiny_38.8_SEARCHER8,ensemble_voting_summary_00-00.csv
Specificity,2.0,3.5,0.3859649122807017,FALSE,,0.3860,ensemble_voting,SEARCHER11,transfer_convnext_tiny_39.1_SEARCHER11,ensemble_voting_summary_00-00.csv
Specificity,1.0,2.0,0.8245614035087719,TRUE,,0.8246,ensemble_voting,SEARCHER,transfer_convnext_tiny_40.0_SEARCHER01,ensemble_voting_summary_00-00.csv
Specificity,1.0,2.5,0.8947368421052632,TRUE,,0.8947,ensemble_voting,SEARCHER3,transfer_convnext_tiny_40.3_SEARCHER31,ensemble_voting_summary_00-00.csv
Specificity,1.0,3.0,0.7719298245614035,TRUE,,0.7719,ensemble_voting,SEARCHER6,transfer_convnext_tiny_40.6_SEARCHER61,ensemble_voting_summary_00-00.csv
Specificity,1.0,3.5,0.8245614035087719,TRUE,,0.8246,ensemble_voting,SEARCHER9,transfer_convnext_tiny_40.9_SEARCHER91,ensemble_voting_summary_00-00.csv
Specificity,1.5,2.0,0.7894736842105263,TRUE,,0.7895,ensemble_voting,SEARCHER1,transfer_convnext_tiny_40.1_SEARCHER12,ensemble_voting_summary_00-00.csv
Specificity,1.5,2.5,0.7719298245614035,TRUE,,0.7719,ensemble_voting,SEARCHER4,transfer_convnext_tiny_40.4_SEARCHER41,ensemble_voting_summary_00-00.csv
Specificity,1.5,3.0,0.7719298245614035,TRUE,,0.7719,ensemble_voting,SEARCHER7,transfer_convnext_tiny_40.7_SEARCHER71,ensemble_voting_summary_00-00.csv
Specificity,1.5,3.5,0.4561403508771929,TRUE,,0.4561,ensemble_voting,SEARCHER10,transfer_convnext_tiny_41.0_SEARCHER101,ensemble_voting_summary_00-00.csv
Specificity,2.0,2.0,0.8245614035087719,TRUE,,0.8246,ensemble_voting,SEARCHER2,transfer_convnext_tiny_40.2_SEARCHER21,ensemble_voting_summary_00-00.csv
Specificity,2.0,2.5,0.7192982456140351,TRUE,,0.7193,ensemble_voting,SEARCHER5,transfer_convnext_tiny_40.5_SEARCHER51,ensemble_voting_summary_00-00.csv
Specificity,2.0,3.0,0.5964912280701754,TRUE,,0.5965,ensemble_voting,SEARCHER8,transfer_convnext_tiny_40.8_SEARCHER81,ensemble_voting_summary_00-00.csv
Specificity,2.0,3.5,0.3684210526315789,TRUE,,0.3684,ensemble_voting,SEARCHER11,transfer_convnext_tiny_41.1_SEARCHER111,ensemble_voting_summary_00-00.csv
Specificity_Variance_Across_Folds,1.0,2.0,0.0204594803327905,FALSE,,0.0205,ensemble_voting,SEARCHER,transfer_convnext_tiny_38.0_SEARCHER,ensemble_voting_summary_00-00.csv
Specificity_Variance_Across_Folds,1.0,2.5,0.0452073639534214,FALSE,,0.0452,ensemble_voting,SEARCHER3,transfer_convnext_tiny_38.3_SEARCHER3,ensemble_voting_summary_00-00.csv
Specificity_Variance_Across_Folds,1.0,3.0,0.0559206226333657,FALSE,,0.0559,ensemble_voting,SEARCHER6,transfer_convnext_tiny_38.6_SEARCHER6,ensemble_voting_summary_00-00.csv
Specificity_Variance_Across_Folds,1.0,3.5,0.0570107958220067,FALSE,,0.0570,ensemble_voting,SEARCHER9,transfer_convnext_tiny_38.9_SEARCHER9,ensemble_voting_summary_00-00.csv
Specificity_Variance_Across_Folds,1.5,2.0,0.0262572448194662,FALSE,,0.0263,ensemble_voting,SEARCHER1,transfer_convnext_tiny_38.1_SEARCHER1,ensemble_voting_summary_00-00.csv
Specificity_Variance_Across_Folds,1.5,2.5,0.0285053979110033,FALSE,,0.0285,ensemble_voting,SEARCHER4,transfer_convnext_tiny_38.4_SEARCHER4,ensemble_voting_summary_00-00.csv
Specificity_Variance_Across_Folds,1.5,3.0,0.0452073639534214,FALSE,,0.0452,ensemble_voting,SEARCHER7,transfer_convnext_tiny_38.7_SEARCHER7,ensemble_voting_summary_00-00.csv
Specificity_Variance_Across_Folds,1.5,3.5,0.0361250180385508,FALSE,,0.0361,ensemble_voting,SEARCHER10,transfer_convnext_tiny_39.0_SEARCHER10,ensemble_voting_summary_00-00.csv
Specificity_Variance_Across_Folds,2.0,2.0,0.0527484083451681,FALSE,,0.0527,ensemble_voting,SEARCHER2,transfer_convnext_tiny_38.2_SEARCHER2,ensemble_voting_summary_00-00.csv
Specificity_Variance_Across_Folds,2.0,2.5,0.053213161010888,FALSE,,0.0532,ensemble_voting,SEARCHER5,transfer_convnext_tiny_38.5_SEARCHER5,ensemble_voting_summary_00-00.csv
Specificity_Variance_Across_Folds,2.0,3.0,0.0779863535820802,FALSE,,0.0780,ensemble_voting,SEARCHER8,transfer_convnext_tiny_38.8_SEARCHER8,ensemble_voting_summary_00-00.csv
Specificity_Variance_Across_Folds,2.0,3.5,0.1594851674015931,FALSE,,0.1595,ensemble_voting,SEARCHER11,transfer_convnext_tiny_39.1_SEARCHER11,ensemble_voting_summary_00-00.csv
Specificity_Variance_Across_Folds,1.0,2.0,0.0384366707021169,TRUE,,0.0384,ensemble_voting,SEARCHER,transfer_convnext_tiny_40.0_SEARCHER01,ensemble_voting_summary_00-00.csv
Specificity_Variance_Across_Folds,1.0,2.5,0.0248107642521595,TRUE,,0.0248,ensemble_voting,SEARCHER3,transfer_convnext_tiny_40.3_SEARCHER31,ensemble_voting_summary_00-00.csv
Specificity_Variance_Across_Folds,1.0,3.0,0.0536738896167661,TRUE,,0.0537,ensemble_voting,SEARCHER6,transfer_convnext_tiny_40.6_SEARCHER61,ensemble_voting_summary_00-00.csv
Specificity_Variance_Across_Folds,1.0,3.5,0.047075115315785,TRUE,,0.0471,ensemble_voting,SEARCHER9,transfer_convnext_tiny_40.9_SEARCHER91,ensemble_voting_summary_00-00.csv
Specificity_Variance_Across_Folds,1.5,2.0,0.0601629059630955,TRUE,,0.0602,ensemble_voting,SEARCHER1,transfer_convnext_tiny_40.1_SEARCHER12,ensemble_voting_summary_00-00.csv
Specificity_Variance_Across_Folds,1.5,2.5,0.0536738896167661,TRUE,,0.0537,ensemble_voting,SEARCHER4,transfer_convnext_tiny_40.4_SEARCHER41,ensemble_voting_summary_00-00.csv
Specificity_Variance_Across_Folds,1.5,3.0,0.0452073639534214,TRUE,,0.0452,ensemble_voting,SEARCHER7,transfer_convnext_tiny_40.7_SEARCHER71,ensemble_voting_summary_00-00.csv
Specificity_Variance_Across_Folds,1.5,3.5,0.1406137888386938,TRUE,,0.1406,ensemble_voting,SEARCHER10,transfer_convnext_tiny_41.0_SEARCHER101,ensemble_voting_summary_00-00.csv
Specificity_Variance_Across_Folds,2.0,2.0,0.040918960665581,TRUE,,0.0409,ensemble_voting,SEARCHER2,transfer_convnext_tiny_40.2_SEARCHER21,ensemble_voting_summary_00-00.csv
Specificity_Variance_Across_Folds,2.0,2.5,0.0285053979110033,TRUE,,0.0285,ensemble_voting,SEARCHER5,transfer_convnext_tiny_40.5_SEARCHER51,ensemble_voting_summary_00-00.csv
Specificity_Variance_Across_Folds,2.0,3.0,0.0804725960784541,TRUE,,0.0805,ensemble_voting,SEARCHER8,transfer_convnext_tiny_40.8_SEARCHER81,ensemble_voting_summary_00-00.csv
Specificity_Variance_Across_Folds,2.0,3.5,0.1709603889835765,TRUE,,0.1710,ensemble_voting,SEARCHER11,transfer_convnext_tiny_41.1_SEARCHER111,ensemble_voting_summary_00-00.csv
Strong_Signal_Patients_Rate_(4-5_Models)_%,1.0,2.0,88.13559322033898,FALSE,,88.1356,ensemble_voting,SEARCHER,transfer_convnext_tiny_38.0_SEARCHER,ensemble_voting_summary_00-00.csv
Strong_Signal_Patients_Rate_(4-5_Models)_%,1.0,2.5,76.5625,FALSE,,76.5625,ensemble_voting,SEARCHER3,transfer_convnext_tiny_38.3_SEARCHER3,ensemble_voting_summary_00-00.csv
Strong_Signal_Patients_Rate_(4-5_Models)_%,1.0,3.0,74.28571428571429,FALSE,,74.2857,ensemble_voting,SEARCHER6,transfer_convnext_tiny_38.6_SEARCHER6,ensemble_voting_summary_00-00.csv
Strong_Signal_Patients_Rate_(4-5_Models)_%,1.0,3.5,83.82352941176471,FALSE,,83.8235,ensemble_voting,SEARCHER9,transfer_convnext_tiny_38.9_SEARCHER9,ensemble_voting_summary_00-00.csv
Strong_Signal_Patients_Rate_(4-5_Models)_%,1.5,2.0,86.36363636363636,FALSE,,86.3636,ensemble_voting,SEARCHER1,transfer_convnext_tiny_38.1_SEARCHER1,ensemble_voting_summary_00-00.csv
Strong_Signal_Patients_Rate_(4-5_Models)_%,1.5,2.5,84.375,FALSE,,84.3750,ensemble_voting,SEARCHER4,transfer_convnext_tiny_38.4_SEARCHER4,ensemble_voting_summary_00-00.csv
Strong_Signal_Patients_Rate_(4-5_Models)_%,1.5,3.0,82.6086956521739,FALSE,,82.6087,ensemble_voting,SEARCHER7,transfer_convnext_tiny_38.7_SEARCHER7,ensemble_voting_summary_00-00.csv
Strong_Signal_Patients_Rate_(4-5_Models)_%,1.5,3.5,81.42857142857143,FALSE,,81.4286,ensemble_voting,SEARCHER10,transfer_convnext_tiny_39.0_SEARCHER10,ensemble_voting_summary_00-00.csv
Strong_Signal_Patients_Rate_(4-5_Models)_%,2.0,2.0,83.5820895522388,FALSE,,83.5821,ensemble_voting,SEARCHER2,transfer_convnext_tiny_38.2_SEARCHER2,ensemble_voting_summary_00-00.csv
Strong_Signal_Patients_Rate_(4-5_Models)_%,2.0,2.5,82.1917808219178,FALSE,,82.1918,ensemble_voting,SEARCHER5,transfer_convnext_tiny_38.5_SEARCHER5,ensemble_voting_summary_00-00.csv
Strong_Signal_Patients_Rate_(4-5_Models)_%,2.0,3.0,80.0,FALSE,,80.0000,ensemble_voting,SEARCHER8,transfer_convnext_tiny_38.8_SEARCHER8,ensemble_voting_summary_00-00.csv
Strong_Signal_Patients_Rate_(4-5_Models)_%,2.0,3.5,69.56521739130434,FALSE,,69.5652,ensemble_voting,SEARCHER11,transfer_convnext_tiny_39.1_SEARCHER11,ensemble_voting_summary_00-00.csv
Strong_Signal_Patients_Rate_(4-5_Models)_%,1.0,2.0,78.46153846153847,TRUE,,78.4615,ensemble_voting,SEARCHER,transfer_convnext_tiny_40.0_SEARCHER01,ensemble_voting_summary_00-00.csv
Strong_Signal_Patients_Rate_(4-5_Models)_%,1.0,2.5,81.35593220338984,TRUE,,81.3559,ensemble_voting,SEARCHER3,transfer_convnext_tiny_40.3_SEARCHER31,ensemble_voting_summary_00-00.csv
Strong_Signal_Patients_Rate_(4-5_Models)_%,1.0,3.0,80.88235294117648,TRUE,,80.8824,ensemble_voting,SEARCHER6,transfer_convnext_tiny_40.6_SEARCHER61,ensemble_voting_summary_00-00.csv
Strong_Signal_Patients_Rate_(4-5_Models)_%,1.0,3.5,78.78787878787878,TRUE,,78.7879,ensemble_voting,SEARCHER9,transfer_convnext_tiny_40.9_SEARCHER91,ensemble_voting_summary_00-00.csv
Strong_Signal_Patients_Rate_(4-5_Models)_%,1.5,2.0,83.5820895522388,TRUE,,83.5821,ensemble_voting,SEARCHER1,transfer_convnext_tiny_40.1_SEARCHER12,ensemble_voting_summary_00-00.csv
Strong_Signal_Patients_Rate_(4-5_Models)_%,1.5,2.5,80.88235294117648,TRUE,,80.8824,ensemble_voting,SEARCHER4,transfer_convnext_tiny_40.4_SEARCHER41,ensemble_voting_summary_00-00.csv
Strong_Signal_Patients_Rate_(4-5_Models)_%,1.5,3.0,85.29411764705883,TRUE,,85.2941,ensemble_voting,SEARCHER7,transfer_convnext_tiny_40.7_SEARCHER71,ensemble_voting_summary_00-00.csv
Strong_Signal_Patients_Rate_(4-5_Models)_%,1.5,3.5,68.96551724137932,TRUE,,68.9655,ensemble_voting,SEARCHER10,transfer_convnext_tiny_41.0_SEARCHER101,ensemble_voting_summary_00-00.csv
Strong_Signal_Patients_Rate_(4-5_Models)_%,2.0,2.0,86.15384615384616,TRUE,,86.1538,ensemble_voting,SEARCHER2,transfer_convnext_tiny_40.2_SEARCHER21,ensemble_voting_summary_00-00.csv
Strong_Signal_Patients_Rate_(4-5_Models)_%,2.0,2.5,80.55555555555556,TRUE,,80.5556,ensemble_voting,SEARCHER5,transfer_convnext_tiny_40.5_SEARCHER51,ensemble_voting_summary_00-00.csv
Strong_Signal_Patients_Rate_(4-5_Models)_%,2.0,3.0,73.75,TRUE,,73.7500,ensemble_voting,SEARCHER8,transfer_convnext_tiny_40.8_SEARCHER81,ensemble_voting_summary_00-00.csv
Strong_Signal_Patients_Rate_(4-5_Models)_%,2.0,3.5,64.51612903225806,TRUE,,64.5161,ensemble_voting,SEARCHER11,transfer_convnext_tiny_41.1_SEARCHER111,ensemble_voting_summary_00-00.csv
TN_(True_Negatives),1.0,2.0,52.0,FALSE,,52.0000,ensemble_voting,SEARCHER,transfer_convnext_tiny_38.0_SEARCHER,ensemble_voting_summary_00-00.csv
TN_(True_Negatives),1.0,2.5,48.0,FALSE,,48.0000,ensemble_voting,SEARCHER3,transfer_convnext_tiny_38.3_SEARCHER3,ensemble_voting_summary_00-00.csv
TN_(True_Negatives),1.0,3.0,42.0,FALSE,,42.0000,ensemble_voting,SEARCHER6,transfer_convnext_tiny_38.6_SEARCHER6,ensemble_voting_summary_00-00.csv
TN_(True_Negatives),1.0,3.5,44.0,FALSE,,44.0000,ensemble_voting,SEARCHER9,transfer_convnext_tiny_38.9_SEARCHER9,ensemble_voting_summary_00-00.csv
TN_(True_Negatives),1.5,2.0,46.0,FALSE,,46.0000,ensemble_voting,SEARCHER1,transfer_convnext_tiny_38.1_SEARCHER1,ensemble_voting_summary_00-00.csv
TN_(True_Negatives),1.5,2.5,48.0,FALSE,,48.0000,ensemble_voting,SEARCHER4,transfer_convnext_tiny_38.4_SEARCHER4,ensemble_voting_summary_00-00.csv
TN_(True_Negatives),1.5,3.0,44.0,FALSE,,44.0000,ensemble_voting,SEARCHER7,transfer_convnext_tiny_38.7_SEARCHER7,ensemble_voting_summary_00-00.csv
TN_(True_Negatives),1.5,3.5,42.0,FALSE,,42.0000,ensemble_voting,SEARCHER10,transfer_convnext_tiny_39.0_SEARCHER10,ensemble_voting_summary_00-00.csv
TN_(True_Negatives),2.0,2.0,45.0,FALSE,,45.0000,ensemble_voting,SEARCHER2,transfer_convnext_tiny_38.2_SEARCHER2,ensemble_voting_summary_00-00.csv
TN_(True_Negatives),2.0,2.5,40.0,FALSE,,40.0000,ensemble_voting,SEARCHER5,transfer_convnext_tiny_38.5_SEARCHER5,ensemble_voting_summary_00-00.csv
TN_(True_Negatives),2.0,3.0,38.0,FALSE,,38.0000,ensemble_voting,SEARCHER8,transfer_convnext_tiny_38.8_SEARCHER8,ensemble_voting_summary_00-00.csv
TN_(True_Negatives),2.0,3.5,22.0,FALSE,,22.0000,ensemble_voting,SEARCHER11,transfer_convnext_tiny_39.1_SEARCHER11,ensemble_voting_summary_00-00.csv
TN_(True_Negatives),1.0,2.0,47.0,TRUE,,47.0000,ensemble_voting,SEARCHER,transfer_convnext_tiny_40.0_SEARCHER01,ensemble_voting_summary_00-00.csv
TN_(True_Negatives),1.0,2.5,51.0,TRUE,,51.0000,ensemble_voting,SEARCHER3,transfer_convnext_tiny_40.3_SEARCHER31,ensemble_voting_summary_00-00.csv
TN_(True_Negatives),1.0,3.0,44.0,TRUE,,44.0000,ensemble_voting,SEARCHER6,transfer_convnext_tiny_40.6_SEARCHER61,ensemble_voting_summary_00-00.csv
TN_(True_Negatives),1.0,3.5,47.0,TRUE,,47.0000,ensemble_voting,SEARCHER9,transfer_convnext_tiny_40.9_SEARCHER91,ensemble_voting_summary_00-00.csv
TN_(True_Negatives),1.5,2.0,45.0,TRUE,,45.0000,ensemble_voting,SEARCHER1,transfer_convnext_tiny_40.1_SEARCHER12,ensemble_voting_summary_00-00.csv
TN_(True_Negatives),1.5,2.5,44.0,TRUE,,44.0000,ensemble_voting,SEARCHER4,transfer_convnext_tiny_40.4_SEARCHER41,ensemble_voting_summary_00-00.csv
TN_(True_Negatives),1.5,3.0,44.0,TRUE,,44.0000,ensemble_voting,SEARCHER7,transfer_convnext_tiny_40.7_SEARCHER71,ensemble_voting_summary_00-00.csv
TN_(True_Negatives),1.5,3.5,26.0,TRUE,,26.0000,ensemble_voting,SEARCHER10,transfer_convnext_tiny_41.0_SEARCHER101,ensemble_voting_summary_00-00.csv
TN_(True_Negatives),2.0,2.0,47.0,TRUE,,47.0000,ensemble_voting,SEARCHER2,transfer_convnext_tiny_40.2_SEARCHER21,ensemble_voting_summary_00-00.csv
TN_(True_Negatives),2.0,2.5,41.0,TRUE,,41.0000,ensemble_voting,SEARCHER5,transfer_convnext_tiny_40.5_SEARCHER51,ensemble_voting_summary_00-00.csv
TN_(True_Negatives),2.0,3.0,34.0,TRUE,,34.0000,ensemble_voting,SEARCHER8,transfer_convnext_tiny_40.8_SEARCHER81,ensemble_voting_summary_00-00.csv
TN_(True_Negatives),2.0,3.5,21.0,TRUE,,21.0000,ensemble_voting,SEARCHER11,transfer_convnext_tiny_41.1_SEARCHER111,ensemble_voting_summary_00-00.csv
TP_(True_Positives),1.0,2.0,54.0,FALSE,,54.0000,ensemble_voting,SEARCHER,transfer_convnext_tiny_38.0_SEARCHER,ensemble_voting_summary_00-00.csv
TP_(True_Positives),1.0,2.5,55.0,FALSE,,55.0000,ensemble_voting,SEARCHER3,transfer_convnext_tiny_38.3_SEARCHER3,ensemble_voting_summary_00-00.csv
TP_(True_Positives),1.0,3.0,55.0,FALSE,,55.0000,ensemble_voting,SEARCHER6,transfer_convnext_tiny_38.6_SEARCHER6,ensemble_voting_summary_00-00.csv
TP_(True_Positives),1.0,3.5,55.0,FALSE,,55.0000,ensemble_voting,SEARCHER9,transfer_convnext_tiny_38.9_SEARCHER9,ensemble_voting_summary_00-00.csv
TP_(True_Positives),1.5,2.0,55.0,FALSE,,55.0000,ensemble_voting,SEARCHER1,transfer_convnext_tiny_38.1_SEARCHER1,ensemble_voting_summary_00-00.csv
TP_(True_Positives),1.5,2.5,55.0,FALSE,,55.0000,ensemble_voting,SEARCHER4,transfer_convnext_tiny_38.4_SEARCHER4,ensemble_voting_summary_00-00.csv
TP_(True_Positives),1.5,3.0,56.0,FALSE,,56.0000,ensemble_voting,SEARCHER7,transfer_convnext_tiny_38.7_SEARCHER7,ensemble_voting_summary_00-00.csv
TP_(True_Positives),1.5,3.5,55.0,FALSE,,55.0000,ensemble_voting,SEARCHER10,transfer_convnext_tiny_39.0_SEARCHER10,ensemble_voting_summary_00-00.csv
TP_(True_Positives),2.0,2.0,55.0,FALSE,,55.0000,ensemble_voting,SEARCHER2,transfer_convnext_tiny_38.2_SEARCHER2,ensemble_voting_summary_00-00.csv
TP_(True_Positives),2.0,2.5,56.0,FALSE,,56.0000,ensemble_voting,SEARCHER5,transfer_convnext_tiny_38.5_SEARCHER5,ensemble_voting_summary_00-00.csv
TP_(True_Positives),2.0,3.0,56.0,FALSE,,56.0000,ensemble_voting,SEARCHER8,transfer_convnext_tiny_38.8_SEARCHER8,ensemble_voting_summary_00-00.csv
TP_(True_Positives),2.0,3.5,57.0,FALSE,,57.0000,ensemble_voting,SEARCHER11,transfer_convnext_tiny_39.1_SEARCHER11,ensemble_voting_summary_00-00.csv
TP_(True_Positives),1.0,2.0,55.0,TRUE,,55.0000,ensemble_voting,SEARCHER,transfer_convnext_tiny_40.0_SEARCHER01,ensemble_voting_summary_00-00.csv
TP_(True_Positives),1.0,2.5,53.0,TRUE,,53.0000,ensemble_voting,SEARCHER3,transfer_convnext_tiny_40.3_SEARCHER31,ensemble_voting_summary_00-00.csv
TP_(True_Positives),1.0,3.0,55.0,TRUE,,55.0000,ensemble_voting,SEARCHER6,transfer_convnext_tiny_40.6_SEARCHER61,ensemble_voting_summary_00-00.csv
TP_(True_Positives),1.0,3.5,56.0,TRUE,,56.0000,ensemble_voting,SEARCHER9,transfer_convnext_tiny_40.9_SEARCHER91,ensemble_voting_summary_00-00.csv
TP_(True_Positives),1.5,2.0,55.0,TRUE,,55.0000,ensemble_voting,SEARCHER1,transfer_convnext_tiny_40.1_SEARCHER12,ensemble_voting_summary_00-00.csv
TP_(True_Positives),1.5,2.5,55.0,TRUE,,55.0000,ensemble_voting,SEARCHER4,transfer_convnext_tiny_40.4_SEARCHER41,ensemble_voting_summary_00-00.csv
TP_(True_Positives),1.5,3.0,55.0,TRUE,,55.0000,ensemble_voting,SEARCHER7,transfer_convnext_tiny_40.7_SEARCHER71,ensemble_voting_summary_00-00.csv
TP_(True_Positives),1.5,3.5,56.0,TRUE,,56.0000,ensemble_voting,SEARCHER10,transfer_convnext_tiny_41.0_SEARCHER101,ensemble_voting_summary_00-00.csv
TP_(True_Positives),2.0,2.0,55.0,TRUE,,55.0000,ensemble_voting,SEARCHER2,transfer_convnext_tiny_40.2_SEARCHER21,ensemble_voting_summary_00-00.csv
TP_(True_Positives),2.0,2.5,56.0,TRUE,,56.0000,ensemble_voting,SEARCHER5,transfer_convnext_tiny_40.5_SEARCHER51,ensemble_voting_summary_00-00.csv
TP_(True_Positives),2.0,3.0,57.0,TRUE,,57.0000,ensemble_voting,SEARCHER8,transfer_convnext_tiny_40.8_SEARCHER81,ensemble_voting_summary_00-00.csv
TP_(True_Positives),2.0,3.5,57.0,TRUE,,57.0000,ensemble_voting,SEARCHER11,transfer_convnext_tiny_41.1_SEARCHER111,ensemble_voting_summary_00-00.csv
Ultimate_Ghost_Count,1.0,2.0,3.0,FALSE,,3.0000,ensemble_voting,SEARCHER,transfer_convnext_tiny_38.0_SEARCHER,ensemble_voting_summary_00-00.csv
Ultimate_Ghost_Count,1.0,2.5,2.0,FALSE,,2.0000,ensemble_voting,SEARCHER3,transfer_convnext_tiny_38.3_SEARCHER3,ensemble_voting_summary_00-00.csv
Ultimate_Ghost_Count,1.0,3.0,2.0,FALSE,,2.0000,ensemble_voting,SEARCHER6,transfer_convnext_tiny_38.6_SEARCHER6,ensemble_voting_summary_00-00.csv
Ultimate_Ghost_Count,1.0,3.5,2.0,FALSE,,2.0000,ensemble_voting,SEARCHER9,transfer_convnext_tiny_38.9_SEARCHER9,ensemble_voting_summary_00-00.csv
Ultimate_Ghost_Count,1.5,2.0,2.0,FALSE,,2.0000,ensemble_voting,SEARCHER1,transfer_convnext_tiny_38.1_SEARCHER1,ensemble_voting_summary_00-00.csv
Ultimate_Ghost_Count,1.5,2.5,2.0,FALSE,,2.0000,ensemble_voting,SEARCHER4,transfer_convnext_tiny_38.4_SEARCHER4,ensemble_voting_summary_00-00.csv
Ultimate_Ghost_Count,1.5,3.0,1.0,FALSE,,1.0000,ensemble_voting,SEARCHER7,transfer_convnext_tiny_38.7_SEARCHER7,ensemble_voting_summary_00-00.csv
Ultimate_Ghost_Count,1.5,3.5,2.0,FALSE,,2.0000,ensemble_voting,SEARCHER10,transfer_convnext_tiny_39.0_SEARCHER10,ensemble_voting_summary_00-00.csv
Ultimate_Ghost_Count,2.0,2.0,2.0,FALSE,,2.0000,ensemble_voting,SEARCHER2,transfer_convnext_tiny_38.2_SEARCHER2,ensemble_voting_summary_00-00.csv
Ultimate_Ghost_Count,2.0,2.5,1.0,FALSE,,1.0000,ensemble_voting,SEARCHER5,transfer_convnext_tiny_38.5_SEARCHER5,ensemble_voting_summary_00-00.csv
Ultimate_Ghost_Count,2.0,3.0,1.0,FALSE,,1.0000,ensemble_voting,SEARCHER8,transfer_convnext_tiny_38.8_SEARCHER8,ensemble_voting_summary_00-00.csv
Ultimate_Ghost_Count,2.0,3.5,0.0,FALSE,,0.0000,ensemble_voting,SEARCHER11,transfer_convnext_tiny_39.1_SEARCHER11,ensemble_voting_summary_00-00.csv
Ultimate_Ghost_Count,1.0,2.0,2.0,TRUE,,2.0000,ensemble_voting,SEARCHER,transfer_convnext_tiny_40.0_SEARCHER01,ensemble_voting_summary_00-00.csv
Ultimate_Ghost_Count,1.0,2.5,4.0,TRUE,,4.0000,ensemble_voting,SEARCHER3,transfer_convnext_tiny_40.3_SEARCHER31,ensemble_voting_summary_00-00.csv
Ultimate_Ghost_Count,1.0,3.0,2.0,TRUE,,2.0000,ensemble_voting,SEARCHER6,transfer_convnext_tiny_40.6_SEARCHER61,ensemble_voting_summary_00-00.csv
Ultimate_Ghost_Count,1.0,3.5,1.0,TRUE,,1.0000,ensemble_voting,SEARCHER9,transfer_convnext_tiny_40.9_SEARCHER91,ensemble_voting_summary_00-00.csv
Ultimate_Ghost_Count,1.5,2.0,2.0,TRUE,,2.0000,ensemble_voting,SEARCHER1,transfer_convnext_tiny_40.1_SEARCHER12,ensemble_voting_summary_00-00.csv
Ultimate_Ghost_Count,1.5,2.5,2.0,TRUE,,2.0000,ensemble_voting,SEARCHER4,transfer_convnext_tiny_40.4_SEARCHER41,ensemble_voting_summary_00-00.csv
Ultimate_Ghost_Count,1.5,3.0,2.0,TRUE,,2.0000,ensemble_voting,SEARCHER7,transfer_convnext_tiny_40.7_SEARCHER71,ensemble_voting_summary_00-00.csv
Ultimate_Ghost_Count,1.5,3.5,1.0,TRUE,,1.0000,ensemble_voting,SEARCHER10,transfer_convnext_tiny_41.0_SEARCHER101,ensemble_voting_summary_00-00.csv
Ultimate_Ghost_Count,2.0,2.0,2.0,TRUE,,2.0000,ensemble_voting,SEARCHER2,transfer_convnext_tiny_40.2_SEARCHER21,ensemble_voting_summary_00-00.csv
Ultimate_Ghost_Count,2.0,2.5,1.0,TRUE,,1.0000,ensemble_voting,SEARCHER5,transfer_convnext_tiny_40.5_SEARCHER51,ensemble_voting_summary_00-00.csv
Ultimate_Ghost_Count,2.0,3.0,0.0,TRUE,,0.0000,ensemble_voting,SEARCHER8,transfer_convnext_tiny_40.8_SEARCHER81,ensemble_voting_summary_00-00.csv
Ultimate_Ghost_Count,2.0,3.5,0.0,TRUE,,0.0000,ensemble_voting,SEARCHER11,transfer_convnext_tiny_41.1_SEARCHER111,ensemble_voting_summary_00-00.csv
Weak_Signal_Patients_Rate_(1-2_Models)_%,1.0,2.0,6.779661016949152,FALSE,,6.7797,ensemble_voting,SEARCHER,transfer_convnext_tiny_38.0_SEARCHER,ensemble_voting_summary_00-00.csv
Weak_Signal_Patients_Rate_(1-2_Models)_%,1.0,2.5,10.9375,FALSE,,10.9375,ensemble_voting,SEARCHER3,transfer_convnext_tiny_38.3_SEARCHER3,ensemble_voting_summary_00-00.csv
Weak_Signal_Patients_Rate_(1-2_Models)_%,1.0,3.0,12.857142857142856,FALSE,,12.8571,ensemble_voting,SEARCHER6,transfer_convnext_tiny_38.6_SEARCHER6,ensemble_voting_summary_00-00.csv
Weak_Signal_Patients_Rate_(1-2_Models)_%,1.0,3.5,7.352941176470589,FALSE,,7.3529,ensemble_voting,SEARCHER9,transfer_convnext_tiny_38.9_SEARCHER9,ensemble_voting_summary_00-00.csv
Weak_Signal_Patients_Rate_(1-2_Models)_%,1.5,2.0,7.575757575757576,FALSE,,7.5758,ensemble_voting,SEARCHER1,transfer_convnext_tiny_38.1_SEARCHER1,ensemble_voting_summary_00-00.csv
Weak_Signal_Patients_Rate_(1-2_Models)_%,1.5,2.5,6.25,FALSE,,6.2500,ensemble_voting,SEARCHER4,transfer_convnext_tiny_38.4_SEARCHER4,ensemble_voting_summary_00-00.csv
Weak_Signal_Patients_Rate_(1-2_Models)_%,1.5,3.0,7.246376811594203,FALSE,,7.2464,ensemble_voting,SEARCHER7,transfer_convnext_tiny_38.7_SEARCHER7,ensemble_voting_summary_00-00.csv
Weak_Signal_Patients_Rate_(1-2_Models)_%,1.5,3.5,11.428571428571429,FALSE,,11.4286,ensemble_voting,SEARCHER10,transfer_convnext_tiny_39.0_SEARCHER10,ensemble_voting_summary_00-00.csv
Weak_Signal_Patients_Rate_(1-2_Models)_%,2.0,2.0,10.44776119402985,FALSE,,10.4478,ensemble_voting,SEARCHER2,transfer_convnext_tiny_38.2_SEARCHER2,ensemble_voting_summary_00-00.csv
Weak_Signal_Patients_Rate_(1-2_Models)_%,2.0,2.5,12.32876712328767,FALSE,,12.3288,ensemble_voting,SEARCHER5,transfer_convnext_tiny_38.5_SEARCHER5,ensemble_voting_summary_00-00.csv
Weak_Signal_Patients_Rate_(1-2_Models)_%,2.0,3.0,10.666666666666668,FALSE,,10.6667,ensemble_voting,SEARCHER8,transfer_convnext_tiny_38.8_SEARCHER8,ensemble_voting_summary_00-00.csv
Weak_Signal_Patients_Rate_(1-2_Models)_%,2.0,3.5,23.91304347826087,FALSE,,23.9130,ensemble_voting,SEARCHER11,transfer_convnext_tiny_39.1_SEARCHER11,ensemble_voting_summary_00-00.csv
Weak_Signal_Patients_Rate_(1-2_Models)_%,1.0,2.0,12.307692307692308,TRUE,,12.3077,ensemble_voting,SEARCHER,transfer_convnext_tiny_40.0_SEARCHER01,ensemble_voting_summary_00-00.csv
Weak_Signal_Patients_Rate_(1-2_Models)_%,1.0,2.5,8.47457627118644,TRUE,,8.4746,ensemble_voting,SEARCHER3,transfer_convnext_tiny_40.3_SEARCHER31,ensemble_voting_summary_00-00.csv
Weak_Signal_Patients_Rate_(1-2_Models)_%,1.0,3.0,10.294117647058822,TRUE,,10.2941,ensemble_voting,SEARCHER6,transfer_convnext_tiny_40.6_SEARCHER61,ensemble_voting_summary_00-00.csv
Weak_Signal_Patients_Rate_(1-2_Models)_%,1.0,3.5,6.0606060606060606,TRUE,,6.0606,ensemble_voting,SEARCHER9,transfer_convnext_tiny_40.9_SEARCHER91,ensemble_voting_summary_00-00.csv
Weak_Signal_Patients_Rate_(1-2_Models)_%,1.5,2.0,13.432835820895525,TRUE,,13.4328,ensemble_voting,SEARCHER1,transfer_convnext_tiny_40.1_SEARCHER12,ensemble_voting_summary_00-00.csv
Weak_Signal_Patients_Rate_(1-2_Models)_%,1.5,2.5,13.23529411764706,TRUE,,13.2353,ensemble_voting,SEARCHER4,transfer_convnext_tiny_40.4_SEARCHER41,ensemble_voting_summary_00-00.csv
Weak_Signal_Patients_Rate_(1-2_Models)_%,1.5,3.0,8.823529411764707,TRUE,,8.8235,ensemble_voting,SEARCHER7,transfer_convnext_tiny_40.7_SEARCHER71,ensemble_voting_summary_00-00.csv
Weak_Signal_Patients_Rate_(1-2_Models)_%,1.5,3.5,17.24137931034483,TRUE,,17.2414,ensemble_voting,SEARCHER10,transfer_convnext_tiny_41.0_SEARCHER101,ensemble_voting_summary_00-00.csv
Weak_Signal_Patients_Rate_(1-2_Models)_%,2.0,2.0,10.76923076923077,TRUE,,10.7692,ensemble_voting,SEARCHER2,transfer_convnext_tiny_40.2_SEARCHER21,ensemble_voting_summary_00-00.csv
Weak_Signal_Patients_Rate_(1-2_Models)_%,2.0,2.5,11.11111111111111,TRUE,,11.1111,ensemble_voting,SEARCHER5,transfer_convnext_tiny_40.5_SEARCHER51,ensemble_voting_summary_00-00.csv
Weak_Signal_Patients_Rate_(1-2_Models)_%,2.0,3.0,13.750000000000002,TRUE,,13.7500,ensemble_voting,SEARCHER8,transfer_convnext_tiny_40.8_SEARCHER81,ensemble_voting_summary_00-00.csv
Weak_Signal_Patients_Rate_(1-2_Models)_%,2.0,3.5,19.35483870967742,TRUE,,19.3548,ensemble_voting,SEARCHER11,transfer_convnext_tiny_41.1_SEARCHER111,ensemble_voting_summary_00-00.csv
Accuracy,1.0,2.0,0.9298245614035088,FALSE,,0.9298,hybrid_ensemble,SEARCHER,transfer_convnext_tiny_38.0_SEARCHER,hybrid_ensemble_summary_00-00.csv
Accuracy,1.0,2.5,0.912280701754386,FALSE,,0.9123,hybrid_ensemble,SEARCHER3,transfer_convnext_tiny_38.3_SEARCHER3,hybrid_ensemble_summary_00-00.csv
Accuracy,1.0,3.0,0.9385964912280702,FALSE,,0.9386,hybrid_ensemble,SEARCHER6,transfer_convnext_tiny_38.6_SEARCHER6,hybrid_ensemble_summary_00-00.csv
Accuracy,1.0,3.5,0.8859649122807017,FALSE,,0.8860,hybrid_ensemble,SEARCHER9,transfer_convnext_tiny_38.9_SEARCHER9,hybrid_ensemble_summary_00-00.csv
Accuracy,1.5,2.0,0.9298245614035088,FALSE,,0.9298,hybrid_ensemble,SEARCHER1,transfer_convnext_tiny_38.1_SEARCHER1,hybrid_ensemble_summary_00-00.csv
Accuracy,1.5,2.5,0.9298245614035088,FALSE,,0.9298,hybrid_ensemble,SEARCHER4,transfer_convnext_tiny_38.4_SEARCHER4,hybrid_ensemble_summary_00-00.csv
Accuracy,1.5,3.0,0.912280701754386,FALSE,,0.9123,hybrid_ensemble,SEARCHER7,transfer_convnext_tiny_38.7_SEARCHER7,hybrid_ensemble_summary_00-00.csv
Accuracy,1.5,3.5,0.9298245614035088,FALSE,,0.9298,hybrid_ensemble,SEARCHER10,transfer_convnext_tiny_39.0_SEARCHER10,hybrid_ensemble_summary_00-00.csv
Accuracy,2.0,2.0,0.912280701754386,FALSE,,0.9123,hybrid_ensemble,SEARCHER2,transfer_convnext_tiny_38.2_SEARCHER2,hybrid_ensemble_summary_00-00.csv
Accuracy,2.0,2.5,0.9210526315789472,FALSE,,0.9211,hybrid_ensemble,SEARCHER5,transfer_convnext_tiny_38.5_SEARCHER5,hybrid_ensemble_summary_00-00.csv
Accuracy,2.0,3.0,0.912280701754386,FALSE,,0.9123,hybrid_ensemble,SEARCHER8,transfer_convnext_tiny_38.8_SEARCHER8,hybrid_ensemble_summary_00-00.csv
Accuracy,2.0,3.5,0.912280701754386,FALSE,,0.9123,hybrid_ensemble,SEARCHER11,transfer_convnext_tiny_39.1_SEARCHER11,hybrid_ensemble_summary_00-00.csv
Accuracy,1.0,2.0,0.9385964912280702,TRUE,,0.9386,hybrid_ensemble,SEARCHER,transfer_convnext_tiny_40.0_SEARCHER01,hybrid_ensemble_summary_00-00.csv
Accuracy,1.0,2.5,0.9298245614035088,TRUE,,0.9298,hybrid_ensemble,SEARCHER3,transfer_convnext_tiny_40.3_SEARCHER31,hybrid_ensemble_summary_00-00.csv
Accuracy,1.0,3.0,0.8947368421052632,TRUE,,0.8947,hybrid_ensemble,SEARCHER6,transfer_convnext_tiny_40.6_SEARCHER61,hybrid_ensemble_summary_00-00.csv
Accuracy,1.0,3.5,0.912280701754386,TRUE,,0.9123,hybrid_ensemble,SEARCHER9,transfer_convnext_tiny_40.9_SEARCHER91,hybrid_ensemble_summary_00-00.csv
Accuracy,1.5,2.0,0.912280701754386,TRUE,,0.9123,hybrid_ensemble,SEARCHER1,transfer_convnext_tiny_40.1_SEARCHER12,hybrid_ensemble_summary_00-00.csv
Accuracy,1.5,2.5,0.8947368421052632,TRUE,,0.8947,hybrid_ensemble,SEARCHER4,transfer_convnext_tiny_40.4_SEARCHER41,hybrid_ensemble_summary_00-00.csv
Accuracy,1.5,3.0,0.9385964912280702,TRUE,,0.9386,hybrid_ensemble,SEARCHER7,transfer_convnext_tiny_40.7_SEARCHER71,hybrid_ensemble_summary_00-00.csv
Accuracy,1.5,3.5,0.912280701754386,TRUE,,0.9123,hybrid_ensemble,SEARCHER10,transfer_convnext_tiny_41.0_SEARCHER101,hybrid_ensemble_summary_00-00.csv
Accuracy,2.0,2.0,0.9210526315789472,TRUE,,0.9211,hybrid_ensemble,SEARCHER2,transfer_convnext_tiny_40.2_SEARCHER21,hybrid_ensemble_summary_00-00.csv
Accuracy,2.0,2.5,0.9210526315789472,TRUE,,0.9211,hybrid_ensemble,SEARCHER5,transfer_convnext_tiny_40.5_SEARCHER51,hybrid_ensemble_summary_00-00.csv
Accuracy,2.0,3.0,0.9210526315789472,TRUE,,0.9211,hybrid_ensemble,SEARCHER8,transfer_convnext_tiny_40.8_SEARCHER81,hybrid_ensemble_summary_00-00.csv
Accuracy,2.0,3.5,0.9035087719298246,TRUE,,0.9035,hybrid_ensemble,SEARCHER11,transfer_convnext_tiny_41.1_SEARCHER111,hybrid_ensemble_summary_00-00.csv
Balanced_Accuracy,1.0,2.0,0.9298245614035088,FALSE,,0.9298,hybrid_ensemble,SEARCHER,transfer_convnext_tiny_38.0_SEARCHER,hybrid_ensemble_summary_00-00.csv
Balanced_Accuracy,1.0,2.5,0.912280701754386,FALSE,,0.9123,hybrid_ensemble,SEARCHER3,transfer_convnext_tiny_38.3_SEARCHER3,hybrid_ensemble_summary_00-00.csv
Balanced_Accuracy,1.0,3.0,0.9385964912280702,FALSE,,0.9386,hybrid_ensemble,SEARCHER6,transfer_convnext_tiny_38.6_SEARCHER6,hybrid_ensemble_summary_00-00.csv
Balanced_Accuracy,1.0,3.5,0.8859649122807017,FALSE,,0.8860,hybrid_ensemble,SEARCHER9,transfer_convnext_tiny_38.9_SEARCHER9,hybrid_ensemble_summary_00-00.csv
Balanced_Accuracy,1.5,2.0,0.9298245614035088,FALSE,,0.9298,hybrid_ensemble,SEARCHER1,transfer_convnext_tiny_38.1_SEARCHER1,hybrid_ensemble_summary_00-00.csv
Balanced_Accuracy,1.5,2.5,0.9298245614035088,FALSE,,0.9298,hybrid_ensemble,SEARCHER4,transfer_convnext_tiny_38.4_SEARCHER4,hybrid_ensemble_summary_00-00.csv
Balanced_Accuracy,1.5,3.0,0.912280701754386,FALSE,,0.9123,hybrid_ensemble,SEARCHER7,transfer_convnext_tiny_38.7_SEARCHER7,hybrid_ensemble_summary_00-00.csv
Balanced_Accuracy,1.5,3.5,0.9298245614035088,FALSE,,0.9298,hybrid_ensemble,SEARCHER10,transfer_convnext_tiny_39.0_SEARCHER10,hybrid_ensemble_summary_00-00.csv
Balanced_Accuracy,2.0,2.0,0.912280701754386,FALSE,,0.9123,hybrid_ensemble,SEARCHER2,transfer_convnext_tiny_38.2_SEARCHER2,hybrid_ensemble_summary_00-00.csv
Balanced_Accuracy,2.0,2.5,0.9210526315789472,FALSE,,0.9211,hybrid_ensemble,SEARCHER5,transfer_convnext_tiny_38.5_SEARCHER5,hybrid_ensemble_summary_00-00.csv
Balanced_Accuracy,2.0,3.0,0.912280701754386,FALSE,,0.9123,hybrid_ensemble,SEARCHER8,transfer_convnext_tiny_38.8_SEARCHER8,hybrid_ensemble_summary_00-00.csv
Balanced_Accuracy,2.0,3.5,0.912280701754386,FALSE,,0.9123,hybrid_ensemble,SEARCHER11,transfer_convnext_tiny_39.1_SEARCHER11,hybrid_ensemble_summary_00-00.csv
Balanced_Accuracy,1.0,2.0,0.9385964912280702,TRUE,,0.9386,hybrid_ensemble,SEARCHER,transfer_convnext_tiny_40.0_SEARCHER01,hybrid_ensemble_summary_00-00.csv
Balanced_Accuracy,1.0,2.5,0.9298245614035088,TRUE,,0.9298,hybrid_ensemble,SEARCHER3,transfer_convnext_tiny_40.3_SEARCHER31,hybrid_ensemble_summary_00-00.csv
Balanced_Accuracy,1.0,3.0,0.894736842105263,TRUE,,0.8947,hybrid_ensemble,SEARCHER6,transfer_convnext_tiny_40.6_SEARCHER61,hybrid_ensemble_summary_00-00.csv
Balanced_Accuracy,1.0,3.5,0.912280701754386,TRUE,,0.9123,hybrid_ensemble,SEARCHER9,transfer_convnext_tiny_40.9_SEARCHER91,hybrid_ensemble_summary_00-00.csv
Balanced_Accuracy,1.5,2.0,0.912280701754386,TRUE,,0.9123,hybrid_ensemble,SEARCHER1,transfer_convnext_tiny_40.1_SEARCHER12,hybrid_ensemble_summary_00-00.csv
Balanced_Accuracy,1.5,2.5,0.8947368421052632,TRUE,,0.8947,hybrid_ensemble,SEARCHER4,transfer_convnext_tiny_40.4_SEARCHER41,hybrid_ensemble_summary_00-00.csv
Balanced_Accuracy,1.5,3.0,0.9385964912280702,TRUE,,0.9386,hybrid_ensemble,SEARCHER7,transfer_convnext_tiny_40.7_SEARCHER71,hybrid_ensemble_summary_00-00.csv
Balanced_Accuracy,1.5,3.5,0.912280701754386,TRUE,,0.9123,hybrid_ensemble,SEARCHER10,transfer_convnext_tiny_41.0_SEARCHER101,hybrid_ensemble_summary_00-00.csv
Balanced_Accuracy,2.0,2.0,0.9210526315789472,TRUE,,0.9211,hybrid_ensemble,SEARCHER2,transfer_convnext_tiny_40.2_SEARCHER21,hybrid_ensemble_summary_00-00.csv
Balanced_Accuracy,2.0,2.5,0.9210526315789472,TRUE,,0.9211,hybrid_ensemble,SEARCHER5,transfer_convnext_tiny_40.5_SEARCHER51,hybrid_ensemble_summary_00-00.csv
Balanced_Accuracy,2.0,3.0,0.9210526315789472,TRUE,,0.9211,hybrid_ensemble,SEARCHER8,transfer_convnext_tiny_40.8_SEARCHER81,hybrid_ensemble_summary_00-00.csv
Balanced_Accuracy,2.0,3.5,0.9035087719298244,TRUE,,0.9035,hybrid_ensemble,SEARCHER11,transfer_convnext_tiny_41.1_SEARCHER111,hybrid_ensemble_summary_00-00.csv
Cohen_Kappa,1.0,2.0,0.8596491228070176,FALSE,,0.8596,hybrid_ensemble,SEARCHER,transfer_convnext_tiny_38.0_SEARCHER,hybrid_ensemble_summary_00-00.csv
Cohen_Kappa,1.0,2.5,0.8245614035087718,FALSE,,0.8246,hybrid_ensemble,SEARCHER3,transfer_convnext_tiny_38.3_SEARCHER3,hybrid_ensemble_summary_00-00.csv
Cohen_Kappa,1.0,3.0,0.8771929824561404,FALSE,,0.8772,hybrid_ensemble,SEARCHER6,transfer_convnext_tiny_38.6_SEARCHER6,hybrid_ensemble_summary_00-00.csv
Cohen_Kappa,1.0,3.5,0.7719298245614035,FALSE,,0.7719,hybrid_ensemble,SEARCHER9,transfer_convnext_tiny_38.9_SEARCHER9,hybrid_ensemble_summary_00-00.csv
Cohen_Kappa,1.5,2.0,0.8596491228070176,FALSE,,0.8596,hybrid_ensemble,SEARCHER1,transfer_convnext_tiny_38.1_SEARCHER1,hybrid_ensemble_summary_00-00.csv
Cohen_Kappa,1.5,2.5,0.8596491228070176,FALSE,,0.8596,hybrid_ensemble,SEARCHER4,transfer_convnext_tiny_38.4_SEARCHER4,hybrid_ensemble_summary_00-00.csv
Cohen_Kappa,1.5,3.0,0.8245614035087718,FALSE,,0.8246,hybrid_ensemble,SEARCHER7,transfer_convnext_tiny_38.7_SEARCHER7,hybrid_ensemble_summary_00-00.csv
Cohen_Kappa,1.5,3.5,0.8596491228070176,FALSE,,0.8596,hybrid_ensemble,SEARCHER10,transfer_convnext_tiny_39.0_SEARCHER10,hybrid_ensemble_summary_00-00.csv
Cohen_Kappa,2.0,2.0,0.8245614035087718,FALSE,,0.8246,hybrid_ensemble,SEARCHER2,transfer_convnext_tiny_38.2_SEARCHER2,hybrid_ensemble_summary_00-00.csv
Cohen_Kappa,2.0,2.5,0.8421052631578947,FALSE,,0.8421,hybrid_ensemble,SEARCHER5,transfer_convnext_tiny_38.5_SEARCHER5,hybrid_ensemble_summary_00-00.csv
Cohen_Kappa,2.0,3.0,0.8245614035087718,FALSE,,0.8246,hybrid_ensemble,SEARCHER8,transfer_convnext_tiny_38.8_SEARCHER8,hybrid_ensemble_summary_00-00.csv
Cohen_Kappa,2.0,3.5,0.8245614035087718,FALSE,,0.8246,hybrid_ensemble,SEARCHER11,transfer_convnext_tiny_39.1_SEARCHER11,hybrid_ensemble_summary_00-00.csv
Cohen_Kappa,1.0,2.0,0.8771929824561404,TRUE,,0.8772,hybrid_ensemble,SEARCHER,transfer_convnext_tiny_40.0_SEARCHER01,hybrid_ensemble_summary_00-00.csv
Cohen_Kappa,1.0,2.5,0.8596491228070176,TRUE,,0.8596,hybrid_ensemble,SEARCHER3,transfer_convnext_tiny_40.3_SEARCHER31,hybrid_ensemble_summary_00-00.csv
Cohen_Kappa,1.0,3.0,0.7894736842105263,TRUE,,0.7895,hybrid_ensemble,SEARCHER6,transfer_convnext_tiny_40.6_SEARCHER61,hybrid_ensemble_summary_00-00.csv
Cohen_Kappa,1.0,3.5,0.8245614035087718,TRUE,,0.8246,hybrid_ensemble,SEARCHER9,transfer_convnext_tiny_40.9_SEARCHER91,hybrid_ensemble_summary_00-00.csv
Cohen_Kappa,1.5,2.0,0.8245614035087718,TRUE,,0.8246,hybrid_ensemble,SEARCHER1,transfer_convnext_tiny_40.1_SEARCHER12,hybrid_ensemble_summary_00-00.csv
Cohen_Kappa,1.5,2.5,0.7894736842105263,TRUE,,0.7895,hybrid_ensemble,SEARCHER4,transfer_convnext_tiny_40.4_SEARCHER41,hybrid_ensemble_summary_00-00.csv
Cohen_Kappa,1.5,3.0,0.8771929824561404,TRUE,,0.8772,hybrid_ensemble,SEARCHER7,transfer_convnext_tiny_40.7_SEARCHER71,hybrid_ensemble_summary_00-00.csv
Cohen_Kappa,1.5,3.5,0.8245614035087718,TRUE,,0.8246,hybrid_ensemble,SEARCHER10,transfer_convnext_tiny_41.0_SEARCHER101,hybrid_ensemble_summary_00-00.csv
Cohen_Kappa,2.0,2.0,0.8421052631578947,TRUE,,0.8421,hybrid_ensemble,SEARCHER2,transfer_convnext_tiny_40.2_SEARCHER21,hybrid_ensemble_summary_00-00.csv
Cohen_Kappa,2.0,2.5,0.8421052631578947,TRUE,,0.8421,hybrid_ensemble,SEARCHER5,transfer_convnext_tiny_40.5_SEARCHER51,hybrid_ensemble_summary_00-00.csv
Cohen_Kappa,2.0,3.0,0.8421052631578947,TRUE,,0.8421,hybrid_ensemble,SEARCHER8,transfer_convnext_tiny_40.8_SEARCHER81,hybrid_ensemble_summary_00-00.csv
Cohen_Kappa,2.0,3.5,0.8070175438596492,TRUE,,0.8070,hybrid_ensemble,SEARCHER11,transfer_convnext_tiny_41.1_SEARCHER111,hybrid_ensemble_summary_00-00.csv
F1_Score,1.0,2.0,0.9285714285714284,FALSE,,0.9286,hybrid_ensemble,SEARCHER,transfer_convnext_tiny_38.0_SEARCHER,hybrid_ensemble_summary_00-00.csv
F1_Score,1.0,2.5,0.912280701754386,FALSE,,0.9123,hybrid_ensemble,SEARCHER3,transfer_convnext_tiny_38.3_SEARCHER3,hybrid_ensemble_summary_00-00.csv
F1_Score,1.0,3.0,0.9380530973451328,FALSE,,0.9381,hybrid_ensemble,SEARCHER6,transfer_convnext_tiny_38.6_SEARCHER6,hybrid_ensemble_summary_00-00.csv
F1_Score,1.0,3.5,0.8849557522123894,FALSE,,0.8850,hybrid_ensemble,SEARCHER9,transfer_convnext_tiny_38.9_SEARCHER9,hybrid_ensemble_summary_00-00.csv
F1_Score,1.5,2.0,0.9285714285714284,FALSE,,0.9286,hybrid_ensemble,SEARCHER1,transfer_convnext_tiny_38.1_SEARCHER1,hybrid_ensemble_summary_00-00.csv
F1_Score,1.5,2.5,0.9285714285714284,FALSE,,0.9286,hybrid_ensemble,SEARCHER4,transfer_convnext_tiny_38.4_SEARCHER4,hybrid_ensemble_summary_00-00.csv
F1_Score,1.5,3.0,0.9107142857142856,FALSE,,0.9107,hybrid_ensemble,SEARCHER7,transfer_convnext_tiny_38.7_SEARCHER7,hybrid_ensemble_summary_00-00.csv
F1_Score,1.5,3.5,0.9285714285714284,FALSE,,0.9286,hybrid_ensemble,SEARCHER10,transfer_convnext_tiny_39.0_SEARCHER10,hybrid_ensemble_summary_00-00.csv
F1_Score,2.0,2.0,0.9107142857142856,FALSE,,0.9107,hybrid_ensemble,SEARCHER2,transfer_convnext_tiny_38.2_SEARCHER2,hybrid_ensemble_summary_00-00.csv
F1_Score,2.0,2.5,0.9203539823008848,FALSE,,0.9204,hybrid_ensemble,SEARCHER5,transfer_convnext_tiny_38.5_SEARCHER5,hybrid_ensemble_summary_00-00.csv
F1_Score,2.0,3.0,0.9107142857142856,FALSE,,0.9107,hybrid_ensemble,SEARCHER8,transfer_convnext_tiny_38.8_SEARCHER8,hybrid_ensemble_summary_00-00.csv
F1_Score,2.0,3.5,0.912280701754386,FALSE,,0.9123,hybrid_ensemble,SEARCHER11,transfer_convnext_tiny_39.1_SEARCHER11,hybrid_ensemble_summary_00-00.csv
F1_Score,1.0,2.0,0.9380530973451328,TRUE,,0.9381,hybrid_ensemble,SEARCHER,transfer_convnext_tiny_40.0_SEARCHER01,hybrid_ensemble_summary_00-00.csv
F1_Score,1.0,2.5,0.9285714285714284,TRUE,,0.9286,hybrid_ensemble,SEARCHER3,transfer_convnext_tiny_40.3_SEARCHER31,hybrid_ensemble_summary_00-00.csv
F1_Score,1.0,3.0,0.8928571428571428,TRUE,,0.8929,hybrid_ensemble,SEARCHER6,transfer_convnext_tiny_40.6_SEARCHER61,hybrid_ensemble_summary_00-00.csv
F1_Score,1.0,3.5,0.913793103448276,TRUE,,0.9138,hybrid_ensemble,SEARCHER9,transfer_convnext_tiny_40.9_SEARCHER91,hybrid_ensemble_summary_00-00.csv
F1_Score,1.5,2.0,0.912280701754386,TRUE,,0.9123,hybrid_ensemble,SEARCHER1,transfer_convnext_tiny_40.1_SEARCHER12,hybrid_ensemble_summary_00-00.csv
F1_Score,1.5,2.5,0.8947368421052632,TRUE,,0.8947,hybrid_ensemble,SEARCHER4,transfer_convnext_tiny_40.4_SEARCHER41,hybrid_ensemble_summary_00-00.csv
F1_Score,1.5,3.0,0.9380530973451328,TRUE,,0.9381,hybrid_ensemble,SEARCHER7,transfer_convnext_tiny_40.7_SEARCHER71,hybrid_ensemble_summary_00-00.csv
F1_Score,1.5,3.5,0.9107142857142856,TRUE,,0.9107,hybrid_ensemble,SEARCHER10,transfer_convnext_tiny_41.0_SEARCHER101,hybrid_ensemble_summary_00-00.csv
F1_Score,2.0,2.0,0.918918918918919,TRUE,,0.9189,hybrid_ensemble,SEARCHER2,transfer_convnext_tiny_40.2_SEARCHER21,hybrid_ensemble_summary_00-00.csv
F1_Score,2.0,2.5,0.9203539823008848,TRUE,,0.9204,hybrid_ensemble,SEARCHER5,transfer_convnext_tiny_40.5_SEARCHER51,hybrid_ensemble_summary_00-00.csv
F1_Score,2.0,3.0,0.9203539823008848,TRUE,,0.9204,hybrid_ensemble,SEARCHER8,transfer_convnext_tiny_40.8_SEARCHER81,hybrid_ensemble_summary_00-00.csv
F1_Score,2.0,3.5,0.9043478260869564,TRUE,,0.9043,hybrid_ensemble,SEARCHER11,transfer_convnext_tiny_41.1_SEARCHER111,hybrid_ensemble_summary_00-00.csv
FNR_(False_Negative_Rate),1.0,2.0,0.087719298245614,FALSE,,0.0877,hybrid_ensemble,SEARCHER,transfer_convnext_tiny_38.0_SEARCHER,hybrid_ensemble_summary_00-00.csv
FNR_(False_Negative_Rate),1.0,2.5,0.087719298245614,FALSE,,0.0877,hybrid_ensemble,SEARCHER3,transfer_convnext_tiny_38.3_SEARCHER3,hybrid_ensemble_summary_00-00.csv
FNR_(False_Negative_Rate),1.0,3.0,0.0701754385964912,FALSE,,0.0702,hybrid_ensemble,SEARCHER6,transfer_convnext_tiny_38.6_SEARCHER6,hybrid_ensemble_summary_00-00.csv
FNR_(False_Negative_Rate),1.0,3.5,0.1228070175438596,FALSE,,0.1228,hybrid_ensemble,SEARCHER9,transfer_convnext_tiny_38.9_SEARCHER9,hybrid_ensemble_summary_00-00.csv
FNR_(False_Negative_Rate),1.5,2.0,0.087719298245614,FALSE,,0.0877,hybrid_ensemble,SEARCHER1,transfer_convnext_tiny_38.1_SEARCHER1,hybrid_ensemble_summary_00-00.csv
FNR_(False_Negative_Rate),1.5,2.5,0.087719298245614,FALSE,,0.0877,hybrid_ensemble,SEARCHER4,transfer_convnext_tiny_38.4_SEARCHER4,hybrid_ensemble_summary_00-00.csv
FNR_(False_Negative_Rate),1.5,3.0,0.1052631578947368,FALSE,,0.1053,hybrid_ensemble,SEARCHER7,transfer_convnext_tiny_38.7_SEARCHER7,hybrid_ensemble_summary_00-00.csv
FNR_(False_Negative_Rate),1.5,3.5,0.087719298245614,FALSE,,0.0877,hybrid_ensemble,SEARCHER10,transfer_convnext_tiny_39.0_SEARCHER10,hybrid_ensemble_summary_00-00.csv
FNR_(False_Negative_Rate),2.0,2.0,0.1052631578947368,FALSE,,0.1053,hybrid_ensemble,SEARCHER2,transfer_convnext_tiny_38.2_SEARCHER2,hybrid_ensemble_summary_00-00.csv
FNR_(False_Negative_Rate),2.0,2.5,0.087719298245614,FALSE,,0.0877,hybrid_ensemble,SEARCHER5,transfer_convnext_tiny_38.5_SEARCHER5,hybrid_ensemble_summary_00-00.csv
FNR_(False_Negative_Rate),2.0,3.0,0.1052631578947368,FALSE,,0.1053,hybrid_ensemble,SEARCHER8,transfer_convnext_tiny_38.8_SEARCHER8,hybrid_ensemble_summary_00-00.csv
FNR_(False_Negative_Rate),2.0,3.5,0.087719298245614,FALSE,,0.0877,hybrid_ensemble,SEARCHER11,transfer_convnext_tiny_39.1_SEARCHER11,hybrid_ensemble_summary_00-00.csv
FNR_(False_Negative_Rate),1.0,2.0,0.0701754385964912,TRUE,,0.0702,hybrid_ensemble,SEARCHER,transfer_convnext_tiny_40.0_SEARCHER01,hybrid_ensemble_summary_00-00.csv
FNR_(False_Negative_Rate),1.0,2.5,0.087719298245614,TRUE,,0.0877,hybrid_ensemble,SEARCHER3,transfer_convnext_tiny_40.3_SEARCHER31,hybrid_ensemble_summary_00-00.csv
FNR_(False_Negative_Rate),1.0,3.0,0.1228070175438596,TRUE,,0.1228,hybrid_ensemble,SEARCHER6,transfer_convnext_tiny_40.6_SEARCHER61,hybrid_ensemble_summary_00-00.csv
FNR_(False_Negative_Rate),1.0,3.5,0.0701754385964912,TRUE,,0.0702,hybrid_ensemble,SEARCHER9,transfer_convnext_tiny_40.9_SEARCHER91,hybrid_ensemble_summary_00-00.csv
FNR_(False_Negative_Rate),1.5,2.0,0.087719298245614,TRUE,,0.0877,hybrid_ensemble,SEARCHER1,transfer_convnext_tiny_40.1_SEARCHER12,hybrid_ensemble_summary_00-00.csv
FNR_(False_Negative_Rate),1.5,2.5,0.1052631578947368,TRUE,,0.1053,hybrid_ensemble,SEARCHER4,transfer_convnext_tiny_40.4_SEARCHER41,hybrid_ensemble_summary_00-00.csv
FNR_(False_Negative_Rate),1.5,3.0,0.0701754385964912,TRUE,,0.0702,hybrid_ensemble,SEARCHER7,transfer_convnext_tiny_40.7_SEARCHER71,hybrid_ensemble_summary_00-00.csv
FNR_(False_Negative_Rate),1.5,3.5,0.1052631578947368,TRUE,,0.1053,hybrid_ensemble,SEARCHER10,transfer_convnext_tiny_41.0_SEARCHER101,hybrid_ensemble_summary_00-00.csv
FNR_(False_Negative_Rate),2.0,2.0,0.1052631578947368,TRUE,,0.1053,hybrid_ensemble,SEARCHER2,transfer_convnext_tiny_40.2_SEARCHER21,hybrid_ensemble_summary_00-00.csv
FNR_(False_Negative_Rate),2.0,2.5,0.087719298245614,TRUE,,0.0877,hybrid_ensemble,SEARCHER5,transfer_convnext_tiny_40.5_SEARCHER51,hybrid_ensemble_summary_00-00.csv
FNR_(False_Negative_Rate),2.0,3.0,0.087719298245614,TRUE,,0.0877,hybrid_ensemble,SEARCHER8,transfer_convnext_tiny_40.8_SEARCHER81,hybrid_ensemble_summary_00-00.csv
FNR_(False_Negative_Rate),2.0,3.5,0.087719298245614,TRUE,,0.0877,hybrid_ensemble,SEARCHER11,transfer_convnext_tiny_41.1_SEARCHER111,hybrid_ensemble_summary_00-00.csv
FN_(False_Negatives),1.0,2.0,5.0,FALSE,,5.0000,hybrid_ensemble,SEARCHER,transfer_convnext_tiny_38.0_SEARCHER,hybrid_ensemble_summary_00-00.csv
FN_(False_Negatives),1.0,2.5,5.0,FALSE,,5.0000,hybrid_ensemble,SEARCHER3,transfer_convnext_tiny_38.3_SEARCHER3,hybrid_ensemble_summary_00-00.csv
FN_(False_Negatives),1.0,3.0,4.0,FALSE,,4.0000,hybrid_ensemble,SEARCHER6,transfer_convnext_tiny_38.6_SEARCHER6,hybrid_ensemble_summary_00-00.csv
FN_(False_Negatives),1.0,3.5,7.0,FALSE,,7.0000,hybrid_ensemble,SEARCHER9,transfer_convnext_tiny_38.9_SEARCHER9,hybrid_ensemble_summary_00-00.csv
FN_(False_Negatives),1.5,2.0,5.0,FALSE,,5.0000,hybrid_ensemble,SEARCHER1,transfer_convnext_tiny_38.1_SEARCHER1,hybrid_ensemble_summary_00-00.csv
FN_(False_Negatives),1.5,2.5,5.0,FALSE,,5.0000,hybrid_ensemble,SEARCHER4,transfer_convnext_tiny_38.4_SEARCHER4,hybrid_ensemble_summary_00-00.csv
FN_(False_Negatives),1.5,3.0,6.0,FALSE,,6.0000,hybrid_ensemble,SEARCHER7,transfer_convnext_tiny_38.7_SEARCHER7,hybrid_ensemble_summary_00-00.csv
FN_(False_Negatives),1.5,3.5,5.0,FALSE,,5.0000,hybrid_ensemble,SEARCHER10,transfer_convnext_tiny_39.0_SEARCHER10,hybrid_ensemble_summary_00-00.csv
FN_(False_Negatives),2.0,2.0,6.0,FALSE,,6.0000,hybrid_ensemble,SEARCHER2,transfer_convnext_tiny_38.2_SEARCHER2,hybrid_ensemble_summary_00-00.csv
FN_(False_Negatives),2.0,2.5,5.0,FALSE,,5.0000,hybrid_ensemble,SEARCHER5,transfer_convnext_tiny_38.5_SEARCHER5,hybrid_ensemble_summary_00-00.csv
FN_(False_Negatives),2.0,3.0,6.0,FALSE,,6.0000,hybrid_ensemble,SEARCHER8,transfer_convnext_tiny_38.8_SEARCHER8,hybrid_ensemble_summary_00-00.csv
FN_(False_Negatives),2.0,3.5,5.0,FALSE,,5.0000,hybrid_ensemble,SEARCHER11,transfer_convnext_tiny_39.1_SEARCHER11,hybrid_ensemble_summary_00-00.csv
FN_(False_Negatives),1.0,2.0,4.0,TRUE,,4.0000,hybrid_ensemble,SEARCHER,transfer_convnext_tiny_40.0_SEARCHER01,hybrid_ensemble_summary_00-00.csv
FN_(False_Negatives),1.0,2.5,5.0,TRUE,,5.0000,hybrid_ensemble,SEARCHER3,transfer_convnext_tiny_40.3_SEARCHER31,hybrid_ensemble_summary_00-00.csv
FN_(False_Negatives),1.0,3.0,7.0,TRUE,,7.0000,hybrid_ensemble,SEARCHER6,transfer_convnext_tiny_40.6_SEARCHER61,hybrid_ensemble_summary_00-00.csv
FN_(False_Negatives),1.0,3.5,4.0,TRUE,,4.0000,hybrid_ensemble,SEARCHER9,transfer_convnext_tiny_40.9_SEARCHER91,hybrid_ensemble_summary_00-00.csv
FN_(False_Negatives),1.5,2.0,5.0,TRUE,,5.0000,hybrid_ensemble,SEARCHER1,transfer_convnext_tiny_40.1_SEARCHER12,hybrid_ensemble_summary_00-00.csv
FN_(False_Negatives),1.5,2.5,6.0,TRUE,,6.0000,hybrid_ensemble,SEARCHER4,transfer_convnext_tiny_40.4_SEARCHER41,hybrid_ensemble_summary_00-00.csv
FN_(False_Negatives),1.5,3.0,4.0,TRUE,,4.0000,hybrid_ensemble,SEARCHER7,transfer_convnext_tiny_40.7_SEARCHER71,hybrid_ensemble_summary_00-00.csv
FN_(False_Negatives),1.5,3.5,6.0,TRUE,,6.0000,hybrid_ensemble,SEARCHER10,transfer_convnext_tiny_41.0_SEARCHER101,hybrid_ensemble_summary_00-00.csv
FN_(False_Negatives),2.0,2.0,6.0,TRUE,,6.0000,hybrid_ensemble,SEARCHER2,transfer_convnext_tiny_40.2_SEARCHER21,hybrid_ensemble_summary_00-00.csv
FN_(False_Negatives),2.0,2.5,5.0,TRUE,,5.0000,hybrid_ensemble,SEARCHER5,transfer_convnext_tiny_40.5_SEARCHER51,hybrid_ensemble_summary_00-00.csv
FN_(False_Negatives),2.0,3.0,5.0,TRUE,,5.0000,hybrid_ensemble,SEARCHER8,transfer_convnext_tiny_40.8_SEARCHER81,hybrid_ensemble_summary_00-00.csv
FN_(False_Negatives),2.0,3.5,5.0,TRUE,,5.0000,hybrid_ensemble,SEARCHER11,transfer_convnext_tiny_41.1_SEARCHER111,hybrid_ensemble_summary_00-00.csv
FPR_(False_Positive_Rate),1.0,2.0,0.0526315789473684,FALSE,,0.0526,hybrid_ensemble,SEARCHER,transfer_convnext_tiny_38.0_SEARCHER,hybrid_ensemble_summary_00-00.csv
FPR_(False_Positive_Rate),1.0,2.5,0.087719298245614,FALSE,,0.0877,hybrid_ensemble,SEARCHER3,transfer_convnext_tiny_38.3_SEARCHER3,hybrid_ensemble_summary_00-00.csv
FPR_(False_Positive_Rate),1.0,3.0,0.0526315789473684,FALSE,,0.0526,hybrid_ensemble,SEARCHER6,transfer_convnext_tiny_38.6_SEARCHER6,hybrid_ensemble_summary_00-00.csv
FPR_(False_Positive_Rate),1.0,3.5,0.1052631578947368,FALSE,,0.1053,hybrid_ensemble,SEARCHER9,transfer_convnext_tiny_38.9_SEARCHER9,hybrid_ensemble_summary_00-00.csv
FPR_(False_Positive_Rate),1.5,2.0,0.0526315789473684,FALSE,,0.0526,hybrid_ensemble,SEARCHER1,transfer_convnext_tiny_38.1_SEARCHER1,hybrid_ensemble_summary_00-00.csv
FPR_(False_Positive_Rate),1.5,2.5,0.0526315789473684,FALSE,,0.0526,hybrid_ensemble,SEARCHER4,transfer_convnext_tiny_38.4_SEARCHER4,hybrid_ensemble_summary_00-00.csv
FPR_(False_Positive_Rate),1.5,3.0,0.0701754385964912,FALSE,,0.0702,hybrid_ensemble,SEARCHER7,transfer_convnext_tiny_38.7_SEARCHER7,hybrid_ensemble_summary_00-00.csv
FPR_(False_Positive_Rate),1.5,3.5,0.0526315789473684,FALSE,,0.0526,hybrid_ensemble,SEARCHER10,transfer_convnext_tiny_39.0_SEARCHER10,hybrid_ensemble_summary_00-00.csv
FPR_(False_Positive_Rate),2.0,2.0,0.0701754385964912,FALSE,,0.0702,hybrid_ensemble,SEARCHER2,transfer_convnext_tiny_38.2_SEARCHER2,hybrid_ensemble_summary_00-00.csv
FPR_(False_Positive_Rate),2.0,2.5,0.0701754385964912,FALSE,,0.0702,hybrid_ensemble,SEARCHER5,transfer_convnext_tiny_38.5_SEARCHER5,hybrid_ensemble_summary_00-00.csv
FPR_(False_Positive_Rate),2.0,3.0,0.0701754385964912,FALSE,,0.0702,hybrid_ensemble,SEARCHER8,transfer_convnext_tiny_38.8_SEARCHER8,hybrid_ensemble_summary_00-00.csv
FPR_(False_Positive_Rate),2.0,3.5,0.087719298245614,FALSE,,0.0877,hybrid_ensemble,SEARCHER11,transfer_convnext_tiny_39.1_SEARCHER11,hybrid_ensemble_summary_00-00.csv
FPR_(False_Positive_Rate),1.0,2.0,0.0526315789473684,TRUE,,0.0526,hybrid_ensemble,SEARCHER,transfer_convnext_tiny_40.0_SEARCHER01,hybrid_ensemble_summary_00-00.csv
FPR_(False_Positive_Rate),1.0,2.5,0.0526315789473684,TRUE,,0.0526,hybrid_ensemble,SEARCHER3,transfer_convnext_tiny_40.3_SEARCHER31,hybrid_ensemble_summary_00-00.csv
FPR_(False_Positive_Rate),1.0,3.0,0.087719298245614,TRUE,,0.0877,hybrid_ensemble,SEARCHER6,transfer_convnext_tiny_40.6_SEARCHER61,hybrid_ensemble_summary_00-00.csv
FPR_(False_Positive_Rate),1.0,3.5,0.1052631578947368,TRUE,,0.1053,hybrid_ensemble,SEARCHER9,transfer_convnext_tiny_40.9_SEARCHER91,hybrid_ensemble_summary_00-00.csv
FPR_(False_Positive_Rate),1.5,2.0,0.087719298245614,TRUE,,0.0877,hybrid_ensemble,SEARCHER1,transfer_convnext_tiny_40.1_SEARCHER12,hybrid_ensemble_summary_00-00.csv
FPR_(False_Positive_Rate),1.5,2.5,0.1052631578947368,TRUE,,0.1053,hybrid_ensemble,SEARCHER4,transfer_convnext_tiny_40.4_SEARCHER41,hybrid_ensemble_summary_00-00.csv
FPR_(False_Positive_Rate),1.5,3.0,0.0526315789473684,TRUE,,0.0526,hybrid_ensemble,SEARCHER7,transfer_convnext_tiny_40.7_SEARCHER71,hybrid_ensemble_summary_00-00.csv
FPR_(False_Positive_Rate),1.5,3.5,0.0701754385964912,TRUE,,0.0702,hybrid_ensemble,SEARCHER10,transfer_convnext_tiny_41.0_SEARCHER101,hybrid_ensemble_summary_00-00.csv
FPR_(False_Positive_Rate),2.0,2.0,0.0526315789473684,TRUE,,0.0526,hybrid_ensemble,SEARCHER2,transfer_convnext_tiny_40.2_SEARCHER21,hybrid_ensemble_summary_00-00.csv
FPR_(False_Positive_Rate),2.0,2.5,0.0701754385964912,TRUE,,0.0702,hybrid_ensemble,SEARCHER5,transfer_convnext_tiny_40.5_SEARCHER51,hybrid_ensemble_summary_00-00.csv
FPR_(False_Positive_Rate),2.0,3.0,0.0701754385964912,TRUE,,0.0702,hybrid_ensemble,SEARCHER8,transfer_convnext_tiny_40.8_SEARCHER81,hybrid_ensemble_summary_00-00.csv
FPR_(False_Positive_Rate),2.0,3.5,0.1052631578947368,TRUE,,0.1053,hybrid_ensemble,SEARCHER11,transfer_convnext_tiny_41.1_SEARCHER111,hybrid_ensemble_summary_00-00.csv
FP_(False_Positives),1.0,2.0,3.0,FALSE,,3.0000,hybrid_ensemble,SEARCHER,transfer_convnext_tiny_38.0_SEARCHER,hybrid_ensemble_summary_00-00.csv
FP_(False_Positives),1.0,2.5,5.0,FALSE,,5.0000,hybrid_ensemble,SEARCHER3,transfer_convnext_tiny_38.3_SEARCHER3,hybrid_ensemble_summary_00-00.csv
FP_(False_Positives),1.0,3.0,3.0,FALSE,,3.0000,hybrid_ensemble,SEARCHER6,transfer_convnext_tiny_38.6_SEARCHER6,hybrid_ensemble_summary_00-00.csv
FP_(False_Positives),1.0,3.5,6.0,FALSE,,6.0000,hybrid_ensemble,SEARCHER9,transfer_convnext_tiny_38.9_SEARCHER9,hybrid_ensemble_summary_00-00.csv
FP_(False_Positives),1.5,2.0,3.0,FALSE,,3.0000,hybrid_ensemble,SEARCHER1,transfer_convnext_tiny_38.1_SEARCHER1,hybrid_ensemble_summary_00-00.csv
FP_(False_Positives),1.5,2.5,3.0,FALSE,,3.0000,hybrid_ensemble,SEARCHER4,transfer_convnext_tiny_38.4_SEARCHER4,hybrid_ensemble_summary_00-00.csv
FP_(False_Positives),1.5,3.0,4.0,FALSE,,4.0000,hybrid_ensemble,SEARCHER7,transfer_convnext_tiny_38.7_SEARCHER7,hybrid_ensemble_summary_00-00.csv
FP_(False_Positives),1.5,3.5,3.0,FALSE,,3.0000,hybrid_ensemble,SEARCHER10,transfer_convnext_tiny_39.0_SEARCHER10,hybrid_ensemble_summary_00-00.csv
FP_(False_Positives),2.0,2.0,4.0,FALSE,,4.0000,hybrid_ensemble,SEARCHER2,transfer_convnext_tiny_38.2_SEARCHER2,hybrid_ensemble_summary_00-00.csv
FP_(False_Positives),2.0,2.5,4.0,FALSE,,4.0000,hybrid_ensemble,SEARCHER5,transfer_convnext_tiny_38.5_SEARCHER5,hybrid_ensemble_summary_00-00.csv
FP_(False_Positives),2.0,3.0,4.0,FALSE,,4.0000,hybrid_ensemble,SEARCHER8,transfer_convnext_tiny_38.8_SEARCHER8,hybrid_ensemble_summary_00-00.csv
FP_(False_Positives),2.0,3.5,5.0,FALSE,,5.0000,hybrid_ensemble,SEARCHER11,transfer_convnext_tiny_39.1_SEARCHER11,hybrid_ensemble_summary_00-00.csv
FP_(False_Positives),1.0,2.0,3.0,TRUE,,3.0000,hybrid_ensemble,SEARCHER,transfer_convnext_tiny_40.0_SEARCHER01,hybrid_ensemble_summary_00-00.csv
FP_(False_Positives),1.0,2.5,3.0,TRUE,,3.0000,hybrid_ensemble,SEARCHER3,transfer_convnext_tiny_40.3_SEARCHER31,hybrid_ensemble_summary_00-00.csv
FP_(False_Positives),1.0,3.0,5.0,TRUE,,5.0000,hybrid_ensemble,SEARCHER6,transfer_convnext_tiny_40.6_SEARCHER61,hybrid_ensemble_summary_00-00.csv
FP_(False_Positives),1.0,3.5,6.0,TRUE,,6.0000,hybrid_ensemble,SEARCHER9,transfer_convnext_tiny_40.9_SEARCHER91,hybrid_ensemble_summary_00-00.csv
FP_(False_Positives),1.5,2.0,5.0,TRUE,,5.0000,hybrid_ensemble,SEARCHER1,transfer_convnext_tiny_40.1_SEARCHER12,hybrid_ensemble_summary_00-00.csv
FP_(False_Positives),1.5,2.5,6.0,TRUE,,6.0000,hybrid_ensemble,SEARCHER4,transfer_convnext_tiny_40.4_SEARCHER41,hybrid_ensemble_summary_00-00.csv
FP_(False_Positives),1.5,3.0,3.0,TRUE,,3.0000,hybrid_ensemble,SEARCHER7,transfer_convnext_tiny_40.7_SEARCHER71,hybrid_ensemble_summary_00-00.csv
FP_(False_Positives),1.5,3.5,4.0,TRUE,,4.0000,hybrid_ensemble,SEARCHER10,transfer_convnext_tiny_41.0_SEARCHER101,hybrid_ensemble_summary_00-00.csv
FP_(False_Positives),2.0,2.0,3.0,TRUE,,3.0000,hybrid_ensemble,SEARCHER2,transfer_convnext_tiny_40.2_SEARCHER21,hybrid_ensemble_summary_00-00.csv
FP_(False_Positives),2.0,2.5,4.0,TRUE,,4.0000,hybrid_ensemble,SEARCHER5,transfer_convnext_tiny_40.5_SEARCHER51,hybrid_ensemble_summary_00-00.csv
FP_(False_Positives),2.0,3.0,4.0,TRUE,,4.0000,hybrid_ensemble,SEARCHER8,transfer_convnext_tiny_40.8_SEARCHER81,hybrid_ensemble_summary_00-00.csv
FP_(False_Positives),2.0,3.5,6.0,TRUE,,6.0000,hybrid_ensemble,SEARCHER11,transfer_convnext_tiny_41.1_SEARCHER111,hybrid_ensemble_summary_00-00.csv
Matthews_Correlation_Coefficient,1.0,2.0,0.860178789599605,FALSE,,0.8602,hybrid_ensemble,SEARCHER,transfer_convnext_tiny_38.0_SEARCHER,hybrid_ensemble_summary_00-00.csv
Matthews_Correlation_Coefficient,1.0,2.5,0.8245614035087719,FALSE,,0.8246,hybrid_ensemble,SEARCHER3,transfer_convnext_tiny_38.3_SEARCHER3,hybrid_ensemble_summary_00-00.csv
Matthews_Correlation_Coefficient,1.0,3.0,0.8773280079294955,FALSE,,0.8773,hybrid_ensemble,SEARCHER6,transfer_convnext_tiny_38.6_SEARCHER6,hybrid_ensemble_summary_00-00.csv
Matthews_Correlation_Coefficient,1.0,3.5,0.772048646977956,FALSE,,0.7720,hybrid_ensemble,SEARCHER9,transfer_convnext_tiny_38.9_SEARCHER9,hybrid_ensemble_summary_00-00.csv
Matthews_Correlation_Coefficient,1.5,2.0,0.860178789599605,FALSE,,0.8602,hybrid_ensemble,SEARCHER1,transfer_convnext_tiny_38.1_SEARCHER1,hybrid_ensemble_summary_00-00.csv
Matthews_Correlation_Coefficient,1.5,2.5,0.860178789599605,FALSE,,0.8602,hybrid_ensemble,SEARCHER4,transfer_convnext_tiny_38.4_SEARCHER4,hybrid_ensemble_summary_00-00.csv
Matthews_Correlation_Coefficient,1.5,3.0,0.8250694512486008,FALSE,,0.8251,hybrid_ensemble,SEARCHER7,transfer_convnext_tiny_38.7_SEARCHER7,hybrid_ensemble_summary_00-00.csv
Matthews_Correlation_Coefficient,1.5,3.5,0.860178789599605,FALSE,,0.8602,hybrid_ensemble,SEARCHER10,transfer_convnext_tiny_39.0_SEARCHER10,hybrid_ensemble_summary_00-00.csv
Matthews_Correlation_Coefficient,2.0,2.0,0.8250694512486008,FALSE,,0.8251,hybrid_ensemble,SEARCHER2,transfer_convnext_tiny_38.2_SEARCHER2,hybrid_ensemble_summary_00-00.csv
Matthews_Correlation_Coefficient,2.0,2.5,0.8422348876123157,FALSE,,0.8422,hybrid_ensemble,SEARCHER5,transfer_convnext_tiny_38.5_SEARCHER5,hybrid_ensemble_summary_00-00.csv
Matthews_Correlation_Coefficient,2.0,3.0,0.8250694512486008,FALSE,,0.8251,hybrid_ensemble,SEARCHER8,transfer_convnext_tiny_38.8_SEARCHER8,hybrid_ensemble_summary_00-00.csv
Matthews_Correlation_Coefficient,2.0,3.5,0.8245614035087719,FALSE,,0.8246,hybrid_ensemble,SEARCHER11,transfer_convnext_tiny_39.1_SEARCHER11,hybrid_ensemble_summary_00-00.csv
Matthews_Correlation_Coefficient,1.0,2.0,0.8773280079294955,TRUE,,0.8773,hybrid_ensemble,SEARCHER,transfer_convnext_tiny_40.0_SEARCHER01,hybrid_ensemble_summary_00-00.csv
Matthews_Correlation_Coefficient,1.0,2.5,0.860178789599605,TRUE,,0.8602,hybrid_ensemble,SEARCHER3,transfer_convnext_tiny_40.3_SEARCHER31,hybrid_ensemble_summary_00-00.csv
Matthews_Correlation_Coefficient,1.0,3.0,0.7899601128975965,TRUE,,0.7900,hybrid_ensemble,SEARCHER6,transfer_convnext_tiny_40.6_SEARCHER61,hybrid_ensemble_summary_00-00.csv
Matthews_Correlation_Coefficient,1.0,3.5,0.8250694512486008,TRUE,,0.8251,hybrid_ensemble,SEARCHER9,transfer_convnext_tiny_40.9_SEARCHER91,hybrid_ensemble_summary_00-00.csv
Matthews_Correlation_Coefficient,1.5,2.0,0.8245614035087719,TRUE,,0.8246,hybrid_ensemble,SEARCHER1,transfer_convnext_tiny_40.1_SEARCHER12,hybrid_ensemble_summary_00-00.csv
Matthews_Correlation_Coefficient,1.5,2.5,0.7894736842105263,TRUE,,0.7895,hybrid_ensemble,SEARCHER4,transfer_convnext_tiny_40.4_SEARCHER41,hybrid_ensemble_summary_00-00.csv
Matthews_Correlation_Coefficient,1.5,3.0,0.8773280079294955,TRUE,,0.8773,hybrid_ensemble,SEARCHER7,transfer_convnext_tiny_40.7_SEARCHER71,hybrid_ensemble_summary_00-00.csv
Matthews_Correlation_Coefficient,1.5,3.5,0.8250694512486008,TRUE,,0.8251,hybrid_ensemble,SEARCHER10,transfer_convnext_tiny_41.0_SEARCHER101,hybrid_ensemble_summary_00-00.csv
Matthews_Correlation_Coefficient,2.0,2.0,0.8432740427115678,TRUE,,0.8433,hybrid_ensemble,SEARCHER2,transfer_convnext_tiny_40.2_SEARCHER21,hybrid_ensemble_summary_00-00.csv
Matthews_Correlation_Coefficient,2.0,2.5,0.8422348876123157,TRUE,,0.8422,hybrid_ensemble,SEARCHER5,transfer_convnext_tiny_40.5_SEARCHER51,hybrid_ensemble_summary_00-00.csv
Matthews_Correlation_Coefficient,2.0,3.0,0.8422348876123157,TRUE,,0.8422,hybrid_ensemble,SEARCHER8,transfer_convnext_tiny_40.8_SEARCHER81,hybrid_ensemble_summary_00-00.csv
Matthews_Correlation_Coefficient,2.0,3.5,0.8071417672951359,TRUE,,0.8071,hybrid_ensemble,SEARCHER11,transfer_convnext_tiny_41.1_SEARCHER111,hybrid_ensemble_summary_00-00.csv
NPV_(Negative_Predictive_Value),1.0,2.0,0.9152542372881356,FALSE,,0.9153,hybrid_ensemble,SEARCHER,transfer_convnext_tiny_38.0_SEARCHER,hybrid_ensemble_summary_00-00.csv
NPV_(Negative_Predictive_Value),1.0,2.5,0.912280701754386,FALSE,,0.9123,hybrid_ensemble,SEARCHER3,transfer_convnext_tiny_38.3_SEARCHER3,hybrid_ensemble_summary_00-00.csv
NPV_(Negative_Predictive_Value),1.0,3.0,0.9310344827586208,FALSE,,0.9310,hybrid_ensemble,SEARCHER6,transfer_convnext_tiny_38.6_SEARCHER6,hybrid_ensemble_summary_00-00.csv
NPV_(Negative_Predictive_Value),1.0,3.5,0.8793103448275862,FALSE,,0.8793,hybrid_ensemble,SEARCHER9,transfer_convnext_tiny_38.9_SEARCHER9,hybrid_ensemble_summary_00-00.csv
NPV_(Negative_Predictive_Value),1.5,2.0,0.9152542372881356,FALSE,,0.9153,hybrid_ensemble,SEARCHER1,transfer_convnext_tiny_38.1_SEARCHER1,hybrid_ensemble_summary_00-00.csv
NPV_(Negative_Predictive_Value),1.5,2.5,0.9152542372881356,FALSE,,0.9153,hybrid_ensemble,SEARCHER4,transfer_convnext_tiny_38.4_SEARCHER4,hybrid_ensemble_summary_00-00.csv
NPV_(Negative_Predictive_Value),1.5,3.0,0.8983050847457628,FALSE,,0.8983,hybrid_ensemble,SEARCHER7,transfer_convnext_tiny_38.7_SEARCHER7,hybrid_ensemble_summary_00-00.csv
NPV_(Negative_Predictive_Value),1.5,3.5,0.9152542372881356,FALSE,,0.9153,hybrid_ensemble,SEARCHER10,transfer_convnext_tiny_39.0_SEARCHER10,hybrid_ensemble_summary_00-00.csv
NPV_(Negative_Predictive_Value),2.0,2.0,0.8983050847457628,FALSE,,0.8983,hybrid_ensemble,SEARCHER2,transfer_convnext_tiny_38.2_SEARCHER2,hybrid_ensemble_summary_00-00.csv
NPV_(Negative_Predictive_Value),2.0,2.5,0.913793103448276,FALSE,,0.9138,hybrid_ensemble,SEARCHER5,transfer_convnext_tiny_38.5_SEARCHER5,hybrid_ensemble_summary_00-00.csv
NPV_(Negative_Predictive_Value),2.0,3.0,0.8983050847457628,FALSE,,0.8983,hybrid_ensemble,SEARCHER8,transfer_convnext_tiny_38.8_SEARCHER8,hybrid_ensemble_summary_00-00.csv
NPV_(Negative_Predictive_Value),2.0,3.5,0.912280701754386,FALSE,,0.9123,hybrid_ensemble,SEARCHER11,transfer_convnext_tiny_39.1_SEARCHER11,hybrid_ensemble_summary_00-00.csv
NPV_(Negative_Predictive_Value),1.0,2.0,0.9310344827586208,TRUE,,0.9310,hybrid_ensemble,SEARCHER,transfer_convnext_tiny_40.0_SEARCHER01,hybrid_ensemble_summary_00-00.csv
NPV_(Negative_Predictive_Value),1.0,2.5,0.9152542372881356,TRUE,,0.9153,hybrid_ensemble,SEARCHER3,transfer_convnext_tiny_40.3_SEARCHER31,hybrid_ensemble_summary_00-00.csv
NPV_(Negative_Predictive_Value),1.0,3.0,0.8813559322033898,TRUE,,0.8814,hybrid_ensemble,SEARCHER6,transfer_convnext_tiny_40.6_SEARCHER61,hybrid_ensemble_summary_00-00.csv
NPV_(Negative_Predictive_Value),1.0,3.5,0.9272727272727272,TRUE,,0.9273,hybrid_ensemble,SEARCHER9,transfer_convnext_tiny_40.9_SEARCHER91,hybrid_ensemble_summary_00-00.csv
NPV_(Negative_Predictive_Value),1.5,2.0,0.912280701754386,TRUE,,0.9123,hybrid_ensemble,SEARCHER1,transfer_convnext_tiny_40.1_SEARCHER12,hybrid_ensemble_summary_00-00.csv
NPV_(Negative_Predictive_Value),1.5,2.5,0.8947368421052632,TRUE,,0.8947,hybrid_ensemble,SEARCHER4,transfer_convnext_tiny_40.4_SEARCHER41,hybrid_ensemble_summary_00-00.csv
NPV_(Negative_Predictive_Value),1.5,3.0,0.9310344827586208,TRUE,,0.9310,hybrid_ensemble,SEARCHER7,transfer_convnext_tiny_40.7_SEARCHER71,hybrid_ensemble_summary_00-00.csv
NPV_(Negative_Predictive_Value),1.5,3.5,0.8983050847457628,TRUE,,0.8983,hybrid_ensemble,SEARCHER10,transfer_convnext_tiny_41.0_SEARCHER101,hybrid_ensemble_summary_00-00.csv
NPV_(Negative_Predictive_Value),2.0,2.0,0.9,TRUE,,0.9000,hybrid_ensemble,SEARCHER2,transfer_convnext_tiny_40.2_SEARCHER21,hybrid_ensemble_summary_00-00.csv
NPV_(Negative_Predictive_Value),2.0,2.5,0.913793103448276,TRUE,,0.9138,hybrid_ensemble,SEARCHER5,transfer_convnext_tiny_40.5_SEARCHER51,hybrid_ensemble_summary_00-00.csv
NPV_(Negative_Predictive_Value),2.0,3.0,0.913793103448276,TRUE,,0.9138,hybrid_ensemble,SEARCHER8,transfer_convnext_tiny_40.8_SEARCHER81,hybrid_ensemble_summary_00-00.csv
NPV_(Negative_Predictive_Value),2.0,3.5,0.9107142857142856,TRUE,,0.9107,hybrid_ensemble,SEARCHER11,transfer_convnext_tiny_41.1_SEARCHER111,hybrid_ensemble_summary_00-00.csv
PPV_(Positive_Predictive_Value),1.0,2.0,0.9454545454545454,FALSE,,0.9455,hybrid_ensemble,SEARCHER,transfer_convnext_tiny_38.0_SEARCHER,hybrid_ensemble_summary_00-00.csv
PPV_(Positive_Predictive_Value),1.0,2.5,0.912280701754386,FALSE,,0.9123,hybrid_ensemble,SEARCHER3,transfer_convnext_tiny_38.3_SEARCHER3,hybrid_ensemble_summary_00-00.csv
PPV_(Positive_Predictive_Value),1.0,3.0,0.9464285714285714,FALSE,,0.9464,hybrid_ensemble,SEARCHER6,transfer_convnext_tiny_38.6_SEARCHER6,hybrid_ensemble_summary_00-00.csv
PPV_(Positive_Predictive_Value),1.0,3.5,0.8928571428571429,FALSE,,0.8929,hybrid_ensemble,SEARCHER9,transfer_convnext_tiny_38.9_SEARCHER9,hybrid_ensemble_summary_00-00.csv
PPV_(Positive_Predictive_Value),1.5,2.0,0.9454545454545454,FALSE,,0.9455,hybrid_ensemble,SEARCHER1,transfer_convnext_tiny_38.1_SEARCHER1,hybrid_ensemble_summary_00-00.csv
PPV_(Positive_Predictive_Value),1.5,2.5,0.9454545454545454,FALSE,,0.9455,hybrid_ensemble,SEARCHER4,transfer_convnext_tiny_38.4_SEARCHER4,hybrid_ensemble_summary_00-00.csv
PPV_(Positive_Predictive_Value),1.5,3.0,0.9272727272727272,FALSE,,0.9273,hybrid_ensemble,SEARCHER7,transfer_convnext_tiny_38.7_SEARCHER7,hybrid_ensemble_summary_00-00.csv
PPV_(Positive_Predictive_Value),1.5,3.5,0.9454545454545454,FALSE,,0.9455,hybrid_ensemble,SEARCHER10,transfer_convnext_tiny_39.0_SEARCHER10,hybrid_ensemble_summary_00-00.csv
PPV_(Positive_Predictive_Value),2.0,2.0,0.9272727272727272,FALSE,,0.9273,hybrid_ensemble,SEARCHER2,transfer_convnext_tiny_38.2_SEARCHER2,hybrid_ensemble_summary_00-00.csv
PPV_(Positive_Predictive_Value),2.0,2.5,0.9285714285714286,FALSE,,0.9286,hybrid_ensemble,SEARCHER5,transfer_convnext_tiny_38.5_SEARCHER5,hybrid_ensemble_summary_00-00.csv
PPV_(Positive_Predictive_Value),2.0,3.0,0.9272727272727272,FALSE,,0.9273,hybrid_ensemble,SEARCHER8,transfer_convnext_tiny_38.8_SEARCHER8,hybrid_ensemble_summary_00-00.csv
PPV_(Positive_Predictive_Value),2.0,3.5,0.912280701754386,FALSE,,0.9123,hybrid_ensemble,SEARCHER11,transfer_convnext_tiny_39.1_SEARCHER11,hybrid_ensemble_summary_00-00.csv
PPV_(Positive_Predictive_Value),1.0,2.0,0.9464285714285714,TRUE,,0.9464,hybrid_ensemble,SEARCHER,transfer_convnext_tiny_40.0_SEARCHER01,hybrid_ensemble_summary_00-00.csv
PPV_(Positive_Predictive_Value),1.0,2.5,0.9454545454545454,TRUE,,0.9455,hybrid_ensemble,SEARCHER3,transfer_convnext_tiny_40.3_SEARCHER31,hybrid_ensemble_summary_00-00.csv
PPV_(Positive_Predictive_Value),1.0,3.0,0.9090909090909092,TRUE,,0.9091,hybrid_ensemble,SEARCHER6,transfer_convnext_tiny_40.6_SEARCHER61,hybrid_ensemble_summary_00-00.csv
PPV_(Positive_Predictive_Value),1.0,3.5,0.8983050847457628,TRUE,,0.8983,hybrid_ensemble,SEARCHER9,transfer_convnext_tiny_40.9_SEARCHER91,hybrid_ensemble_summary_00-00.csv
PPV_(Positive_Predictive_Value),1.5,2.0,0.912280701754386,TRUE,,0.9123,hybrid_ensemble,SEARCHER1,transfer_convnext_tiny_40.1_SEARCHER12,hybrid_ensemble_summary_00-00.csv
PPV_(Positive_Predictive_Value),1.5,2.5,0.8947368421052632,TRUE,,0.8947,hybrid_ensemble,SEARCHER4,transfer_convnext_tiny_40.4_SEARCHER41,hybrid_ensemble_summary_00-00.csv
PPV_(Positive_Predictive_Value),1.5,3.0,0.9464285714285714,TRUE,,0.9464,hybrid_ensemble,SEARCHER7,transfer_convnext_tiny_40.7_SEARCHER71,hybrid_ensemble_summary_00-00.csv
PPV_(Positive_Predictive_Value),1.5,3.5,0.9272727272727272,TRUE,,0.9273,hybrid_ensemble,SEARCHER10,transfer_convnext_tiny_41.0_SEARCHER101,hybrid_ensemble_summary_00-00.csv
PPV_(Positive_Predictive_Value),2.0,2.0,0.9444444444444444,TRUE,,0.9444,hybrid_ensemble,SEARCHER2,transfer_convnext_tiny_40.2_SEARCHER21,hybrid_ensemble_summary_00-00.csv
PPV_(Positive_Predictive_Value),2.0,2.5,0.9285714285714286,TRUE,,0.9286,hybrid_ensemble,SEARCHER5,transfer_convnext_tiny_40.5_SEARCHER51,hybrid_ensemble_summary_00-00.csv
PPV_(Positive_Predictive_Value),2.0,3.0,0.9285714285714286,TRUE,,0.9286,hybrid_ensemble,SEARCHER8,transfer_convnext_tiny_40.8_SEARCHER81,hybrid_ensemble_summary_00-00.csv
PPV_(Positive_Predictive_Value),2.0,3.5,0.896551724137931,TRUE,,0.8966,hybrid_ensemble,SEARCHER11,transfer_convnext_tiny_41.1_SEARCHER111,hybrid_ensemble_summary_00-00.csv
Precision,1.0,2.0,0.9454545454545454,FALSE,,0.9455,hybrid_ensemble,SEARCHER,transfer_convnext_tiny_38.0_SEARCHER,hybrid_ensemble_summary_00-00.csv
Precision,1.0,2.5,0.912280701754386,FALSE,,0.9123,hybrid_ensemble,SEARCHER3,transfer_convnext_tiny_38.3_SEARCHER3,hybrid_ensemble_summary_00-00.csv
Precision,1.0,3.0,0.9464285714285714,FALSE,,0.9464,hybrid_ensemble,SEARCHER6,transfer_convnext_tiny_38.6_SEARCHER6,hybrid_ensemble_summary_00-00.csv
Precision,1.0,3.5,0.8928571428571429,FALSE,,0.8929,hybrid_ensemble,SEARCHER9,transfer_convnext_tiny_38.9_SEARCHER9,hybrid_ensemble_summary_00-00.csv
Precision,1.5,2.0,0.9454545454545454,FALSE,,0.9455,hybrid_ensemble,SEARCHER1,transfer_convnext_tiny_38.1_SEARCHER1,hybrid_ensemble_summary_00-00.csv
Precision,1.5,2.5,0.9454545454545454,FALSE,,0.9455,hybrid_ensemble,SEARCHER4,transfer_convnext_tiny_38.4_SEARCHER4,hybrid_ensemble_summary_00-00.csv
Precision,1.5,3.0,0.9272727272727272,FALSE,,0.9273,hybrid_ensemble,SEARCHER7,transfer_convnext_tiny_38.7_SEARCHER7,hybrid_ensemble_summary_00-00.csv
Precision,1.5,3.5,0.9454545454545454,FALSE,,0.9455,hybrid_ensemble,SEARCHER10,transfer_convnext_tiny_39.0_SEARCHER10,hybrid_ensemble_summary_00-00.csv
Precision,2.0,2.0,0.9272727272727272,FALSE,,0.9273,hybrid_ensemble,SEARCHER2,transfer_convnext_tiny_38.2_SEARCHER2,hybrid_ensemble_summary_00-00.csv
Precision,2.0,2.5,0.9285714285714286,FALSE,,0.9286,hybrid_ensemble,SEARCHER5,transfer_convnext_tiny_38.5_SEARCHER5,hybrid_ensemble_summary_00-00.csv
Precision,2.0,3.0,0.9272727272727272,FALSE,,0.9273,hybrid_ensemble,SEARCHER8,transfer_convnext_tiny_38.8_SEARCHER8,hybrid_ensemble_summary_00-00.csv
Precision,2.0,3.5,0.912280701754386,FALSE,,0.9123,hybrid_ensemble,SEARCHER11,transfer_convnext_tiny_39.1_SEARCHER11,hybrid_ensemble_summary_00-00.csv
Precision,1.0,2.0,0.9464285714285714,TRUE,,0.9464,hybrid_ensemble,SEARCHER,transfer_convnext_tiny_40.0_SEARCHER01,hybrid_ensemble_summary_00-00.csv
Precision,1.0,2.5,0.9454545454545454,TRUE,,0.9455,hybrid_ensemble,SEARCHER3,transfer_convnext_tiny_40.3_SEARCHER31,hybrid_ensemble_summary_00-00.csv
Precision,1.0,3.0,0.9090909090909092,TRUE,,0.9091,hybrid_ensemble,SEARCHER6,transfer_convnext_tiny_40.6_SEARCHER61,hybrid_ensemble_summary_00-00.csv
Precision,1.0,3.5,0.8983050847457628,TRUE,,0.8983,hybrid_ensemble,SEARCHER9,transfer_convnext_tiny_40.9_SEARCHER91,hybrid_ensemble_summary_00-00.csv
Precision,1.5,2.0,0.912280701754386,TRUE,,0.9123,hybrid_ensemble,SEARCHER1,transfer_convnext_tiny_40.1_SEARCHER12,hybrid_ensemble_summary_00-00.csv
Precision,1.5,2.5,0.8947368421052632,TRUE,,0.8947,hybrid_ensemble,SEARCHER4,transfer_convnext_tiny_40.4_SEARCHER41,hybrid_ensemble_summary_00-00.csv
Precision,1.5,3.0,0.9464285714285714,TRUE,,0.9464,hybrid_ensemble,SEARCHER7,transfer_convnext_tiny_40.7_SEARCHER71,hybrid_ensemble_summary_00-00.csv
Precision,1.5,3.5,0.9272727272727272,TRUE,,0.9273,hybrid_ensemble,SEARCHER10,transfer_convnext_tiny_41.0_SEARCHER101,hybrid_ensemble_summary_00-00.csv
Precision,2.0,2.0,0.9444444444444444,TRUE,,0.9444,hybrid_ensemble,SEARCHER2,transfer_convnext_tiny_40.2_SEARCHER21,hybrid_ensemble_summary_00-00.csv
Precision,2.0,2.5,0.9285714285714286,TRUE,,0.9286,hybrid_ensemble,SEARCHER5,transfer_convnext_tiny_40.5_SEARCHER51,hybrid_ensemble_summary_00-00.csv
Precision,2.0,3.0,0.9285714285714286,TRUE,,0.9286,hybrid_ensemble,SEARCHER8,transfer_convnext_tiny_40.8_SEARCHER81,hybrid_ensemble_summary_00-00.csv
Precision,2.0,3.5,0.896551724137931,TRUE,,0.8966,hybrid_ensemble,SEARCHER11,transfer_convnext_tiny_41.1_SEARCHER111,hybrid_ensemble_summary_00-00.csv
Recall,1.0,2.0,0.912280701754386,FALSE,,0.9123,hybrid_ensemble,SEARCHER,transfer_convnext_tiny_38.0_SEARCHER,hybrid_ensemble_summary_00-00.csv
Recall,1.0,2.5,0.912280701754386,FALSE,,0.9123,hybrid_ensemble,SEARCHER3,transfer_convnext_tiny_38.3_SEARCHER3,hybrid_ensemble_summary_00-00.csv
Recall,1.0,3.0,0.9298245614035088,FALSE,,0.9298,hybrid_ensemble,SEARCHER6,transfer_convnext_tiny_38.6_SEARCHER6,hybrid_ensemble_summary_00-00.csv
Recall,1.0,3.5,0.8771929824561403,FALSE,,0.8772,hybrid_ensemble,SEARCHER9,transfer_convnext_tiny_38.9_SEARCHER9,hybrid_ensemble_summary_00-00.csv
Recall,1.5,2.0,0.912280701754386,FALSE,,0.9123,hybrid_ensemble,SEARCHER1,transfer_convnext_tiny_38.1_SEARCHER1,hybrid_ensemble_summary_00-00.csv
Recall,1.5,2.5,0.912280701754386,FALSE,,0.9123,hybrid_ensemble,SEARCHER4,transfer_convnext_tiny_38.4_SEARCHER4,hybrid_ensemble_summary_00-00.csv
Recall,1.5,3.0,0.8947368421052632,FALSE,,0.8947,hybrid_ensemble,SEARCHER7,transfer_convnext_tiny_38.7_SEARCHER7,hybrid_ensemble_summary_00-00.csv
Recall,1.5,3.5,0.912280701754386,FALSE,,0.9123,hybrid_ensemble,SEARCHER10,transfer_convnext_tiny_39.0_SEARCHER10,hybrid_ensemble_summary_00-00.csv
Recall,2.0,2.0,0.8947368421052632,FALSE,,0.8947,hybrid_ensemble,SEARCHER2,transfer_convnext_tiny_38.2_SEARCHER2,hybrid_ensemble_summary_00-00.csv
Recall,2.0,2.5,0.912280701754386,FALSE,,0.9123,hybrid_ensemble,SEARCHER5,transfer_convnext_tiny_38.5_SEARCHER5,hybrid_ensemble_summary_00-00.csv
Recall,2.0,3.0,0.8947368421052632,FALSE,,0.8947,hybrid_ensemble,SEARCHER8,transfer_convnext_tiny_38.8_SEARCHER8,hybrid_ensemble_summary_00-00.csv
Recall,2.0,3.5,0.912280701754386,FALSE,,0.9123,hybrid_ensemble,SEARCHER11,transfer_convnext_tiny_39.1_SEARCHER11,hybrid_ensemble_summary_00-00.csv
Recall,1.0,2.0,0.9298245614035088,TRUE,,0.9298,hybrid_ensemble,SEARCHER,transfer_convnext_tiny_40.0_SEARCHER01,hybrid_ensemble_summary_00-00.csv
Recall,1.0,2.5,0.912280701754386,TRUE,,0.9123,hybrid_ensemble,SEARCHER3,transfer_convnext_tiny_40.3_SEARCHER31,hybrid_ensemble_summary_00-00.csv
Recall,1.0,3.0,0.8771929824561403,TRUE,,0.8772,hybrid_ensemble,SEARCHER6,transfer_convnext_tiny_40.6_SEARCHER61,hybrid_ensemble_summary_00-00.csv
Recall,1.0,3.5,0.9298245614035088,TRUE,,0.9298,hybrid_ensemble,SEARCHER9,transfer_convnext_tiny_40.9_SEARCHER91,hybrid_ensemble_summary_00-00.csv
Recall,1.5,2.0,0.912280701754386,TRUE,,0.9123,hybrid_ensemble,SEARCHER1,transfer_convnext_tiny_40.1_SEARCHER12,hybrid_ensemble_summary_00-00.csv
Recall,1.5,2.5,0.8947368421052632,TRUE,,0.8947,hybrid_ensemble,SEARCHER4,transfer_convnext_tiny_40.4_SEARCHER41,hybrid_ensemble_summary_00-00.csv
Recall,1.5,3.0,0.9298245614035088,TRUE,,0.9298,hybrid_ensemble,SEARCHER7,transfer_convnext_tiny_40.7_SEARCHER71,hybrid_ensemble_summary_00-00.csv
Recall,1.5,3.5,0.8947368421052632,TRUE,,0.8947,hybrid_ensemble,SEARCHER10,transfer_convnext_tiny_41.0_SEARCHER101,hybrid_ensemble_summary_00-00.csv
Recall,2.0,2.0,0.8947368421052632,TRUE,,0.8947,hybrid_ensemble,SEARCHER2,transfer_convnext_tiny_40.2_SEARCHER21,hybrid_ensemble_summary_00-00.csv
Recall,2.0,2.5,0.912280701754386,TRUE,,0.9123,hybrid_ensemble,SEARCHER5,transfer_convnext_tiny_40.5_SEARCHER51,hybrid_ensemble_summary_00-00.csv
Recall,2.0,3.0,0.912280701754386,TRUE,,0.9123,hybrid_ensemble,SEARCHER8,transfer_convnext_tiny_40.8_SEARCHER81,hybrid_ensemble_summary_00-00.csv
Recall,2.0,3.5,0.912280701754386,TRUE,,0.9123,hybrid_ensemble,SEARCHER11,transfer_convnext_tiny_41.1_SEARCHER111,hybrid_ensemble_summary_00-00.csv
Sensitivity,1.0,2.0,0.912280701754386,FALSE,,0.9123,hybrid_ensemble,SEARCHER,transfer_convnext_tiny_38.0_SEARCHER,hybrid_ensemble_summary_00-00.csv
Sensitivity,1.0,2.5,0.912280701754386,FALSE,,0.9123,hybrid_ensemble,SEARCHER3,transfer_convnext_tiny_38.3_SEARCHER3,hybrid_ensemble_summary_00-00.csv
Sensitivity,1.0,3.0,0.9298245614035088,FALSE,,0.9298,hybrid_ensemble,SEARCHER6,transfer_convnext_tiny_38.6_SEARCHER6,hybrid_ensemble_summary_00-00.csv
Sensitivity,1.0,3.5,0.8771929824561403,FALSE,,0.8772,hybrid_ensemble,SEARCHER9,transfer_convnext_tiny_38.9_SEARCHER9,hybrid_ensemble_summary_00-00.csv
Sensitivity,1.5,2.0,0.912280701754386,FALSE,,0.9123,hybrid_ensemble,SEARCHER1,transfer_convnext_tiny_38.1_SEARCHER1,hybrid_ensemble_summary_00-00.csv
Sensitivity,1.5,2.5,0.912280701754386,FALSE,,0.9123,hybrid_ensemble,SEARCHER4,transfer_convnext_tiny_38.4_SEARCHER4,hybrid_ensemble_summary_00-00.csv
Sensitivity,1.5,3.0,0.8947368421052632,FALSE,,0.8947,hybrid_ensemble,SEARCHER7,transfer_convnext_tiny_38.7_SEARCHER7,hybrid_ensemble_summary_00-00.csv
Sensitivity,1.5,3.5,0.912280701754386,FALSE,,0.9123,hybrid_ensemble,SEARCHER10,transfer_convnext_tiny_39.0_SEARCHER10,hybrid_ensemble_summary_00-00.csv
Sensitivity,2.0,2.0,0.8947368421052632,FALSE,,0.8947,hybrid_ensemble,SEARCHER2,transfer_convnext_tiny_38.2_SEARCHER2,hybrid_ensemble_summary_00-00.csv
Sensitivity,2.0,2.5,0.912280701754386,FALSE,,0.9123,hybrid_ensemble,SEARCHER5,transfer_convnext_tiny_38.5_SEARCHER5,hybrid_ensemble_summary_00-00.csv
Sensitivity,2.0,3.0,0.8947368421052632,FALSE,,0.8947,hybrid_ensemble,SEARCHER8,transfer_convnext_tiny_38.8_SEARCHER8,hybrid_ensemble_summary_00-00.csv
Sensitivity,2.0,3.5,0.912280701754386,FALSE,,0.9123,hybrid_ensemble,SEARCHER11,transfer_convnext_tiny_39.1_SEARCHER11,hybrid_ensemble_summary_00-00.csv
Sensitivity,1.0,2.0,0.9298245614035088,TRUE,,0.9298,hybrid_ensemble,SEARCHER,transfer_convnext_tiny_40.0_SEARCHER01,hybrid_ensemble_summary_00-00.csv
Sensitivity,1.0,2.5,0.912280701754386,TRUE,,0.9123,hybrid_ensemble,SEARCHER3,transfer_convnext_tiny_40.3_SEARCHER31,hybrid_ensemble_summary_00-00.csv
Sensitivity,1.0,3.0,0.8771929824561403,TRUE,,0.8772,hybrid_ensemble,SEARCHER6,transfer_convnext_tiny_40.6_SEARCHER61,hybrid_ensemble_summary_00-00.csv
Sensitivity,1.0,3.5,0.9298245614035088,TRUE,,0.9298,hybrid_ensemble,SEARCHER9,transfer_convnext_tiny_40.9_SEARCHER91,hybrid_ensemble_summary_00-00.csv
Sensitivity,1.5,2.0,0.912280701754386,TRUE,,0.9123,hybrid_ensemble,SEARCHER1,transfer_convnext_tiny_40.1_SEARCHER12,hybrid_ensemble_summary_00-00.csv
Sensitivity,1.5,2.5,0.8947368421052632,TRUE,,0.8947,hybrid_ensemble,SEARCHER4,transfer_convnext_tiny_40.4_SEARCHER41,hybrid_ensemble_summary_00-00.csv
Sensitivity,1.5,3.0,0.9298245614035088,TRUE,,0.9298,hybrid_ensemble,SEARCHER7,transfer_convnext_tiny_40.7_SEARCHER71,hybrid_ensemble_summary_00-00.csv
Sensitivity,1.5,3.5,0.8947368421052632,TRUE,,0.8947,hybrid_ensemble,SEARCHER10,transfer_convnext_tiny_41.0_SEARCHER101,hybrid_ensemble_summary_00-00.csv
Sensitivity,2.0,2.0,0.8947368421052632,TRUE,,0.8947,hybrid_ensemble,SEARCHER2,transfer_convnext_tiny_40.2_SEARCHER21,hybrid_ensemble_summary_00-00.csv
Sensitivity,2.0,2.5,0.912280701754386,TRUE,,0.9123,hybrid_ensemble,SEARCHER5,transfer_convnext_tiny_40.5_SEARCHER51,hybrid_ensemble_summary_00-00.csv
Sensitivity,2.0,3.0,0.912280701754386,TRUE,,0.9123,hybrid_ensemble,SEARCHER8,transfer_convnext_tiny_40.8_SEARCHER81,hybrid_ensemble_summary_00-00.csv
Sensitivity,2.0,3.5,0.912280701754386,TRUE,,0.9123,hybrid_ensemble,SEARCHER11,transfer_convnext_tiny_41.1_SEARCHER111,hybrid_ensemble_summary_00-00.csv
Specificity,1.0,2.0,0.9473684210526316,FALSE,,0.9474,hybrid_ensemble,SEARCHER,transfer_convnext_tiny_38.0_SEARCHER,hybrid_ensemble_summary_00-00.csv
Specificity,1.0,2.5,0.912280701754386,FALSE,,0.9123,hybrid_ensemble,SEARCHER3,transfer_convnext_tiny_38.3_SEARCHER3,hybrid_ensemble_summary_00-00.csv
Specificity,1.0,3.0,0.9473684210526316,FALSE,,0.9474,hybrid_ensemble,SEARCHER6,transfer_convnext_tiny_38.6_SEARCHER6,hybrid_ensemble_summary_00-00.csv
Specificity,1.0,3.5,0.8947368421052632,FALSE,,0.8947,hybrid_ensemble,SEARCHER9,transfer_convnext_tiny_38.9_SEARCHER9,hybrid_ensemble_summary_00-00.csv
Specificity,1.5,2.0,0.9473684210526316,FALSE,,0.9474,hybrid_ensemble,SEARCHER1,transfer_convnext_tiny_38.1_SEARCHER1,hybrid_ensemble_summary_00-00.csv
Specificity,1.5,2.5,0.9473684210526316,FALSE,,0.9474,hybrid_ensemble,SEARCHER4,transfer_convnext_tiny_38.4_SEARCHER4,hybrid_ensemble_summary_00-00.csv
Specificity,1.5,3.0,0.9298245614035088,FALSE,,0.9298,hybrid_ensemble,SEARCHER7,transfer_convnext_tiny_38.7_SEARCHER7,hybrid_ensemble_summary_00-00.csv
Specificity,1.5,3.5,0.9473684210526316,FALSE,,0.9474,hybrid_ensemble,SEARCHER10,transfer_convnext_tiny_39.0_SEARCHER10,hybrid_ensemble_summary_00-00.csv
Specificity,2.0,2.0,0.9298245614035088,FALSE,,0.9298,hybrid_ensemble,SEARCHER2,transfer_convnext_tiny_38.2_SEARCHER2,hybrid_ensemble_summary_00-00.csv
Specificity,2.0,2.5,0.9298245614035088,FALSE,,0.9298,hybrid_ensemble,SEARCHER5,transfer_convnext_tiny_38.5_SEARCHER5,hybrid_ensemble_summary_00-00.csv
Specificity,2.0,3.0,0.9298245614035088,FALSE,,0.9298,hybrid_ensemble,SEARCHER8,transfer_convnext_tiny_38.8_SEARCHER8,hybrid_ensemble_summary_00-00.csv
Specificity,2.0,3.5,0.912280701754386,FALSE,,0.9123,hybrid_ensemble,SEARCHER11,transfer_convnext_tiny_39.1_SEARCHER11,hybrid_ensemble_summary_00-00.csv
Specificity,1.0,2.0,0.9473684210526316,TRUE,,0.9474,hybrid_ensemble,SEARCHER,transfer_convnext_tiny_40.0_SEARCHER01,hybrid_ensemble_summary_00-00.csv
Specificity,1.0,2.5,0.9473684210526316,TRUE,,0.9474,hybrid_ensemble,SEARCHER3,transfer_convnext_tiny_40.3_SEARCHER31,hybrid_ensemble_summary_00-00.csv
Specificity,1.0,3.0,0.912280701754386,TRUE,,0.9123,hybrid_ensemble,SEARCHER6,transfer_convnext_tiny_40.6_SEARCHER61,hybrid_ensemble_summary_00-00.csv
Specificity,1.0,3.5,0.8947368421052632,TRUE,,0.8947,hybrid_ensemble,SEARCHER9,transfer_convnext_tiny_40.9_SEARCHER91,hybrid_ensemble_summary_00-00.csv
Specificity,1.5,2.0,0.912280701754386,TRUE,,0.9123,hybrid_ensemble,SEARCHER1,transfer_convnext_tiny_40.1_SEARCHER12,hybrid_ensemble_summary_00-00.csv
Specificity,1.5,2.5,0.8947368421052632,TRUE,,0.8947,hybrid_ensemble,SEARCHER4,transfer_convnext_tiny_40.4_SEARCHER41,hybrid_ensemble_summary_00-00.csv
Specificity,1.5,3.0,0.9473684210526316,TRUE,,0.9474,hybrid_ensemble,SEARCHER7,transfer_convnext_tiny_40.7_SEARCHER71,hybrid_ensemble_summary_00-00.csv
Specificity,1.5,3.5,0.9298245614035088,TRUE,,0.9298,hybrid_ensemble,SEARCHER10,transfer_convnext_tiny_41.0_SEARCHER101,hybrid_ensemble_summary_00-00.csv
Specificity,2.0,2.0,0.9473684210526316,TRUE,,0.9474,hybrid_ensemble,SEARCHER2,transfer_convnext_tiny_40.2_SEARCHER21,hybrid_ensemble_summary_00-00.csv
Specificity,2.0,2.5,0.9298245614035088,TRUE,,0.9298,hybrid_ensemble,SEARCHER5,transfer_convnext_tiny_40.5_SEARCHER51,hybrid_ensemble_summary_00-00.csv
Specificity,2.0,3.0,0.9298245614035088,TRUE,,0.9298,hybrid_ensemble,SEARCHER8,transfer_convnext_tiny_40.8_SEARCHER81,hybrid_ensemble_summary_00-00.csv
Specificity,2.0,3.5,0.8947368421052632,TRUE,,0.8947,hybrid_ensemble,SEARCHER11,transfer_convnext_tiny_41.1_SEARCHER111,hybrid_ensemble_summary_00-00.csv
TN_(True_Negatives),1.0,2.0,54.0,FALSE,,54.0000,hybrid_ensemble,SEARCHER,transfer_convnext_tiny_38.0_SEARCHER,hybrid_ensemble_summary_00-00.csv
TN_(True_Negatives),1.0,2.5,52.0,FALSE,,52.0000,hybrid_ensemble,SEARCHER3,transfer_convnext_tiny_38.3_SEARCHER3,hybrid_ensemble_summary_00-00.csv
TN_(True_Negatives),1.0,3.0,54.0,FALSE,,54.0000,hybrid_ensemble,SEARCHER6,transfer_convnext_tiny_38.6_SEARCHER6,hybrid_ensemble_summary_00-00.csv
TN_(True_Negatives),1.0,3.5,51.0,FALSE,,51.0000,hybrid_ensemble,SEARCHER9,transfer_convnext_tiny_38.9_SEARCHER9,hybrid_ensemble_summary_00-00.csv
TN_(True_Negatives),1.5,2.0,54.0,FALSE,,54.0000,hybrid_ensemble,SEARCHER1,transfer_convnext_tiny_38.1_SEARCHER1,hybrid_ensemble_summary_00-00.csv
TN_(True_Negatives),1.5,2.5,54.0,FALSE,,54.0000,hybrid_ensemble,SEARCHER4,transfer_convnext_tiny_38.4_SEARCHER4,hybrid_ensemble_summary_00-00.csv
TN_(True_Negatives),1.5,3.0,53.0,FALSE,,53.0000,hybrid_ensemble,SEARCHER7,transfer_convnext_tiny_38.7_SEARCHER7,hybrid_ensemble_summary_00-00.csv
TN_(True_Negatives),1.5,3.5,54.0,FALSE,,54.0000,hybrid_ensemble,SEARCHER10,transfer_convnext_tiny_39.0_SEARCHER10,hybrid_ensemble_summary_00-00.csv
TN_(True_Negatives),2.0,2.0,53.0,FALSE,,53.0000,hybrid_ensemble,SEARCHER2,transfer_convnext_tiny_38.2_SEARCHER2,hybrid_ensemble_summary_00-00.csv
TN_(True_Negatives),2.0,2.5,53.0,FALSE,,53.0000,hybrid_ensemble,SEARCHER5,transfer_convnext_tiny_38.5_SEARCHER5,hybrid_ensemble_summary_00-00.csv
TN_(True_Negatives),2.0,3.0,53.0,FALSE,,53.0000,hybrid_ensemble,SEARCHER8,transfer_convnext_tiny_38.8_SEARCHER8,hybrid_ensemble_summary_00-00.csv
TN_(True_Negatives),2.0,3.5,52.0,FALSE,,52.0000,hybrid_ensemble,SEARCHER11,transfer_convnext_tiny_39.1_SEARCHER11,hybrid_ensemble_summary_00-00.csv
TN_(True_Negatives),1.0,2.0,54.0,TRUE,,54.0000,hybrid_ensemble,SEARCHER,transfer_convnext_tiny_40.0_SEARCHER01,hybrid_ensemble_summary_00-00.csv
TN_(True_Negatives),1.0,2.5,54.0,TRUE,,54.0000,hybrid_ensemble,SEARCHER3,transfer_convnext_tiny_40.3_SEARCHER31,hybrid_ensemble_summary_00-00.csv
TN_(True_Negatives),1.0,3.0,52.0,TRUE,,52.0000,hybrid_ensemble,SEARCHER6,transfer_convnext_tiny_40.6_SEARCHER61,hybrid_ensemble_summary_00-00.csv
TN_(True_Negatives),1.0,3.5,51.0,TRUE,,51.0000,hybrid_ensemble,SEARCHER9,transfer_convnext_tiny_40.9_SEARCHER91,hybrid_ensemble_summary_00-00.csv
TN_(True_Negatives),1.5,2.0,52.0,TRUE,,52.0000,hybrid_ensemble,SEARCHER1,transfer_convnext_tiny_40.1_SEARCHER12,hybrid_ensemble_summary_00-00.csv
TN_(True_Negatives),1.5,2.5,51.0,TRUE,,51.0000,hybrid_ensemble,SEARCHER4,transfer_convnext_tiny_40.4_SEARCHER41,hybrid_ensemble_summary_00-00.csv
TN_(True_Negatives),1.5,3.0,54.0,TRUE,,54.0000,hybrid_ensemble,SEARCHER7,transfer_convnext_tiny_40.7_SEARCHER71,hybrid_ensemble_summary_00-00.csv
TN_(True_Negatives),1.5,3.5,53.0,TRUE,,53.0000,hybrid_ensemble,SEARCHER10,transfer_convnext_tiny_41.0_SEARCHER101,hybrid_ensemble_summary_00-00.csv
TN_(True_Negatives),2.0,2.0,54.0,TRUE,,54.0000,hybrid_ensemble,SEARCHER2,transfer_convnext_tiny_40.2_SEARCHER21,hybrid_ensemble_summary_00-00.csv
TN_(True_Negatives),2.0,2.5,53.0,TRUE,,53.0000,hybrid_ensemble,SEARCHER5,transfer_convnext_tiny_40.5_SEARCHER51,hybrid_ensemble_summary_00-00.csv
TN_(True_Negatives),2.0,3.0,53.0,TRUE,,53.0000,hybrid_ensemble,SEARCHER8,transfer_convnext_tiny_40.8_SEARCHER81,hybrid_ensemble_summary_00-00.csv
TN_(True_Negatives),2.0,3.5,51.0,TRUE,,51.0000,hybrid_ensemble,SEARCHER11,transfer_convnext_tiny_41.1_SEARCHER111,hybrid_ensemble_summary_00-00.csv
TP_(True_Positives),1.0,2.0,52.0,FALSE,,52.0000,hybrid_ensemble,SEARCHER,transfer_convnext_tiny_38.0_SEARCHER,hybrid_ensemble_summary_00-00.csv
TP_(True_Positives),1.0,2.5,52.0,FALSE,,52.0000,hybrid_ensemble,SEARCHER3,transfer_convnext_tiny_38.3_SEARCHER3,hybrid_ensemble_summary_00-00.csv
TP_(True_Positives),1.0,3.0,53.0,FALSE,,53.0000,hybrid_ensemble,SEARCHER6,transfer_convnext_tiny_38.6_SEARCHER6,hybrid_ensemble_summary_00-00.csv
TP_(True_Positives),1.0,3.5,50.0,FALSE,,50.0000,hybrid_ensemble,SEARCHER9,transfer_convnext_tiny_38.9_SEARCHER9,hybrid_ensemble_summary_00-00.csv
TP_(True_Positives),1.5,2.0,52.0,FALSE,,52.0000,hybrid_ensemble,SEARCHER1,transfer_convnext_tiny_38.1_SEARCHER1,hybrid_ensemble_summary_00-00.csv
TP_(True_Positives),1.5,2.5,52.0,FALSE,,52.0000,hybrid_ensemble,SEARCHER4,transfer_convnext_tiny_38.4_SEARCHER4,hybrid_ensemble_summary_00-00.csv
TP_(True_Positives),1.5,3.0,51.0,FALSE,,51.0000,hybrid_ensemble,SEARCHER7,transfer_convnext_tiny_38.7_SEARCHER7,hybrid_ensemble_summary_00-00.csv
TP_(True_Positives),1.5,3.5,52.0,FALSE,,52.0000,hybrid_ensemble,SEARCHER10,transfer_convnext_tiny_39.0_SEARCHER10,hybrid_ensemble_summary_00-00.csv
TP_(True_Positives),2.0,2.0,51.0,FALSE,,51.0000,hybrid_ensemble,SEARCHER2,transfer_convnext_tiny_38.2_SEARCHER2,hybrid_ensemble_summary_00-00.csv
TP_(True_Positives),2.0,2.5,52.0,FALSE,,52.0000,hybrid_ensemble,SEARCHER5,transfer_convnext_tiny_38.5_SEARCHER5,hybrid_ensemble_summary_00-00.csv
TP_(True_Positives),2.0,3.0,51.0,FALSE,,51.0000,hybrid_ensemble,SEARCHER8,transfer_convnext_tiny_38.8_SEARCHER8,hybrid_ensemble_summary_00-00.csv
TP_(True_Positives),2.0,3.5,52.0,FALSE,,52.0000,hybrid_ensemble,SEARCHER11,transfer_convnext_tiny_39.1_SEARCHER11,hybrid_ensemble_summary_00-00.csv
TP_(True_Positives),1.0,2.0,53.0,TRUE,,53.0000,hybrid_ensemble,SEARCHER,transfer_convnext_tiny_40.0_SEARCHER01,hybrid_ensemble_summary_00-00.csv
TP_(True_Positives),1.0,2.5,52.0,TRUE,,52.0000,hybrid_ensemble,SEARCHER3,transfer_convnext_tiny_40.3_SEARCHER31,hybrid_ensemble_summary_00-00.csv
TP_(True_Positives),1.0,3.0,50.0,TRUE,,50.0000,hybrid_ensemble,SEARCHER6,transfer_convnext_tiny_40.6_SEARCHER61,hybrid_ensemble_summary_00-00.csv
TP_(True_Positives),1.0,3.5,53.0,TRUE,,53.0000,hybrid_ensemble,SEARCHER9,transfer_convnext_tiny_40.9_SEARCHER91,hybrid_ensemble_summary_00-00.csv
TP_(True_Positives),1.5,2.0,52.0,TRUE,,52.0000,hybrid_ensemble,SEARCHER1,transfer_convnext_tiny_40.1_SEARCHER12,hybrid_ensemble_summary_00-00.csv
TP_(True_Positives),1.5,2.5,51.0,TRUE,,51.0000,hybrid_ensemble,SEARCHER4,transfer_convnext_tiny_40.4_SEARCHER41,hybrid_ensemble_summary_00-00.csv
TP_(True_Positives),1.5,3.0,53.0,TRUE,,53.0000,hybrid_ensemble,SEARCHER7,transfer_convnext_tiny_40.7_SEARCHER71,hybrid_ensemble_summary_00-00.csv
TP_(True_Positives),1.5,3.5,51.0,TRUE,,51.0000,hybrid_ensemble,SEARCHER10,transfer_convnext_tiny_41.0_SEARCHER101,hybrid_ensemble_summary_00-00.csv
TP_(True_Positives),2.0,2.0,51.0,TRUE,,51.0000,hybrid_ensemble,SEARCHER2,transfer_convnext_tiny_40.2_SEARCHER21,hybrid_ensemble_summary_00-00.csv
TP_(True_Positives),2.0,2.5,52.0,TRUE,,52.0000,hybrid_ensemble,SEARCHER5,transfer_convnext_tiny_40.5_SEARCHER51,hybrid_ensemble_summary_00-00.csv
TP_(True_Positives),2.0,3.0,52.0,TRUE,,52.0000,hybrid_ensemble,SEARCHER8,transfer_convnext_tiny_40.8_SEARCHER81,hybrid_ensemble_summary_00-00.csv
TP_(True_Positives),2.0,3.5,52.0,TRUE,,52.0000,hybrid_ensemble,SEARCHER11,transfer_convnext_tiny_41.1_SEARCHER111,hybrid_ensemble_summary_00-00.csv
Accuracy,1.0,2.0,0.9298245614035088,FALSE,,0.9298,meta_classifier,SEARCHER,transfer_convnext_tiny_38.0_SEARCHER,meta_classifier_summary_00-00.csv
Accuracy,1.0,2.5,0.912280701754386,FALSE,,0.9123,meta_classifier,SEARCHER3,transfer_convnext_tiny_38.3_SEARCHER3,meta_classifier_summary_00-00.csv
Accuracy,1.0,3.0,0.9385964912280702,FALSE,,0.9386,meta_classifier,SEARCHER6,transfer_convnext_tiny_38.6_SEARCHER6,meta_classifier_summary_00-00.csv
Accuracy,1.0,3.5,0.8859649122807017,FALSE,,0.8860,meta_classifier,SEARCHER9,transfer_convnext_tiny_38.9_SEARCHER9,meta_classifier_summary_00-00.csv
Accuracy,1.5,2.0,0.9298245614035088,FALSE,,0.9298,meta_classifier,SEARCHER1,transfer_convnext_tiny_38.1_SEARCHER1,meta_classifier_summary_00-00.csv
Accuracy,1.5,2.5,0.9298245614035088,FALSE,,0.9298,meta_classifier,SEARCHER4,transfer_convnext_tiny_38.4_SEARCHER4,meta_classifier_summary_00-00.csv
Accuracy,1.5,3.0,0.912280701754386,FALSE,,0.9123,meta_classifier,SEARCHER7,transfer_convnext_tiny_38.7_SEARCHER7,meta_classifier_summary_00-00.csv
Accuracy,1.5,3.5,0.9298245614035088,FALSE,,0.9298,meta_classifier,SEARCHER10,transfer_convnext_tiny_39.0_SEARCHER10,meta_classifier_summary_00-00.csv
Accuracy,2.0,2.0,0.912280701754386,FALSE,,0.9123,meta_classifier,SEARCHER2,transfer_convnext_tiny_38.2_SEARCHER2,meta_classifier_summary_00-00.csv
Accuracy,2.0,2.5,0.9210526315789472,FALSE,,0.9211,meta_classifier,SEARCHER5,transfer_convnext_tiny_38.5_SEARCHER5,meta_classifier_summary_00-00.csv
Accuracy,2.0,3.0,0.912280701754386,FALSE,,0.9123,meta_classifier,SEARCHER8,transfer_convnext_tiny_38.8_SEARCHER8,meta_classifier_summary_00-00.csv
Accuracy,2.0,3.5,0.912280701754386,FALSE,,0.9123,meta_classifier,SEARCHER11,transfer_convnext_tiny_39.1_SEARCHER11,meta_classifier_summary_00-00.csv
Accuracy,1.0,2.0,0.9385964912280702,TRUE,,0.9386,meta_classifier,SEARCHER,transfer_convnext_tiny_40.0_SEARCHER01,meta_classifier_summary_00-00.csv
Accuracy,1.0,2.5,0.9298245614035088,TRUE,,0.9298,meta_classifier,SEARCHER3,transfer_convnext_tiny_40.3_SEARCHER31,meta_classifier_summary_00-00.csv
Accuracy,1.0,3.0,0.8947368421052632,TRUE,,0.8947,meta_classifier,SEARCHER6,transfer_convnext_tiny_40.6_SEARCHER61,meta_classifier_summary_00-00.csv
Accuracy,1.0,3.5,0.912280701754386,TRUE,,0.9123,meta_classifier,SEARCHER9,transfer_convnext_tiny_40.9_SEARCHER91,meta_classifier_summary_00-00.csv
Accuracy,1.5,2.0,0.912280701754386,TRUE,,0.9123,meta_classifier,SEARCHER1,transfer_convnext_tiny_40.1_SEARCHER12,meta_classifier_summary_00-00.csv
Accuracy,1.5,2.5,0.8947368421052632,TRUE,,0.8947,meta_classifier,SEARCHER4,transfer_convnext_tiny_40.4_SEARCHER41,meta_classifier_summary_00-00.csv
Accuracy,1.5,3.0,0.9385964912280702,TRUE,,0.9386,meta_classifier,SEARCHER7,transfer_convnext_tiny_40.7_SEARCHER71,meta_classifier_summary_00-00.csv
Accuracy,1.5,3.5,0.912280701754386,TRUE,,0.9123,meta_classifier,SEARCHER10,transfer_convnext_tiny_41.0_SEARCHER101,meta_classifier_summary_00-00.csv
Accuracy,2.0,2.0,0.9210526315789472,TRUE,,0.9211,meta_classifier,SEARCHER2,transfer_convnext_tiny_40.2_SEARCHER21,meta_classifier_summary_00-00.csv
Accuracy,2.0,2.5,0.9210526315789472,TRUE,,0.9211,meta_classifier,SEARCHER5,transfer_convnext_tiny_40.5_SEARCHER51,meta_classifier_summary_00-00.csv
Accuracy,2.0,3.0,0.9210526315789472,TRUE,,0.9211,meta_classifier,SEARCHER8,transfer_convnext_tiny_40.8_SEARCHER81,meta_classifier_summary_00-00.csv
Accuracy,2.0,3.5,0.9035087719298246,TRUE,,0.9035,meta_classifier,SEARCHER11,transfer_convnext_tiny_41.1_SEARCHER111,meta_classifier_summary_00-00.csv
Balanced_Accuracy,1.0,2.0,0.9298245614035088,FALSE,,0.9298,meta_classifier,SEARCHER,transfer_convnext_tiny_38.0_SEARCHER,meta_classifier_summary_00-00.csv
Balanced_Accuracy,1.0,2.5,0.912280701754386,FALSE,,0.9123,meta_classifier,SEARCHER3,transfer_convnext_tiny_38.3_SEARCHER3,meta_classifier_summary_00-00.csv
Balanced_Accuracy,1.0,3.0,0.9385964912280702,FALSE,,0.9386,meta_classifier,SEARCHER6,transfer_convnext_tiny_38.6_SEARCHER6,meta_classifier_summary_00-00.csv
Balanced_Accuracy,1.0,3.5,0.8859649122807017,FALSE,,0.8860,meta_classifier,SEARCHER9,transfer_convnext_tiny_38.9_SEARCHER9,meta_classifier_summary_00-00.csv
Balanced_Accuracy,1.5,2.0,0.9298245614035088,FALSE,,0.9298,meta_classifier,SEARCHER1,transfer_convnext_tiny_38.1_SEARCHER1,meta_classifier_summary_00-00.csv
Balanced_Accuracy,1.5,2.5,0.9298245614035088,FALSE,,0.9298,meta_classifier,SEARCHER4,transfer_convnext_tiny_38.4_SEARCHER4,meta_classifier_summary_00-00.csv
Balanced_Accuracy,1.5,3.0,0.912280701754386,FALSE,,0.9123,meta_classifier,SEARCHER7,transfer_convnext_tiny_38.7_SEARCHER7,meta_classifier_summary_00-00.csv
Balanced_Accuracy,1.5,3.5,0.9298245614035088,FALSE,,0.9298,meta_classifier,SEARCHER10,transfer_convnext_tiny_39.0_SEARCHER10,meta_classifier_summary_00-00.csv
Balanced_Accuracy,2.0,2.0,0.912280701754386,FALSE,,0.9123,meta_classifier,SEARCHER2,transfer_convnext_tiny_38.2_SEARCHER2,meta_classifier_summary_00-00.csv
Balanced_Accuracy,2.0,2.5,0.9210526315789472,FALSE,,0.9211,meta_classifier,SEARCHER5,transfer_convnext_tiny_38.5_SEARCHER5,meta_classifier_summary_00-00.csv
Balanced_Accuracy,2.0,3.0,0.912280701754386,FALSE,,0.9123,meta_classifier,SEARCHER8,transfer_convnext_tiny_38.8_SEARCHER8,meta_classifier_summary_00-00.csv
Balanced_Accuracy,2.0,3.5,0.912280701754386,FALSE,,0.9123,meta_classifier,SEARCHER11,transfer_convnext_tiny_39.1_SEARCHER11,meta_classifier_summary_00-00.csv
Balanced_Accuracy,1.0,2.0,0.9385964912280702,TRUE,,0.9386,meta_classifier,SEARCHER,transfer_convnext_tiny_40.0_SEARCHER01,meta_classifier_summary_00-00.csv
Balanced_Accuracy,1.0,2.5,0.9298245614035088,TRUE,,0.9298,meta_classifier,SEARCHER3,transfer_convnext_tiny_40.3_SEARCHER31,meta_classifier_summary_00-00.csv
Balanced_Accuracy,1.0,3.0,0.894736842105263,TRUE,,0.8947,meta_classifier,SEARCHER6,transfer_convnext_tiny_40.6_SEARCHER61,meta_classifier_summary_00-00.csv
Balanced_Accuracy,1.0,3.5,0.912280701754386,TRUE,,0.9123,meta_classifier,SEARCHER9,transfer_convnext_tiny_40.9_SEARCHER91,meta_classifier_summary_00-00.csv
Balanced_Accuracy,1.5,2.0,0.912280701754386,TRUE,,0.9123,meta_classifier,SEARCHER1,transfer_convnext_tiny_40.1_SEARCHER12,meta_classifier_summary_00-00.csv
Balanced_Accuracy,1.5,2.5,0.8947368421052632,TRUE,,0.8947,meta_classifier,SEARCHER4,transfer_convnext_tiny_40.4_SEARCHER41,meta_classifier_summary_00-00.csv
Balanced_Accuracy,1.5,3.0,0.9385964912280702,TRUE,,0.9386,meta_classifier,SEARCHER7,transfer_convnext_tiny_40.7_SEARCHER71,meta_classifier_summary_00-00.csv
Balanced_Accuracy,1.5,3.5,0.912280701754386,TRUE,,0.9123,meta_classifier,SEARCHER10,transfer_convnext_tiny_41.0_SEARCHER101,meta_classifier_summary_00-00.csv
Balanced_Accuracy,2.0,2.0,0.9210526315789472,TRUE,,0.9211,meta_classifier,SEARCHER2,transfer_convnext_tiny_40.2_SEARCHER21,meta_classifier_summary_00-00.csv
Balanced_Accuracy,2.0,2.5,0.9210526315789472,TRUE,,0.9211,meta_classifier,SEARCHER5,transfer_convnext_tiny_40.5_SEARCHER51,meta_classifier_summary_00-00.csv
Balanced_Accuracy,2.0,3.0,0.9210526315789472,TRUE,,0.9211,meta_classifier,SEARCHER8,transfer_convnext_tiny_40.8_SEARCHER81,meta_classifier_summary_00-00.csv
Balanced_Accuracy,2.0,3.5,0.9035087719298244,TRUE,,0.9035,meta_classifier,SEARCHER11,transfer_convnext_tiny_41.1_SEARCHER111,meta_classifier_summary_00-00.csv
Cohen_Kappa,1.0,2.0,0.8596491228070176,FALSE,,0.8596,meta_classifier,SEARCHER,transfer_convnext_tiny_38.0_SEARCHER,meta_classifier_summary_00-00.csv
Cohen_Kappa,1.0,2.5,0.8245614035087719,FALSE,,0.8246,meta_classifier,SEARCHER3,transfer_convnext_tiny_38.3_SEARCHER3,meta_classifier_summary_00-00.csv
Cohen_Kappa,1.0,3.0,0.8771929824561404,FALSE,,0.8772,meta_classifier,SEARCHER6,transfer_convnext_tiny_38.6_SEARCHER6,meta_classifier_summary_00-00.csv
Cohen_Kappa,1.0,3.5,0.7719298245614035,FALSE,,0.7719,meta_classifier,SEARCHER9,transfer_convnext_tiny_38.9_SEARCHER9,meta_classifier_summary_00-00.csv
Cohen_Kappa,1.5,2.0,0.8596491228070176,FALSE,,0.8596,meta_classifier,SEARCHER1,transfer_convnext_tiny_38.1_SEARCHER1,meta_classifier_summary_00-00.csv
Cohen_Kappa,1.5,2.5,0.8596491228070176,FALSE,,0.8596,meta_classifier,SEARCHER4,transfer_convnext_tiny_38.4_SEARCHER4,meta_classifier_summary_00-00.csv
Cohen_Kappa,1.5,3.0,0.8245614035087719,FALSE,,0.8246,meta_classifier,SEARCHER7,transfer_convnext_tiny_38.7_SEARCHER7,meta_classifier_summary_00-00.csv
Cohen_Kappa,1.5,3.5,0.8596491228070176,FALSE,,0.8596,meta_classifier,SEARCHER10,transfer_convnext_tiny_39.0_SEARCHER10,meta_classifier_summary_00-00.csv
Cohen_Kappa,2.0,2.0,0.8245614035087719,FALSE,,0.8246,meta_classifier,SEARCHER2,transfer_convnext_tiny_38.2_SEARCHER2,meta_classifier_summary_00-00.csv
Cohen_Kappa,2.0,2.5,0.8421052631578947,FALSE,,0.8421,meta_classifier,SEARCHER5,transfer_convnext_tiny_38.5_SEARCHER5,meta_classifier_summary_00-00.csv
Cohen_Kappa,2.0,3.0,0.8245614035087719,FALSE,,0.8246,meta_classifier,SEARCHER8,transfer_convnext_tiny_38.8_SEARCHER8,meta_classifier_summary_00-00.csv
Cohen_Kappa,2.0,3.5,0.8245614035087719,FALSE,,0.8246,meta_classifier,SEARCHER11,transfer_convnext_tiny_39.1_SEARCHER11,meta_classifier_summary_00-00.csv
Cohen_Kappa,1.0,2.0,0.8771929824561404,TRUE,,0.8772,meta_classifier,SEARCHER,transfer_convnext_tiny_40.0_SEARCHER01,meta_classifier_summary_00-00.csv
Cohen_Kappa,1.0,2.5,0.8596491228070176,TRUE,,0.8596,meta_classifier,SEARCHER3,transfer_convnext_tiny_40.3_SEARCHER31,meta_classifier_summary_00-00.csv
Cohen_Kappa,1.0,3.0,0.7894736842105263,TRUE,,0.7895,meta_classifier,SEARCHER6,transfer_convnext_tiny_40.6_SEARCHER61,meta_classifier_summary_00-00.csv
Cohen_Kappa,1.0,3.5,0.8245614035087719,TRUE,,0.8246,meta_classifier,SEARCHER9,transfer_convnext_tiny_40.9_SEARCHER91,meta_classifier_summary_00-00.csv
Cohen_Kappa,1.5,2.0,0.8245614035087719,TRUE,,0.8246,meta_classifier,SEARCHER1,transfer_convnext_tiny_40.1_SEARCHER12,meta_classifier_summary_00-00.csv
Cohen_Kappa,1.5,2.5,0.7894736842105263,TRUE,,0.7895,meta_classifier,SEARCHER4,transfer_convnext_tiny_40.4_SEARCHER41,meta_classifier_summary_00-00.csv
Cohen_Kappa,1.5,3.0,0.8771929824561404,TRUE,,0.8772,meta_classifier,SEARCHER7,transfer_convnext_tiny_40.7_SEARCHER71,meta_classifier_summary_00-00.csv
Cohen_Kappa,1.5,3.5,0.8245614035087719,TRUE,,0.8246,meta_classifier,SEARCHER10,transfer_convnext_tiny_41.0_SEARCHER101,meta_classifier_summary_00-00.csv
Cohen_Kappa,2.0,2.0,0.8421052631578947,TRUE,,0.8421,meta_classifier,SEARCHER2,transfer_convnext_tiny_40.2_SEARCHER21,meta_classifier_summary_00-00.csv
Cohen_Kappa,2.0,2.5,0.8421052631578947,TRUE,,0.8421,meta_classifier,SEARCHER5,transfer_convnext_tiny_40.5_SEARCHER51,meta_classifier_summary_00-00.csv
Cohen_Kappa,2.0,3.0,0.8421052631578947,TRUE,,0.8421,meta_classifier,SEARCHER8,transfer_convnext_tiny_40.8_SEARCHER81,meta_classifier_summary_00-00.csv
Cohen_Kappa,2.0,3.5,0.8070175438596492,TRUE,,0.8070,meta_classifier,SEARCHER11,transfer_convnext_tiny_41.1_SEARCHER111,meta_classifier_summary_00-00.csv
F1_Score,1.0,2.0,0.9285714285714286,FALSE,,0.9286,meta_classifier,SEARCHER,transfer_convnext_tiny_38.0_SEARCHER,meta_classifier_summary_00-00.csv
F1_Score,1.0,2.5,0.912280701754386,FALSE,,0.9123,meta_classifier,SEARCHER3,transfer_convnext_tiny_38.3_SEARCHER3,meta_classifier_summary_00-00.csv
F1_Score,1.0,3.0,0.9380530973451328,FALSE,,0.9381,meta_classifier,SEARCHER6,transfer_convnext_tiny_38.6_SEARCHER6,meta_classifier_summary_00-00.csv
F1_Score,1.0,3.5,0.8849557522123894,FALSE,,0.8850,meta_classifier,SEARCHER9,transfer_convnext_tiny_38.9_SEARCHER9,meta_classifier_summary_00-00.csv
F1_Score,1.5,2.0,0.9285714285714286,FALSE,,0.9286,meta_classifier,SEARCHER1,transfer_convnext_tiny_38.1_SEARCHER1,meta_classifier_summary_00-00.csv
F1_Score,1.5,2.5,0.9285714285714286,FALSE,,0.9286,meta_classifier,SEARCHER4,transfer_convnext_tiny_38.4_SEARCHER4,meta_classifier_summary_00-00.csv
F1_Score,1.5,3.0,0.9107142857142856,FALSE,,0.9107,meta_classifier,SEARCHER7,transfer_convnext_tiny_38.7_SEARCHER7,meta_classifier_summary_00-00.csv
F1_Score,1.5,3.5,0.9285714285714286,FALSE,,0.9286,meta_classifier,SEARCHER10,transfer_convnext_tiny_39.0_SEARCHER10,meta_classifier_summary_00-00.csv
F1_Score,2.0,2.0,0.9107142857142856,FALSE,,0.9107,meta_classifier,SEARCHER2,transfer_convnext_tiny_38.2_SEARCHER2,meta_classifier_summary_00-00.csv
F1_Score,2.0,2.5,0.9203539823008848,FALSE,,0.9204,meta_classifier,SEARCHER5,transfer_convnext_tiny_38.5_SEARCHER5,meta_classifier_summary_00-00.csv
F1_Score,2.0,3.0,0.9107142857142856,FALSE,,0.9107,meta_classifier,SEARCHER8,transfer_convnext_tiny_38.8_SEARCHER8,meta_classifier_summary_00-00.csv
F1_Score,2.0,3.5,0.912280701754386,FALSE,,0.9123,meta_classifier,SEARCHER11,transfer_convnext_tiny_39.1_SEARCHER11,meta_classifier_summary_00-00.csv
F1_Score,1.0,2.0,0.9380530973451328,TRUE,,0.9381,meta_classifier,SEARCHER,transfer_convnext_tiny_40.0_SEARCHER01,meta_classifier_summary_00-00.csv
F1_Score,1.0,2.5,0.9298245614035088,TRUE,,0.9298,meta_classifier,SEARCHER3,transfer_convnext_tiny_40.3_SEARCHER31,meta_classifier_summary_00-00.csv
F1_Score,1.0,3.0,0.8928571428571429,TRUE,,0.8929,meta_classifier,SEARCHER6,transfer_convnext_tiny_40.6_SEARCHER61,meta_classifier_summary_00-00.csv
F1_Score,1.0,3.5,0.913793103448276,TRUE,,0.9138,meta_classifier,SEARCHER9,transfer_convnext_tiny_40.9_SEARCHER91,meta_classifier_summary_00-00.csv
F1_Score,1.5,2.0,0.912280701754386,TRUE,,0.9123,meta_classifier,SEARCHER1,transfer_convnext_tiny_40.1_SEARCHER12,meta_classifier_summary_00-00.csv
F1_Score,1.5,2.5,0.8947368421052632,TRUE,,0.8947,meta_classifier,SEARCHER4,transfer_convnext_tiny_40.4_SEARCHER41,meta_classifier_summary_00-00.csv
F1_Score,1.5,3.0,0.9380530973451328,TRUE,,0.9381,meta_classifier,SEARCHER7,transfer_convnext_tiny_40.7_SEARCHER71,meta_classifier_summary_00-00.csv
F1_Score,1.5,3.5,0.9107142857142856,TRUE,,0.9107,meta_classifier,SEARCHER10,transfer_convnext_tiny_41.0_SEARCHER101,meta_classifier_summary_00-00.csv
F1_Score,2.0,2.0,0.918918918918919,TRUE,,0.9189,meta_classifier,SEARCHER2,transfer_convnext_tiny_40.2_SEARCHER21,meta_classifier_summary_00-00.csv
F1_Score,2.0,2.5,0.9203539823008848,TRUE,,0.9204,meta_classifier,SEARCHER5,transfer_convnext_tiny_40.5_SEARCHER51,meta_classifier_summary_00-00.csv
F1_Score,2.0,3.0,0.9203539823008848,TRUE,,0.9204,meta_classifier,SEARCHER8,transfer_convnext_tiny_40.8_SEARCHER81,meta_classifier_summary_00-00.csv
F1_Score,2.0,3.5,0.9043478260869564,TRUE,,0.9043,meta_classifier,SEARCHER11,transfer_convnext_tiny_41.1_SEARCHER111,meta_classifier_summary_00-00.csv
FNR_(False_Negative_Rate),1.0,2.0,0.087719298245614,FALSE,,0.0877,meta_classifier,SEARCHER,transfer_convnext_tiny_38.0_SEARCHER,meta_classifier_summary_00-00.csv
FNR_(False_Negative_Rate),1.0,2.5,0.087719298245614,FALSE,,0.0877,meta_classifier,SEARCHER3,transfer_convnext_tiny_38.3_SEARCHER3,meta_classifier_summary_00-00.csv
FNR_(False_Negative_Rate),1.0,3.0,0.0701754385964912,FALSE,,0.0702,meta_classifier,SEARCHER6,transfer_convnext_tiny_38.6_SEARCHER6,meta_classifier_summary_00-00.csv
FNR_(False_Negative_Rate),1.0,3.5,0.1228070175438596,FALSE,,0.1228,meta_classifier,SEARCHER9,transfer_convnext_tiny_38.9_SEARCHER9,meta_classifier_summary_00-00.csv
FNR_(False_Negative_Rate),1.5,2.0,0.087719298245614,FALSE,,0.0877,meta_classifier,SEARCHER1,transfer_convnext_tiny_38.1_SEARCHER1,meta_classifier_summary_00-00.csv
FNR_(False_Negative_Rate),1.5,2.5,0.087719298245614,FALSE,,0.0877,meta_classifier,SEARCHER4,transfer_convnext_tiny_38.4_SEARCHER4,meta_classifier_summary_00-00.csv
FNR_(False_Negative_Rate),1.5,3.0,0.1052631578947368,FALSE,,0.1053,meta_classifier,SEARCHER7,transfer_convnext_tiny_38.7_SEARCHER7,meta_classifier_summary_00-00.csv
FNR_(False_Negative_Rate),1.5,3.5,0.087719298245614,FALSE,,0.0877,meta_classifier,SEARCHER10,transfer_convnext_tiny_39.0_SEARCHER10,meta_classifier_summary_00-00.csv
FNR_(False_Negative_Rate),2.0,2.0,0.1052631578947368,FALSE,,0.1053,meta_classifier,SEARCHER2,transfer_convnext_tiny_38.2_SEARCHER2,meta_classifier_summary_00-00.csv
FNR_(False_Negative_Rate),2.0,2.5,0.087719298245614,FALSE,,0.0877,meta_classifier,SEARCHER5,transfer_convnext_tiny_38.5_SEARCHER5,meta_classifier_summary_00-00.csv
FNR_(False_Negative_Rate),2.0,3.0,0.1052631578947368,FALSE,,0.1053,meta_classifier,SEARCHER8,transfer_convnext_tiny_38.8_SEARCHER8,meta_classifier_summary_00-00.csv
FNR_(False_Negative_Rate),2.0,3.5,0.087719298245614,FALSE,,0.0877,meta_classifier,SEARCHER11,transfer_convnext_tiny_39.1_SEARCHER11,meta_classifier_summary_00-00.csv
FNR_(False_Negative_Rate),1.0,2.0,0.0701754385964912,TRUE,,0.0702,meta_classifier,SEARCHER,transfer_convnext_tiny_40.0_SEARCHER01,meta_classifier_summary_00-00.csv
FNR_(False_Negative_Rate),1.0,2.5,0.0701754385964912,TRUE,,0.0702,meta_classifier,SEARCHER3,transfer_convnext_tiny_40.3_SEARCHER31,meta_classifier_summary_00-00.csv
FNR_(False_Negative_Rate),1.0,3.0,0.1228070175438596,TRUE,,0.1228,meta_classifier,SEARCHER6,transfer_convnext_tiny_40.6_SEARCHER61,meta_classifier_summary_00-00.csv
FNR_(False_Negative_Rate),1.0,3.5,0.0701754385964912,TRUE,,0.0702,meta_classifier,SEARCHER9,transfer_convnext_tiny_40.9_SEARCHER91,meta_classifier_summary_00-00.csv
FNR_(False_Negative_Rate),1.5,2.0,0.087719298245614,TRUE,,0.0877,meta_classifier,SEARCHER1,transfer_convnext_tiny_40.1_SEARCHER12,meta_classifier_summary_00-00.csv
FNR_(False_Negative_Rate),1.5,2.5,0.1052631578947368,TRUE,,0.1053,meta_classifier,SEARCHER4,transfer_convnext_tiny_40.4_SEARCHER41,meta_classifier_summary_00-00.csv
FNR_(False_Negative_Rate),1.5,3.0,0.0701754385964912,TRUE,,0.0702,meta_classifier,SEARCHER7,transfer_convnext_tiny_40.7_SEARCHER71,meta_classifier_summary_00-00.csv
FNR_(False_Negative_Rate),1.5,3.5,0.1052631578947368,TRUE,,0.1053,meta_classifier,SEARCHER10,transfer_convnext_tiny_41.0_SEARCHER101,meta_classifier_summary_00-00.csv
FNR_(False_Negative_Rate),2.0,2.0,0.1052631578947368,TRUE,,0.1053,meta_classifier,SEARCHER2,transfer_convnext_tiny_40.2_SEARCHER21,meta_classifier_summary_00-00.csv
FNR_(False_Negative_Rate),2.0,2.5,0.087719298245614,TRUE,,0.0877,meta_classifier,SEARCHER5,transfer_convnext_tiny_40.5_SEARCHER51,meta_classifier_summary_00-00.csv
FNR_(False_Negative_Rate),2.0,3.0,0.087719298245614,TRUE,,0.0877,meta_classifier,SEARCHER8,transfer_convnext_tiny_40.8_SEARCHER81,meta_classifier_summary_00-00.csv
FNR_(False_Negative_Rate),2.0,3.5,0.087719298245614,TRUE,,0.0877,meta_classifier,SEARCHER11,transfer_convnext_tiny_41.1_SEARCHER111,meta_classifier_summary_00-00.csv
FN_(False_Negatives),1.0,2.0,5.0,FALSE,,5.0000,meta_classifier,SEARCHER,transfer_convnext_tiny_38.0_SEARCHER,meta_classifier_summary_00-00.csv
FN_(False_Negatives),1.0,2.5,5.0,FALSE,,5.0000,meta_classifier,SEARCHER3,transfer_convnext_tiny_38.3_SEARCHER3,meta_classifier_summary_00-00.csv
FN_(False_Negatives),1.0,3.0,4.0,FALSE,,4.0000,meta_classifier,SEARCHER6,transfer_convnext_tiny_38.6_SEARCHER6,meta_classifier_summary_00-00.csv
FN_(False_Negatives),1.0,3.5,7.0,FALSE,,7.0000,meta_classifier,SEARCHER9,transfer_convnext_tiny_38.9_SEARCHER9,meta_classifier_summary_00-00.csv
FN_(False_Negatives),1.5,2.0,5.0,FALSE,,5.0000,meta_classifier,SEARCHER1,transfer_convnext_tiny_38.1_SEARCHER1,meta_classifier_summary_00-00.csv
FN_(False_Negatives),1.5,2.5,5.0,FALSE,,5.0000,meta_classifier,SEARCHER4,transfer_convnext_tiny_38.4_SEARCHER4,meta_classifier_summary_00-00.csv
FN_(False_Negatives),1.5,3.0,6.0,FALSE,,6.0000,meta_classifier,SEARCHER7,transfer_convnext_tiny_38.7_SEARCHER7,meta_classifier_summary_00-00.csv
FN_(False_Negatives),1.5,3.5,5.0,FALSE,,5.0000,meta_classifier,SEARCHER10,transfer_convnext_tiny_39.0_SEARCHER10,meta_classifier_summary_00-00.csv
FN_(False_Negatives),2.0,2.0,6.0,FALSE,,6.0000,meta_classifier,SEARCHER2,transfer_convnext_tiny_38.2_SEARCHER2,meta_classifier_summary_00-00.csv
FN_(False_Negatives),2.0,2.5,5.0,FALSE,,5.0000,meta_classifier,SEARCHER5,transfer_convnext_tiny_38.5_SEARCHER5,meta_classifier_summary_00-00.csv
FN_(False_Negatives),2.0,3.0,6.0,FALSE,,6.0000,meta_classifier,SEARCHER8,transfer_convnext_tiny_38.8_SEARCHER8,meta_classifier_summary_00-00.csv
FN_(False_Negatives),2.0,3.5,5.0,FALSE,,5.0000,meta_classifier,SEARCHER11,transfer_convnext_tiny_39.1_SEARCHER11,meta_classifier_summary_00-00.csv
FN_(False_Negatives),1.0,2.0,4.0,TRUE,,4.0000,meta_classifier,SEARCHER,transfer_convnext_tiny_40.0_SEARCHER01,meta_classifier_summary_00-00.csv
FN_(False_Negatives),1.0,2.5,4.0,TRUE,,4.0000,meta_classifier,SEARCHER3,transfer_convnext_tiny_40.3_SEARCHER31,meta_classifier_summary_00-00.csv
FN_(False_Negatives),1.0,3.0,7.0,TRUE,,7.0000,meta_classifier,SEARCHER6,transfer_convnext_tiny_40.6_SEARCHER61,meta_classifier_summary_00-00.csv
FN_(False_Negatives),1.0,3.5,4.0,TRUE,,4.0000,meta_classifier,SEARCHER9,transfer_convnext_tiny_40.9_SEARCHER91,meta_classifier_summary_00-00.csv
FN_(False_Negatives),1.5,2.0,5.0,TRUE,,5.0000,meta_classifier,SEARCHER1,transfer_convnext_tiny_40.1_SEARCHER12,meta_classifier_summary_00-00.csv
FN_(False_Negatives),1.5,2.5,6.0,TRUE,,6.0000,meta_classifier,SEARCHER4,transfer_convnext_tiny_40.4_SEARCHER41,meta_classifier_summary_00-00.csv
FN_(False_Negatives),1.5,3.0,4.0,TRUE,,4.0000,meta_classifier,SEARCHER7,transfer_convnext_tiny_40.7_SEARCHER71,meta_classifier_summary_00-00.csv
FN_(False_Negatives),1.5,3.5,6.0,TRUE,,6.0000,meta_classifier,SEARCHER10,transfer_convnext_tiny_41.0_SEARCHER101,meta_classifier_summary_00-00.csv
FN_(False_Negatives),2.0,2.0,6.0,TRUE,,6.0000,meta_classifier,SEARCHER2,transfer_convnext_tiny_40.2_SEARCHER21,meta_classifier_summary_00-00.csv
FN_(False_Negatives),2.0,2.5,5.0,TRUE,,5.0000,meta_classifier,SEARCHER5,transfer_convnext_tiny_40.5_SEARCHER51,meta_classifier_summary_00-00.csv
FN_(False_Negatives),2.0,3.0,5.0,TRUE,,5.0000,meta_classifier,SEARCHER8,transfer_convnext_tiny_40.8_SEARCHER81,meta_classifier_summary_00-00.csv
FN_(False_Negatives),2.0,3.5,5.0,TRUE,,5.0000,meta_classifier,SEARCHER11,transfer_convnext_tiny_41.1_SEARCHER111,meta_classifier_summary_00-00.csv
FPR_(False_Positive_Rate),1.0,2.0,0.0526315789473684,FALSE,,0.0526,meta_classifier,SEARCHER,transfer_convnext_tiny_38.0_SEARCHER,meta_classifier_summary_00-00.csv
FPR_(False_Positive_Rate),1.0,2.5,0.087719298245614,FALSE,,0.0877,meta_classifier,SEARCHER3,transfer_convnext_tiny_38.3_SEARCHER3,meta_classifier_summary_00-00.csv
FPR_(False_Positive_Rate),1.0,3.0,0.0526315789473684,FALSE,,0.0526,meta_classifier,SEARCHER6,transfer_convnext_tiny_38.6_SEARCHER6,meta_classifier_summary_00-00.csv
FPR_(False_Positive_Rate),1.0,3.5,0.1052631578947368,FALSE,,0.1053,meta_classifier,SEARCHER9,transfer_convnext_tiny_38.9_SEARCHER9,meta_classifier_summary_00-00.csv
FPR_(False_Positive_Rate),1.5,2.0,0.0526315789473684,FALSE,,0.0526,meta_classifier,SEARCHER1,transfer_convnext_tiny_38.1_SEARCHER1,meta_classifier_summary_00-00.csv
FPR_(False_Positive_Rate),1.5,2.5,0.0526315789473684,FALSE,,0.0526,meta_classifier,SEARCHER4,transfer_convnext_tiny_38.4_SEARCHER4,meta_classifier_summary_00-00.csv
FPR_(False_Positive_Rate),1.5,3.0,0.0701754385964912,FALSE,,0.0702,meta_classifier,SEARCHER7,transfer_convnext_tiny_38.7_SEARCHER7,meta_classifier_summary_00-00.csv
FPR_(False_Positive_Rate),1.5,3.5,0.0526315789473684,FALSE,,0.0526,meta_classifier,SEARCHER10,transfer_convnext_tiny_39.0_SEARCHER10,meta_classifier_summary_00-00.csv
FPR_(False_Positive_Rate),2.0,2.0,0.0701754385964912,FALSE,,0.0702,meta_classifier,SEARCHER2,transfer_convnext_tiny_38.2_SEARCHER2,meta_classifier_summary_00-00.csv
FPR_(False_Positive_Rate),2.0,2.5,0.0701754385964912,FALSE,,0.0702,meta_classifier,SEARCHER5,transfer_convnext_tiny_38.5_SEARCHER5,meta_classifier_summary_00-00.csv
FPR_(False_Positive_Rate),2.0,3.0,0.0701754385964912,FALSE,,0.0702,meta_classifier,SEARCHER8,transfer_convnext_tiny_38.8_SEARCHER8,meta_classifier_summary_00-00.csv
FPR_(False_Positive_Rate),2.0,3.5,0.087719298245614,FALSE,,0.0877,meta_classifier,SEARCHER11,transfer_convnext_tiny_39.1_SEARCHER11,meta_classifier_summary_00-00.csv
FPR_(False_Positive_Rate),1.0,2.0,0.0526315789473684,TRUE,,0.0526,meta_classifier,SEARCHER,transfer_convnext_tiny_40.0_SEARCHER01,meta_classifier_summary_00-00.csv
FPR_(False_Positive_Rate),1.0,2.5,0.0701754385964912,TRUE,,0.0702,meta_classifier,SEARCHER3,transfer_convnext_tiny_40.3_SEARCHER31,meta_classifier_summary_00-00.csv
FPR_(False_Positive_Rate),1.0,3.0,0.087719298245614,TRUE,,0.0877,meta_classifier,SEARCHER6,transfer_convnext_tiny_40.6_SEARCHER61,meta_classifier_summary_00-00.csv
FPR_(False_Positive_Rate),1.0,3.5,0.1052631578947368,TRUE,,0.1053,meta_classifier,SEARCHER9,transfer_convnext_tiny_40.9_SEARCHER91,meta_classifier_summary_00-00.csv
FPR_(False_Positive_Rate),1.5,2.0,0.087719298245614,TRUE,,0.0877,meta_classifier,SEARCHER1,transfer_convnext_tiny_40.1_SEARCHER12,meta_classifier_summary_00-00.csv
FPR_(False_Positive_Rate),1.5,2.5,0.1052631578947368,TRUE,,0.1053,meta_classifier,SEARCHER4,transfer_convnext_tiny_40.4_SEARCHER41,meta_classifier_summary_00-00.csv
FPR_(False_Positive_Rate),1.5,3.0,0.0526315789473684,TRUE,,0.0526,meta_classifier,SEARCHER7,transfer_convnext_tiny_40.7_SEARCHER71,meta_classifier_summary_00-00.csv
FPR_(False_Positive_Rate),1.5,3.5,0.0701754385964912,TRUE,,0.0702,meta_classifier,SEARCHER10,transfer_convnext_tiny_41.0_SEARCHER101,meta_classifier_summary_00-00.csv
FPR_(False_Positive_Rate),2.0,2.0,0.0526315789473684,TRUE,,0.0526,meta_classifier,SEARCHER2,transfer_convnext_tiny_40.2_SEARCHER21,meta_classifier_summary_00-00.csv
FPR_(False_Positive_Rate),2.0,2.5,0.0701754385964912,TRUE,,0.0702,meta_classifier,SEARCHER5,transfer_convnext_tiny_40.5_SEARCHER51,meta_classifier_summary_00-00.csv
FPR_(False_Positive_Rate),2.0,3.0,0.0701754385964912,TRUE,,0.0702,meta_classifier,SEARCHER8,transfer_convnext_tiny_40.8_SEARCHER81,meta_classifier_summary_00-00.csv
FPR_(False_Positive_Rate),2.0,3.5,0.1052631578947368,TRUE,,0.1053,meta_classifier,SEARCHER11,transfer_convnext_tiny_41.1_SEARCHER111,meta_classifier_summary_00-00.csv
FP_(False_Positives),1.0,2.0,3.0,FALSE,,3.0000,meta_classifier,SEARCHER,transfer_convnext_tiny_38.0_SEARCHER,meta_classifier_summary_00-00.csv
FP_(False_Positives),1.0,2.5,5.0,FALSE,,5.0000,meta_classifier,SEARCHER3,transfer_convnext_tiny_38.3_SEARCHER3,meta_classifier_summary_00-00.csv
FP_(False_Positives),1.0,3.0,3.0,FALSE,,3.0000,meta_classifier,SEARCHER6,transfer_convnext_tiny_38.6_SEARCHER6,meta_classifier_summary_00-00.csv
FP_(False_Positives),1.0,3.5,6.0,FALSE,,6.0000,meta_classifier,SEARCHER9,transfer_convnext_tiny_38.9_SEARCHER9,meta_classifier_summary_00-00.csv
FP_(False_Positives),1.5,2.0,3.0,FALSE,,3.0000,meta_classifier,SEARCHER1,transfer_convnext_tiny_38.1_SEARCHER1,meta_classifier_summary_00-00.csv
FP_(False_Positives),1.5,2.5,3.0,FALSE,,3.0000,meta_classifier,SEARCHER4,transfer_convnext_tiny_38.4_SEARCHER4,meta_classifier_summary_00-00.csv
FP_(False_Positives),1.5,3.0,4.0,FALSE,,4.0000,meta_classifier,SEARCHER7,transfer_convnext_tiny_38.7_SEARCHER7,meta_classifier_summary_00-00.csv
FP_(False_Positives),1.5,3.5,3.0,FALSE,,3.0000,meta_classifier,SEARCHER10,transfer_convnext_tiny_39.0_SEARCHER10,meta_classifier_summary_00-00.csv
FP_(False_Positives),2.0,2.0,4.0,FALSE,,4.0000,meta_classifier,SEARCHER2,transfer_convnext_tiny_38.2_SEARCHER2,meta_classifier_summary_00-00.csv
FP_(False_Positives),2.0,2.5,4.0,FALSE,,4.0000,meta_classifier,SEARCHER5,transfer_convnext_tiny_38.5_SEARCHER5,meta_classifier_summary_00-00.csv
FP_(False_Positives),2.0,3.0,4.0,FALSE,,4.0000,meta_classifier,SEARCHER8,transfer_convnext_tiny_38.8_SEARCHER8,meta_classifier_summary_00-00.csv
FP_(False_Positives),2.0,3.5,5.0,FALSE,,5.0000,meta_classifier,SEARCHER11,transfer_convnext_tiny_39.1_SEARCHER11,meta_classifier_summary_00-00.csv
FP_(False_Positives),1.0,2.0,3.0,TRUE,,3.0000,meta_classifier,SEARCHER,transfer_convnext_tiny_40.0_SEARCHER01,meta_classifier_summary_00-00.csv
FP_(False_Positives),1.0,2.5,4.0,TRUE,,4.0000,meta_classifier,SEARCHER3,transfer_convnext_tiny_40.3_SEARCHER31,meta_classifier_summary_00-00.csv
FP_(False_Positives),1.0,3.0,5.0,TRUE,,5.0000,meta_classifier,SEARCHER6,transfer_convnext_tiny_40.6_SEARCHER61,meta_classifier_summary_00-00.csv
FP_(False_Positives),1.0,3.5,6.0,TRUE,,6.0000,meta_classifier,SEARCHER9,transfer_convnext_tiny_40.9_SEARCHER91,meta_classifier_summary_00-00.csv
FP_(False_Positives),1.5,2.0,5.0,TRUE,,5.0000,meta_classifier,SEARCHER1,transfer_convnext_tiny_40.1_SEARCHER12,meta_classifier_summary_00-00.csv
FP_(False_Positives),1.5,2.5,6.0,TRUE,,6.0000,meta_classifier,SEARCHER4,transfer_convnext_tiny_40.4_SEARCHER41,meta_classifier_summary_00-00.csv
FP_(False_Positives),1.5,3.0,3.0,TRUE,,3.0000,meta_classifier,SEARCHER7,transfer_convnext_tiny_40.7_SEARCHER71,meta_classifier_summary_00-00.csv
FP_(False_Positives),1.5,3.5,4.0,TRUE,,4.0000,meta_classifier,SEARCHER10,transfer_convnext_tiny_41.0_SEARCHER101,meta_classifier_summary_00-00.csv
FP_(False_Positives),2.0,2.0,3.0,TRUE,,3.0000,meta_classifier,SEARCHER2,transfer_convnext_tiny_40.2_SEARCHER21,meta_classifier_summary_00-00.csv
FP_(False_Positives),2.0,2.5,4.0,TRUE,,4.0000,meta_classifier,SEARCHER5,transfer_convnext_tiny_40.5_SEARCHER51,meta_classifier_summary_00-00.csv
FP_(False_Positives),2.0,3.0,4.0,TRUE,,4.0000,meta_classifier,SEARCHER8,transfer_convnext_tiny_40.8_SEARCHER81,meta_classifier_summary_00-00.csv
FP_(False_Positives),2.0,3.5,6.0,TRUE,,6.0000,meta_classifier,SEARCHER11,transfer_convnext_tiny_41.1_SEARCHER111,meta_classifier_summary_00-00.csv
Matthews_Correlation_Coefficient,1.0,2.0,0.860178789599605,FALSE,,0.8602,meta_classifier,SEARCHER,transfer_convnext_tiny_38.0_SEARCHER,meta_classifier_summary_00-00.csv
Matthews_Correlation_Coefficient,1.0,2.5,0.8245614035087719,FALSE,,0.8246,meta_classifier,SEARCHER3,transfer_convnext_tiny_38.3_SEARCHER3,meta_classifier_summary_00-00.csv
Matthews_Correlation_Coefficient,1.0,3.0,0.8773280079294955,FALSE,,0.8773,meta_classifier,SEARCHER6,transfer_convnext_tiny_38.6_SEARCHER6,meta_classifier_summary_00-00.csv
Matthews_Correlation_Coefficient,1.0,3.5,0.772048646977956,FALSE,,0.7720,meta_classifier,SEARCHER9,transfer_convnext_tiny_38.9_SEARCHER9,meta_classifier_summary_00-00.csv
Matthews_Correlation_Coefficient,1.5,2.0,0.860178789599605,FALSE,,0.8602,meta_classifier,SEARCHER1,transfer_convnext_tiny_38.1_SEARCHER1,meta_classifier_summary_00-00.csv
Matthews_Correlation_Coefficient,1.5,2.5,0.860178789599605,FALSE,,0.8602,meta_classifier,SEARCHER4,transfer_convnext_tiny_38.4_SEARCHER4,meta_classifier_summary_00-00.csv
Matthews_Correlation_Coefficient,1.5,3.0,0.8250694512486008,FALSE,,0.8251,meta_classifier,SEARCHER7,transfer_convnext_tiny_38.7_SEARCHER7,meta_classifier_summary_00-00.csv
Matthews_Correlation_Coefficient,1.5,3.5,0.860178789599605,FALSE,,0.8602,meta_classifier,SEARCHER10,transfer_convnext_tiny_39.0_SEARCHER10,meta_classifier_summary_00-00.csv
Matthews_Correlation_Coefficient,2.0,2.0,0.8250694512486008,FALSE,,0.8251,meta_classifier,SEARCHER2,transfer_convnext_tiny_38.2_SEARCHER2,meta_classifier_summary_00-00.csv
Matthews_Correlation_Coefficient,2.0,2.5,0.8422348876123157,FALSE,,0.8422,meta_classifier,SEARCHER5,transfer_convnext_tiny_38.5_SEARCHER5,meta_classifier_summary_00-00.csv
Matthews_Correlation_Coefficient,2.0,3.0,0.8250694512486008,FALSE,,0.8251,meta_classifier,SEARCHER8,transfer_convnext_tiny_38.8_SEARCHER8,meta_classifier_summary_00-00.csv
Matthews_Correlation_Coefficient,2.0,3.5,0.8245614035087719,FALSE,,0.8246,meta_classifier,SEARCHER11,transfer_convnext_tiny_39.1_SEARCHER11,meta_classifier_summary_00-00.csv
Matthews_Correlation_Coefficient,1.0,2.0,0.8773280079294955,TRUE,,0.8773,meta_classifier,SEARCHER,transfer_convnext_tiny_40.0_SEARCHER01,meta_classifier_summary_00-00.csv
Matthews_Correlation_Coefficient,1.0,2.5,0.8596491228070176,TRUE,,0.8596,meta_classifier,SEARCHER3,transfer_convnext_tiny_40.3_SEARCHER31,meta_classifier_summary_00-00.csv
Matthews_Correlation_Coefficient,1.0,3.0,0.7899601128975965,TRUE,,0.7900,meta_classifier,SEARCHER6,transfer_convnext_tiny_40.6_SEARCHER61,meta_classifier_summary_00-00.csv
Matthews_Correlation_Coefficient,1.0,3.5,0.8250694512486008,TRUE,,0.8251,meta_classifier,SEARCHER9,transfer_convnext_tiny_40.9_SEARCHER91,meta_classifier_summary_00-00.csv
Matthews_Correlation_Coefficient,1.5,2.0,0.8245614035087719,TRUE,,0.8246,meta_classifier,SEARCHER1,transfer_convnext_tiny_40.1_SEARCHER12,meta_classifier_summary_00-00.csv
Matthews_Correlation_Coefficient,1.5,2.5,0.7894736842105263,TRUE,,0.7895,meta_classifier,SEARCHER4,transfer_convnext_tiny_40.4_SEARCHER41,meta_classifier_summary_00-00.csv
Matthews_Correlation_Coefficient,1.5,3.0,0.8773280079294955,TRUE,,0.8773,meta_classifier,SEARCHER7,transfer_convnext_tiny_40.7_SEARCHER71,meta_classifier_summary_00-00.csv
Matthews_Correlation_Coefficient,1.5,3.5,0.8250694512486008,TRUE,,0.8251,meta_classifier,SEARCHER10,transfer_convnext_tiny_41.0_SEARCHER101,meta_classifier_summary_00-00.csv
Matthews_Correlation_Coefficient,2.0,2.0,0.8432740427115678,TRUE,,0.8433,meta_classifier,SEARCHER2,transfer_convnext_tiny_40.2_SEARCHER21,meta_classifier_summary_00-00.csv
Matthews_Correlation_Coefficient,2.0,2.5,0.8422348876123157,TRUE,,0.8422,meta_classifier,SEARCHER5,transfer_convnext_tiny_40.5_SEARCHER51,meta_classifier_summary_00-00.csv
Matthews_Correlation_Coefficient,2.0,3.0,0.8422348876123157,TRUE,,0.8422,meta_classifier,SEARCHER8,transfer_convnext_tiny_40.8_SEARCHER81,meta_classifier_summary_00-00.csv
Matthews_Correlation_Coefficient,2.0,3.5,0.8071417672951359,TRUE,,0.8071,meta_classifier,SEARCHER11,transfer_convnext_tiny_41.1_SEARCHER111,meta_classifier_summary_00-00.csv
NPV_(Negative_Predictive_Value),1.0,2.0,0.9152542372881356,FALSE,,0.9153,meta_classifier,SEARCHER,transfer_convnext_tiny_38.0_SEARCHER,meta_classifier_summary_00-00.csv
NPV_(Negative_Predictive_Value),1.0,2.5,0.912280701754386,FALSE,,0.9123,meta_classifier,SEARCHER3,transfer_convnext_tiny_38.3_SEARCHER3,meta_classifier_summary_00-00.csv
NPV_(Negative_Predictive_Value),1.0,3.0,0.9310344827586208,FALSE,,0.9310,meta_classifier,SEARCHER6,transfer_convnext_tiny_38.6_SEARCHER6,meta_classifier_summary_00-00.csv
NPV_(Negative_Predictive_Value),1.0,3.5,0.8793103448275862,FALSE,,0.8793,meta_classifier,SEARCHER9,transfer_convnext_tiny_38.9_SEARCHER9,meta_classifier_summary_00-00.csv
NPV_(Negative_Predictive_Value),1.5,2.0,0.9152542372881356,FALSE,,0.9153,meta_classifier,SEARCHER1,transfer_convnext_tiny_38.1_SEARCHER1,meta_classifier_summary_00-00.csv
NPV_(Negative_Predictive_Value),1.5,2.5,0.9152542372881356,FALSE,,0.9153,meta_classifier,SEARCHER4,transfer_convnext_tiny_38.4_SEARCHER4,meta_classifier_summary_00-00.csv
NPV_(Negative_Predictive_Value),1.5,3.0,0.8983050847457628,FALSE,,0.8983,meta_classifier,SEARCHER7,transfer_convnext_tiny_38.7_SEARCHER7,meta_classifier_summary_00-00.csv
NPV_(Negative_Predictive_Value),1.5,3.5,0.9152542372881356,FALSE,,0.9153,meta_classifier,SEARCHER10,transfer_convnext_tiny_39.0_SEARCHER10,meta_classifier_summary_00-00.csv
NPV_(Negative_Predictive_Value),2.0,2.0,0.8983050847457628,FALSE,,0.8983,meta_classifier,SEARCHER2,transfer_convnext_tiny_38.2_SEARCHER2,meta_classifier_summary_00-00.csv
NPV_(Negative_Predictive_Value),2.0,2.5,0.913793103448276,FALSE,,0.9138,meta_classifier,SEARCHER5,transfer_convnext_tiny_38.5_SEARCHER5,meta_classifier_summary_00-00.csv
NPV_(Negative_Predictive_Value),2.0,3.0,0.8983050847457628,FALSE,,0.8983,meta_classifier,SEARCHER8,transfer_convnext_tiny_38.8_SEARCHER8,meta_classifier_summary_00-00.csv
NPV_(Negative_Predictive_Value),2.0,3.5,0.912280701754386,FALSE,,0.9123,meta_classifier,SEARCHER11,transfer_convnext_tiny_39.1_SEARCHER11,meta_classifier_summary_00-00.csv
NPV_(Negative_Predictive_Value),1.0,2.0,0.9310344827586208,TRUE,,0.9310,meta_classifier,SEARCHER,transfer_convnext_tiny_40.0_SEARCHER01,meta_classifier_summary_00-00.csv
NPV_(Negative_Predictive_Value),1.0,2.5,0.9298245614035088,TRUE,,0.9298,meta_classifier,SEARCHER3,transfer_convnext_tiny_40.3_SEARCHER31,meta_classifier_summary_00-00.csv
NPV_(Negative_Predictive_Value),1.0,3.0,0.8813559322033898,TRUE,,0.8814,meta_classifier,SEARCHER6,transfer_convnext_tiny_40.6_SEARCHER61,meta_classifier_summary_00-00.csv
NPV_(Negative_Predictive_Value),1.0,3.5,0.9272727272727272,TRUE,,0.9273,meta_classifier,SEARCHER9,transfer_convnext_tiny_40.9_SEARCHER91,meta_classifier_summary_00-00.csv
NPV_(Negative_Predictive_Value),1.5,2.0,0.912280701754386,TRUE,,0.9123,meta_classifier,SEARCHER1,transfer_convnext_tiny_40.1_SEARCHER12,meta_classifier_summary_00-00.csv
NPV_(Negative_Predictive_Value),1.5,2.5,0.8947368421052632,TRUE,,0.8947,meta_classifier,SEARCHER4,transfer_convnext_tiny_40.4_SEARCHER41,meta_classifier_summary_00-00.csv
NPV_(Negative_Predictive_Value),1.5,3.0,0.9310344827586208,TRUE,,0.9310,meta_classifier,SEARCHER7,transfer_convnext_tiny_40.7_SEARCHER71,meta_classifier_summary_00-00.csv
NPV_(Negative_Predictive_Value),1.5,3.5,0.8983050847457628,TRUE,,0.8983,meta_classifier,SEARCHER10,transfer_convnext_tiny_41.0_SEARCHER101,meta_classifier_summary_00-00.csv
NPV_(Negative_Predictive_Value),2.0,2.0,0.9,TRUE,,0.9000,meta_classifier,SEARCHER2,transfer_convnext_tiny_40.2_SEARCHER21,meta_classifier_summary_00-00.csv
NPV_(Negative_Predictive_Value),2.0,2.5,0.913793103448276,TRUE,,0.9138,meta_classifier,SEARCHER5,transfer_convnext_tiny_40.5_SEARCHER51,meta_classifier_summary_00-00.csv
NPV_(Negative_Predictive_Value),2.0,3.0,0.913793103448276,TRUE,,0.9138,meta_classifier,SEARCHER8,transfer_convnext_tiny_40.8_SEARCHER81,meta_classifier_summary_00-00.csv
NPV_(Negative_Predictive_Value),2.0,3.5,0.9107142857142856,TRUE,,0.9107,meta_classifier,SEARCHER11,transfer_convnext_tiny_41.1_SEARCHER111,meta_classifier_summary_00-00.csv
PPV_(Positive_Predictive_Value),1.0,2.0,0.9454545454545454,FALSE,,0.9455,meta_classifier,SEARCHER,transfer_convnext_tiny_38.0_SEARCHER,meta_classifier_summary_00-00.csv
PPV_(Positive_Predictive_Value),1.0,2.5,0.912280701754386,FALSE,,0.9123,meta_classifier,SEARCHER3,transfer_convnext_tiny_38.3_SEARCHER3,meta_classifier_summary_00-00.csv
PPV_(Positive_Predictive_Value),1.0,3.0,0.9464285714285714,FALSE,,0.9464,meta_classifier,SEARCHER6,transfer_convnext_tiny_38.6_SEARCHER6,meta_classifier_summary_00-00.csv
PPV_(Positive_Predictive_Value),1.0,3.5,0.8928571428571429,FALSE,,0.8929,meta_classifier,SEARCHER9,transfer_convnext_tiny_38.9_SEARCHER9,meta_classifier_summary_00-00.csv
PPV_(Positive_Predictive_Value),1.5,2.0,0.9454545454545454,FALSE,,0.9455,meta_classifier,SEARCHER1,transfer_convnext_tiny_38.1_SEARCHER1,meta_classifier_summary_00-00.csv
PPV_(Positive_Predictive_Value),1.5,2.5,0.9454545454545454,FALSE,,0.9455,meta_classifier,SEARCHER4,transfer_convnext_tiny_38.4_SEARCHER4,meta_classifier_summary_00-00.csv
PPV_(Positive_Predictive_Value),1.5,3.0,0.9272727272727272,FALSE,,0.9273,meta_classifier,SEARCHER7,transfer_convnext_tiny_38.7_SEARCHER7,meta_classifier_summary_00-00.csv
PPV_(Positive_Predictive_Value),1.5,3.5,0.9454545454545454,FALSE,,0.9455,meta_classifier,SEARCHER10,transfer_convnext_tiny_39.0_SEARCHER10,meta_classifier_summary_00-00.csv
PPV_(Positive_Predictive_Value),2.0,2.0,0.9272727272727272,FALSE,,0.9273,meta_classifier,SEARCHER2,transfer_convnext_tiny_38.2_SEARCHER2,meta_classifier_summary_00-00.csv
PPV_(Positive_Predictive_Value),2.0,2.5,0.9285714285714286,FALSE,,0.9286,meta_classifier,SEARCHER5,transfer_convnext_tiny_38.5_SEARCHER5,meta_classifier_summary_00-00.csv
PPV_(Positive_Predictive_Value),2.0,3.0,0.9272727272727272,FALSE,,0.9273,meta_classifier,SEARCHER8,transfer_convnext_tiny_38.8_SEARCHER8,meta_classifier_summary_00-00.csv
PPV_(Positive_Predictive_Value),2.0,3.5,0.912280701754386,FALSE,,0.9123,meta_classifier,SEARCHER11,transfer_convnext_tiny_39.1_SEARCHER11,meta_classifier_summary_00-00.csv
PPV_(Positive_Predictive_Value),1.0,2.0,0.9464285714285714,TRUE,,0.9464,meta_classifier,SEARCHER,transfer_convnext_tiny_40.0_SEARCHER01,meta_classifier_summary_00-00.csv
PPV_(Positive_Predictive_Value),1.0,2.5,0.9298245614035088,TRUE,,0.9298,meta_classifier,SEARCHER3,transfer_convnext_tiny_40.3_SEARCHER31,meta_classifier_summary_00-00.csv
PPV_(Positive_Predictive_Value),1.0,3.0,0.9090909090909092,TRUE,,0.9091,meta_classifier,SEARCHER6,transfer_convnext_tiny_40.6_SEARCHER61,meta_classifier_summary_00-00.csv
PPV_(Positive_Predictive_Value),1.0,3.5,0.8983050847457628,TRUE,,0.8983,meta_classifier,SEARCHER9,transfer_convnext_tiny_40.9_SEARCHER91,meta_classifier_summary_00-00.csv
PPV_(Positive_Predictive_Value),1.5,2.0,0.912280701754386,TRUE,,0.9123,meta_classifier,SEARCHER1,transfer_convnext_tiny_40.1_SEARCHER12,meta_classifier_summary_00-00.csv
PPV_(Positive_Predictive_Value),1.5,2.5,0.8947368421052632,TRUE,,0.8947,meta_classifier,SEARCHER4,transfer_convnext_tiny_40.4_SEARCHER41,meta_classifier_summary_00-00.csv
PPV_(Positive_Predictive_Value),1.5,3.0,0.9464285714285714,TRUE,,0.9464,meta_classifier,SEARCHER7,transfer_convnext_tiny_40.7_SEARCHER71,meta_classifier_summary_00-00.csv
PPV_(Positive_Predictive_Value),1.5,3.5,0.9272727272727272,TRUE,,0.9273,meta_classifier,SEARCHER10,transfer_convnext_tiny_41.0_SEARCHER101,meta_classifier_summary_00-00.csv
PPV_(Positive_Predictive_Value),2.0,2.0,0.9444444444444444,TRUE,,0.9444,meta_classifier,SEARCHER2,transfer_convnext_tiny_40.2_SEARCHER21,meta_classifier_summary_00-00.csv
PPV_(Positive_Predictive_Value),2.0,2.5,0.9285714285714286,TRUE,,0.9286,meta_classifier,SEARCHER5,transfer_convnext_tiny_40.5_SEARCHER51,meta_classifier_summary_00-00.csv
PPV_(Positive_Predictive_Value),2.0,3.0,0.9285714285714286,TRUE,,0.9286,meta_classifier,SEARCHER8,transfer_convnext_tiny_40.8_SEARCHER81,meta_classifier_summary_00-00.csv
PPV_(Positive_Predictive_Value),2.0,3.5,0.896551724137931,TRUE,,0.8966,meta_classifier,SEARCHER11,transfer_convnext_tiny_41.1_SEARCHER111,meta_classifier_summary_00-00.csv
Precision,1.0,2.0,0.9454545454545454,FALSE,,0.9455,meta_classifier,SEARCHER,transfer_convnext_tiny_38.0_SEARCHER,meta_classifier_summary_00-00.csv
Precision,1.0,2.5,0.912280701754386,FALSE,,0.9123,meta_classifier,SEARCHER3,transfer_convnext_tiny_38.3_SEARCHER3,meta_classifier_summary_00-00.csv
Precision,1.0,3.0,0.9464285714285714,FALSE,,0.9464,meta_classifier,SEARCHER6,transfer_convnext_tiny_38.6_SEARCHER6,meta_classifier_summary_00-00.csv
Precision,1.0,3.5,0.8928571428571429,FALSE,,0.8929,meta_classifier,SEARCHER9,transfer_convnext_tiny_38.9_SEARCHER9,meta_classifier_summary_00-00.csv
Precision,1.5,2.0,0.9454545454545454,FALSE,,0.9455,meta_classifier,SEARCHER1,transfer_convnext_tiny_38.1_SEARCHER1,meta_classifier_summary_00-00.csv
Precision,1.5,2.5,0.9454545454545454,FALSE,,0.9455,meta_classifier,SEARCHER4,transfer_convnext_tiny_38.4_SEARCHER4,meta_classifier_summary_00-00.csv
Precision,1.5,3.0,0.9272727272727272,FALSE,,0.9273,meta_classifier,SEARCHER7,transfer_convnext_tiny_38.7_SEARCHER7,meta_classifier_summary_00-00.csv
Precision,1.5,3.5,0.9454545454545454,FALSE,,0.9455,meta_classifier,SEARCHER10,transfer_convnext_tiny_39.0_SEARCHER10,meta_classifier_summary_00-00.csv
Precision,2.0,2.0,0.9272727272727272,FALSE,,0.9273,meta_classifier,SEARCHER2,transfer_convnext_tiny_38.2_SEARCHER2,meta_classifier_summary_00-00.csv
Precision,2.0,2.5,0.9285714285714286,FALSE,,0.9286,meta_classifier,SEARCHER5,transfer_convnext_tiny_38.5_SEARCHER5,meta_classifier_summary_00-00.csv
Precision,2.0,3.0,0.9272727272727272,FALSE,,0.9273,meta_classifier,SEARCHER8,transfer_convnext_tiny_38.8_SEARCHER8,meta_classifier_summary_00-00.csv
Precision,2.0,3.5,0.912280701754386,FALSE,,0.9123,meta_classifier,SEARCHER11,transfer_convnext_tiny_39.1_SEARCHER11,meta_classifier_summary_00-00.csv
Precision,1.0,2.0,0.9464285714285714,TRUE,,0.9464,meta_classifier,SEARCHER,transfer_convnext_tiny_40.0_SEARCHER01,meta_classifier_summary_00-00.csv
Precision,1.0,2.5,0.9298245614035088,TRUE,,0.9298,meta_classifier,SEARCHER3,transfer_convnext_tiny_40.3_SEARCHER31,meta_classifier_summary_00-00.csv
Precision,1.0,3.0,0.9090909090909092,TRUE,,0.9091,meta_classifier,SEARCHER6,transfer_convnext_tiny_40.6_SEARCHER61,meta_classifier_summary_00-00.csv
Precision,1.0,3.5,0.8983050847457628,TRUE,,0.8983,meta_classifier,SEARCHER9,transfer_convnext_tiny_40.9_SEARCHER91,meta_classifier_summary_00-00.csv
Precision,1.5,2.0,0.912280701754386,TRUE,,0.9123,meta_classifier,SEARCHER1,transfer_convnext_tiny_40.1_SEARCHER12,meta_classifier_summary_00-00.csv
Precision,1.5,2.5,0.8947368421052632,TRUE,,0.8947,meta_classifier,SEARCHER4,transfer_convnext_tiny_40.4_SEARCHER41,meta_classifier_summary_00-00.csv
Precision,1.5,3.0,0.9464285714285714,TRUE,,0.9464,meta_classifier,SEARCHER7,transfer_convnext_tiny_40.7_SEARCHER71,meta_classifier_summary_00-00.csv
Precision,1.5,3.5,0.9272727272727272,TRUE,,0.9273,meta_classifier,SEARCHER10,transfer_convnext_tiny_41.0_SEARCHER101,meta_classifier_summary_00-00.csv
Precision,2.0,2.0,0.9444444444444444,TRUE,,0.9444,meta_classifier,SEARCHER2,transfer_convnext_tiny_40.2_SEARCHER21,meta_classifier_summary_00-00.csv
Precision,2.0,2.5,0.9285714285714286,TRUE,,0.9286,meta_classifier,SEARCHER5,transfer_convnext_tiny_40.5_SEARCHER51,meta_classifier_summary_00-00.csv
Precision,2.0,3.0,0.9285714285714286,TRUE,,0.9286,meta_classifier,SEARCHER8,transfer_convnext_tiny_40.8_SEARCHER81,meta_classifier_summary_00-00.csv
Precision,2.0,3.5,0.896551724137931,TRUE,,0.8966,meta_classifier,SEARCHER11,transfer_convnext_tiny_41.1_SEARCHER111,meta_classifier_summary_00-00.csv
Recall,1.0,2.0,0.912280701754386,FALSE,,0.9123,meta_classifier,SEARCHER,transfer_convnext_tiny_38.0_SEARCHER,meta_classifier_summary_00-00.csv
Recall,1.0,2.5,0.912280701754386,FALSE,,0.9123,meta_classifier,SEARCHER3,transfer_convnext_tiny_38.3_SEARCHER3,meta_classifier_summary_00-00.csv
Recall,1.0,3.0,0.9298245614035088,FALSE,,0.9298,meta_classifier,SEARCHER6,transfer_convnext_tiny_38.6_SEARCHER6,meta_classifier_summary_00-00.csv
Recall,1.0,3.5,0.8771929824561403,FALSE,,0.8772,meta_classifier,SEARCHER9,transfer_convnext_tiny_38.9_SEARCHER9,meta_classifier_summary_00-00.csv
Recall,1.5,2.0,0.912280701754386,FALSE,,0.9123,meta_classifier,SEARCHER1,transfer_convnext_tiny_38.1_SEARCHER1,meta_classifier_summary_00-00.csv
Recall,1.5,2.5,0.912280701754386,FALSE,,0.9123,meta_classifier,SEARCHER4,transfer_convnext_tiny_38.4_SEARCHER4,meta_classifier_summary_00-00.csv
Recall,1.5,3.0,0.8947368421052632,FALSE,,0.8947,meta_classifier,SEARCHER7,transfer_convnext_tiny_38.7_SEARCHER7,meta_classifier_summary_00-00.csv
Recall,1.5,3.5,0.912280701754386,FALSE,,0.9123,meta_classifier,SEARCHER10,transfer_convnext_tiny_39.0_SEARCHER10,meta_classifier_summary_00-00.csv
Recall,2.0,2.0,0.8947368421052632,FALSE,,0.8947,meta_classifier,SEARCHER2,transfer_convnext_tiny_38.2_SEARCHER2,meta_classifier_summary_00-00.csv
Recall,2.0,2.5,0.912280701754386,FALSE,,0.9123,meta_classifier,SEARCHER5,transfer_convnext_tiny_38.5_SEARCHER5,meta_classifier_summary_00-00.csv
Recall,2.0,3.0,0.8947368421052632,FALSE,,0.8947,meta_classifier,SEARCHER8,transfer_convnext_tiny_38.8_SEARCHER8,meta_classifier_summary_00-00.csv
Recall,2.0,3.5,0.912280701754386,FALSE,,0.9123,meta_classifier,SEARCHER11,transfer_convnext_tiny_39.1_SEARCHER11,meta_classifier_summary_00-00.csv
Recall,1.0,2.0,0.9298245614035088,TRUE,,0.9298,meta_classifier,SEARCHER,transfer_convnext_tiny_40.0_SEARCHER01,meta_classifier_summary_00-00.csv
Recall,1.0,2.5,0.9298245614035088,TRUE,,0.9298,meta_classifier,SEARCHER3,transfer_convnext_tiny_40.3_SEARCHER31,meta_classifier_summary_00-00.csv
Recall,1.0,3.0,0.8771929824561403,TRUE,,0.8772,meta_classifier,SEARCHER6,transfer_convnext_tiny_40.6_SEARCHER61,meta_classifier_summary_00-00.csv
Recall,1.0,3.5,0.9298245614035088,TRUE,,0.9298,meta_classifier,SEARCHER9,transfer_convnext_tiny_40.9_SEARCHER91,meta_classifier_summary_00-00.csv
Recall,1.5,2.0,0.912280701754386,TRUE,,0.9123,meta_classifier,SEARCHER1,transfer_convnext_tiny_40.1_SEARCHER12,meta_classifier_summary_00-00.csv
Recall,1.5,2.5,0.8947368421052632,TRUE,,0.8947,meta_classifier,SEARCHER4,transfer_convnext_tiny_40.4_SEARCHER41,meta_classifier_summary_00-00.csv
Recall,1.5,3.0,0.9298245614035088,TRUE,,0.9298,meta_classifier,SEARCHER7,transfer_convnext_tiny_40.7_SEARCHER71,meta_classifier_summary_00-00.csv
Recall,1.5,3.5,0.8947368421052632,TRUE,,0.8947,meta_classifier,SEARCHER10,transfer_convnext_tiny_41.0_SEARCHER101,meta_classifier_summary_00-00.csv
Recall,2.0,2.0,0.8947368421052632,TRUE,,0.8947,meta_classifier,SEARCHER2,transfer_convnext_tiny_40.2_SEARCHER21,meta_classifier_summary_00-00.csv
Recall,2.0,2.5,0.912280701754386,TRUE,,0.9123,meta_classifier,SEARCHER5,transfer_convnext_tiny_40.5_SEARCHER51,meta_classifier_summary_00-00.csv
Recall,2.0,3.0,0.912280701754386,TRUE,,0.9123,meta_classifier,SEARCHER8,transfer_convnext_tiny_40.8_SEARCHER81,meta_classifier_summary_00-00.csv
Recall,2.0,3.5,0.912280701754386,TRUE,,0.9123,meta_classifier,SEARCHER11,transfer_convnext_tiny_41.1_SEARCHER111,meta_classifier_summary_00-00.csv
Sensitivity,1.0,2.0,0.912280701754386,FALSE,,0.9123,meta_classifier,SEARCHER,transfer_convnext_tiny_38.0_SEARCHER,meta_classifier_summary_00-00.csv
Sensitivity,1.0,2.5,0.912280701754386,FALSE,,0.9123,meta_classifier,SEARCHER3,transfer_convnext_tiny_38.3_SEARCHER3,meta_classifier_summary_00-00.csv
Sensitivity,1.0,3.0,0.9298245614035088,FALSE,,0.9298,meta_classifier,SEARCHER6,transfer_convnext_tiny_38.6_SEARCHER6,meta_classifier_summary_00-00.csv
Sensitivity,1.0,3.5,0.8771929824561403,FALSE,,0.8772,meta_classifier,SEARCHER9,transfer_convnext_tiny_38.9_SEARCHER9,meta_classifier_summary_00-00.csv
Sensitivity,1.5,2.0,0.912280701754386,FALSE,,0.9123,meta_classifier,SEARCHER1,transfer_convnext_tiny_38.1_SEARCHER1,meta_classifier_summary_00-00.csv
Sensitivity,1.5,2.5,0.912280701754386,FALSE,,0.9123,meta_classifier,SEARCHER4,transfer_convnext_tiny_38.4_SEARCHER4,meta_classifier_summary_00-00.csv
Sensitivity,1.5,3.0,0.8947368421052632,FALSE,,0.8947,meta_classifier,SEARCHER7,transfer_convnext_tiny_38.7_SEARCHER7,meta_classifier_summary_00-00.csv
Sensitivity,1.5,3.5,0.912280701754386,FALSE,,0.9123,meta_classifier,SEARCHER10,transfer_convnext_tiny_39.0_SEARCHER10,meta_classifier_summary_00-00.csv
Sensitivity,2.0,2.0,0.8947368421052632,FALSE,,0.8947,meta_classifier,SEARCHER2,transfer_convnext_tiny_38.2_SEARCHER2,meta_classifier_summary_00-00.csv
Sensitivity,2.0,2.5,0.912280701754386,FALSE,,0.9123,meta_classifier,SEARCHER5,transfer_convnext_tiny_38.5_SEARCHER5,meta_classifier_summary_00-00.csv
Sensitivity,2.0,3.0,0.8947368421052632,FALSE,,0.8947,meta_classifier,SEARCHER8,transfer_convnext_tiny_38.8_SEARCHER8,meta_classifier_summary_00-00.csv
Sensitivity,2.0,3.5,0.912280701754386,FALSE,,0.9123,meta_classifier,SEARCHER11,transfer_convnext_tiny_39.1_SEARCHER11,meta_classifier_summary_00-00.csv
Sensitivity,1.0,2.0,0.9298245614035088,TRUE,,0.9298,meta_classifier,SEARCHER,transfer_convnext_tiny_40.0_SEARCHER01,meta_classifier_summary_00-00.csv
Sensitivity,1.0,2.5,0.9298245614035088,TRUE,,0.9298,meta_classifier,SEARCHER3,transfer_convnext_tiny_40.3_SEARCHER31,meta_classifier_summary_00-00.csv
Sensitivity,1.0,3.0,0.8771929824561403,TRUE,,0.8772,meta_classifier,SEARCHER6,transfer_convnext_tiny_40.6_SEARCHER61,meta_classifier_summary_00-00.csv
Sensitivity,1.0,3.5,0.9298245614035088,TRUE,,0.9298,meta_classifier,SEARCHER9,transfer_convnext_tiny_40.9_SEARCHER91,meta_classifier_summary_00-00.csv
Sensitivity,1.5,2.0,0.912280701754386,TRUE,,0.9123,meta_classifier,SEARCHER1,transfer_convnext_tiny_40.1_SEARCHER12,meta_classifier_summary_00-00.csv
Sensitivity,1.5,2.5,0.8947368421052632,TRUE,,0.8947,meta_classifier,SEARCHER4,transfer_convnext_tiny_40.4_SEARCHER41,meta_classifier_summary_00-00.csv
Sensitivity,1.5,3.0,0.9298245614035088,TRUE,,0.9298,meta_classifier,SEARCHER7,transfer_convnext_tiny_40.7_SEARCHER71,meta_classifier_summary_00-00.csv
Sensitivity,1.5,3.5,0.8947368421052632,TRUE,,0.8947,meta_classifier,SEARCHER10,transfer_convnext_tiny_41.0_SEARCHER101,meta_classifier_summary_00-00.csv
Sensitivity,2.0,2.0,0.8947368421052632,TRUE,,0.8947,meta_classifier,SEARCHER2,transfer_convnext_tiny_40.2_SEARCHER21,meta_classifier_summary_00-00.csv
Sensitivity,2.0,2.5,0.912280701754386,TRUE,,0.9123,meta_classifier,SEARCHER5,transfer_convnext_tiny_40.5_SEARCHER51,meta_classifier_summary_00-00.csv
Sensitivity,2.0,3.0,0.912280701754386,TRUE,,0.9123,meta_classifier,SEARCHER8,transfer_convnext_tiny_40.8_SEARCHER81,meta_classifier_summary_00-00.csv
Sensitivity,2.0,3.5,0.912280701754386,TRUE,,0.9123,meta_classifier,SEARCHER11,transfer_convnext_tiny_41.1_SEARCHER111,meta_classifier_summary_00-00.csv
Specificity,1.0,2.0,0.9473684210526316,FALSE,,0.9474,meta_classifier,SEARCHER,transfer_convnext_tiny_38.0_SEARCHER,meta_classifier_summary_00-00.csv
Specificity,1.0,2.5,0.912280701754386,FALSE,,0.9123,meta_classifier,SEARCHER3,transfer_convnext_tiny_38.3_SEARCHER3,meta_classifier_summary_00-00.csv
Specificity,1.0,3.0,0.9473684210526316,FALSE,,0.9474,meta_classifier,SEARCHER6,transfer_convnext_tiny_38.6_SEARCHER6,meta_classifier_summary_00-00.csv
Specificity,1.0,3.5,0.8947368421052632,FALSE,,0.8947,meta_classifier,SEARCHER9,transfer_convnext_tiny_38.9_SEARCHER9,meta_classifier_summary_00-00.csv
Specificity,1.5,2.0,0.9473684210526316,FALSE,,0.9474,meta_classifier,SEARCHER1,transfer_convnext_tiny_38.1_SEARCHER1,meta_classifier_summary_00-00.csv
Specificity,1.5,2.5,0.9473684210526316,FALSE,,0.9474,meta_classifier,SEARCHER4,transfer_convnext_tiny_38.4_SEARCHER4,meta_classifier_summary_00-00.csv
Specificity,1.5,3.0,0.9298245614035088,FALSE,,0.9298,meta_classifier,SEARCHER7,transfer_convnext_tiny_38.7_SEARCHER7,meta_classifier_summary_00-00.csv
Specificity,1.5,3.5,0.9473684210526316,FALSE,,0.9474,meta_classifier,SEARCHER10,transfer_convnext_tiny_39.0_SEARCHER10,meta_classifier_summary_00-00.csv
Specificity,2.0,2.0,0.9298245614035088,FALSE,,0.9298,meta_classifier,SEARCHER2,transfer_convnext_tiny_38.2_SEARCHER2,meta_classifier_summary_00-00.csv
Specificity,2.0,2.5,0.9298245614035088,FALSE,,0.9298,meta_classifier,SEARCHER5,transfer_convnext_tiny_38.5_SEARCHER5,meta_classifier_summary_00-00.csv
Specificity,2.0,3.0,0.9298245614035088,FALSE,,0.9298,meta_classifier,SEARCHER8,transfer_convnext_tiny_38.8_SEARCHER8,meta_classifier_summary_00-00.csv
Specificity,2.0,3.5,0.912280701754386,FALSE,,0.9123,meta_classifier,SEARCHER11,transfer_convnext_tiny_39.1_SEARCHER11,meta_classifier_summary_00-00.csv
Specificity,1.0,2.0,0.9473684210526316,TRUE,,0.9474,meta_classifier,SEARCHER,transfer_convnext_tiny_40.0_SEARCHER01,meta_classifier_summary_00-00.csv
Specificity,1.0,2.5,0.9298245614035088,TRUE,,0.9298,meta_classifier,SEARCHER3,transfer_convnext_tiny_40.3_SEARCHER31,meta_classifier_summary_00-00.csv
Specificity,1.0,3.0,0.912280701754386,TRUE,,0.9123,meta_classifier,SEARCHER6,transfer_convnext_tiny_40.6_SEARCHER61,meta_classifier_summary_00-00.csv
Specificity,1.0,3.5,0.8947368421052632,TRUE,,0.8947,meta_classifier,SEARCHER9,transfer_convnext_tiny_40.9_SEARCHER91,meta_classifier_summary_00-00.csv
Specificity,1.5,2.0,0.912280701754386,TRUE,,0.9123,meta_classifier,SEARCHER1,transfer_convnext_tiny_40.1_SEARCHER12,meta_classifier_summary_00-00.csv
Specificity,1.5,2.5,0.8947368421052632,TRUE,,0.8947,meta_classifier,SEARCHER4,transfer_convnext_tiny_40.4_SEARCHER41,meta_classifier_summary_00-00.csv
Specificity,1.5,3.0,0.9473684210526316,TRUE,,0.9474,meta_classifier,SEARCHER7,transfer_convnext_tiny_40.7_SEARCHER71,meta_classifier_summary_00-00.csv
Specificity,1.5,3.5,0.9298245614035088,TRUE,,0.9298,meta_classifier,SEARCHER10,transfer_convnext_tiny_41.0_SEARCHER101,meta_classifier_summary_00-00.csv
Specificity,2.0,2.0,0.9473684210526316,TRUE,,0.9474,meta_classifier,SEARCHER2,transfer_convnext_tiny_40.2_SEARCHER21,meta_classifier_summary_00-00.csv
Specificity,2.0,2.5,0.9298245614035088,TRUE,,0.9298,meta_classifier,SEARCHER5,transfer_convnext_tiny_40.5_SEARCHER51,meta_classifier_summary_00-00.csv
Specificity,2.0,3.0,0.9298245614035088,TRUE,,0.9298,meta_classifier,SEARCHER8,transfer_convnext_tiny_40.8_SEARCHER81,meta_classifier_summary_00-00.csv
Specificity,2.0,3.5,0.8947368421052632,TRUE,,0.8947,meta_classifier,SEARCHER11,transfer_convnext_tiny_41.1_SEARCHER111,meta_classifier_summary_00-00.csv
TN_(True_Negatives),1.0,2.0,54.0,FALSE,,54.0000,meta_classifier,SEARCHER,transfer_convnext_tiny_38.0_SEARCHER,meta_classifier_summary_00-00.csv
TN_(True_Negatives),1.0,2.5,52.0,FALSE,,52.0000,meta_classifier,SEARCHER3,transfer_convnext_tiny_38.3_SEARCHER3,meta_classifier_summary_00-00.csv
TN_(True_Negatives),1.0,3.0,54.0,FALSE,,54.0000,meta_classifier,SEARCHER6,transfer_convnext_tiny_38.6_SEARCHER6,meta_classifier_summary_00-00.csv
TN_(True_Negatives),1.0,3.5,51.0,FALSE,,51.0000,meta_classifier,SEARCHER9,transfer_convnext_tiny_38.9_SEARCHER9,meta_classifier_summary_00-00.csv
TN_(True_Negatives),1.5,2.0,54.0,FALSE,,54.0000,meta_classifier,SEARCHER1,transfer_convnext_tiny_38.1_SEARCHER1,meta_classifier_summary_00-00.csv
TN_(True_Negatives),1.5,2.5,54.0,FALSE,,54.0000,meta_classifier,SEARCHER4,transfer_convnext_tiny_38.4_SEARCHER4,meta_classifier_summary_00-00.csv
TN_(True_Negatives),1.5,3.0,53.0,FALSE,,53.0000,meta_classifier,SEARCHER7,transfer_convnext_tiny_38.7_SEARCHER7,meta_classifier_summary_00-00.csv
TN_(True_Negatives),1.5,3.5,54.0,FALSE,,54.0000,meta_classifier,SEARCHER10,transfer_convnext_tiny_39.0_SEARCHER10,meta_classifier_summary_00-00.csv
TN_(True_Negatives),2.0,2.0,53.0,FALSE,,53.0000,meta_classifier,SEARCHER2,transfer_convnext_tiny_38.2_SEARCHER2,meta_classifier_summary_00-00.csv
TN_(True_Negatives),2.0,2.5,53.0,FALSE,,53.0000,meta_classifier,SEARCHER5,transfer_convnext_tiny_38.5_SEARCHER5,meta_classifier_summary_00-00.csv
TN_(True_Negatives),2.0,3.0,53.0,FALSE,,53.0000,meta_classifier,SEARCHER8,transfer_convnext_tiny_38.8_SEARCHER8,meta_classifier_summary_00-00.csv
TN_(True_Negatives),2.0,3.5,52.0,FALSE,,52.0000,meta_classifier,SEARCHER11,transfer_convnext_tiny_39.1_SEARCHER11,meta_classifier_summary_00-00.csv
TN_(True_Negatives),1.0,2.0,54.0,TRUE,,54.0000,meta_classifier,SEARCHER,transfer_convnext_tiny_40.0_SEARCHER01,meta_classifier_summary_00-00.csv
TN_(True_Negatives),1.0,2.5,53.0,TRUE,,53.0000,meta_classifier,SEARCHER3,transfer_convnext_tiny_40.3_SEARCHER31,meta_classifier_summary_00-00.csv
TN_(True_Negatives),1.0,3.0,52.0,TRUE,,52.0000,meta_classifier,SEARCHER6,transfer_convnext_tiny_40.6_SEARCHER61,meta_classifier_summary_00-00.csv
TN_(True_Negatives),1.0,3.5,51.0,TRUE,,51.0000,meta_classifier,SEARCHER9,transfer_convnext_tiny_40.9_SEARCHER91,meta_classifier_summary_00-00.csv
TN_(True_Negatives),1.5,2.0,52.0,TRUE,,52.0000,meta_classifier,SEARCHER1,transfer_convnext_tiny_40.1_SEARCHER12,meta_classifier_summary_00-00.csv
TN_(True_Negatives),1.5,2.5,51.0,TRUE,,51.0000,meta_classifier,SEARCHER4,transfer_convnext_tiny_40.4_SEARCHER41,meta_classifier_summary_00-00.csv
TN_(True_Negatives),1.5,3.0,54.0,TRUE,,54.0000,meta_classifier,SEARCHER7,transfer_convnext_tiny_40.7_SEARCHER71,meta_classifier_summary_00-00.csv
TN_(True_Negatives),1.5,3.5,53.0,TRUE,,53.0000,meta_classifier,SEARCHER10,transfer_convnext_tiny_41.0_SEARCHER101,meta_classifier_summary_00-00.csv
TN_(True_Negatives),2.0,2.0,54.0,TRUE,,54.0000,meta_classifier,SEARCHER2,transfer_convnext_tiny_40.2_SEARCHER21,meta_classifier_summary_00-00.csv
TN_(True_Negatives),2.0,2.5,53.0,TRUE,,53.0000,meta_classifier,SEARCHER5,transfer_convnext_tiny_40.5_SEARCHER51,meta_classifier_summary_00-00.csv
TN_(True_Negatives),2.0,3.0,53.0,TRUE,,53.0000,meta_classifier,SEARCHER8,transfer_convnext_tiny_40.8_SEARCHER81,meta_classifier_summary_00-00.csv
TN_(True_Negatives),2.0,3.5,51.0,TRUE,,51.0000,meta_classifier,SEARCHER11,transfer_convnext_tiny_41.1_SEARCHER111,meta_classifier_summary_00-00.csv
TP_(True_Positives),1.0,2.0,52.0,FALSE,,52.0000,meta_classifier,SEARCHER,transfer_convnext_tiny_38.0_SEARCHER,meta_classifier_summary_00-00.csv
TP_(True_Positives),1.0,2.5,52.0,FALSE,,52.0000,meta_classifier,SEARCHER3,transfer_convnext_tiny_38.3_SEARCHER3,meta_classifier_summary_00-00.csv
TP_(True_Positives),1.0,3.0,53.0,FALSE,,53.0000,meta_classifier,SEARCHER6,transfer_convnext_tiny_38.6_SEARCHER6,meta_classifier_summary_00-00.csv
TP_(True_Positives),1.0,3.5,50.0,FALSE,,50.0000,meta_classifier,SEARCHER9,transfer_convnext_tiny_38.9_SEARCHER9,meta_classifier_summary_00-00.csv
TP_(True_Positives),1.5,2.0,52.0,FALSE,,52.0000,meta_classifier,SEARCHER1,transfer_convnext_tiny_38.1_SEARCHER1,meta_classifier_summary_00-00.csv
TP_(True_Positives),1.5,2.5,52.0,FALSE,,52.0000,meta_classifier,SEARCHER4,transfer_convnext_tiny_38.4_SEARCHER4,meta_classifier_summary_00-00.csv
TP_(True_Positives),1.5,3.0,51.0,FALSE,,51.0000,meta_classifier,SEARCHER7,transfer_convnext_tiny_38.7_SEARCHER7,meta_classifier_summary_00-00.csv
TP_(True_Positives),1.5,3.5,52.0,FALSE,,52.0000,meta_classifier,SEARCHER10,transfer_convnext_tiny_39.0_SEARCHER10,meta_classifier_summary_00-00.csv
TP_(True_Positives),2.0,2.0,51.0,FALSE,,51.0000,meta_classifier,SEARCHER2,transfer_convnext_tiny_38.2_SEARCHER2,meta_classifier_summary_00-00.csv
TP_(True_Positives),2.0,2.5,52.0,FALSE,,52.0000,meta_classifier,SEARCHER5,transfer_convnext_tiny_38.5_SEARCHER5,meta_classifier_summary_00-00.csv
TP_(True_Positives),2.0,3.0,51.0,FALSE,,51.0000,meta_classifier,SEARCHER8,transfer_convnext_tiny_38.8_SEARCHER8,meta_classifier_summary_00-00.csv
TP_(True_Positives),2.0,3.5,52.0,FALSE,,52.0000,meta_classifier,SEARCHER11,transfer_convnext_tiny_39.1_SEARCHER11,meta_classifier_summary_00-00.csv
TP_(True_Positives),1.0,2.0,53.0,TRUE,,53.0000,meta_classifier,SEARCHER,transfer_convnext_tiny_40.0_SEARCHER01,meta_classifier_summary_00-00.csv
TP_(True_Positives),1.0,2.5,53.0,TRUE,,53.0000,meta_classifier,SEARCHER3,transfer_convnext_tiny_40.3_SEARCHER31,meta_classifier_summary_00-00.csv
TP_(True_Positives),1.0,3.0,50.0,TRUE,,50.0000,meta_classifier,SEARCHER6,transfer_convnext_tiny_40.6_SEARCHER61,meta_classifier_summary_00-00.csv
TP_(True_Positives),1.0,3.5,53.0,TRUE,,53.0000,meta_classifier,SEARCHER9,transfer_convnext_tiny_40.9_SEARCHER91,meta_classifier_summary_00-00.csv
TP_(True_Positives),1.5,2.0,52.0,TRUE,,52.0000,meta_classifier,SEARCHER1,transfer_convnext_tiny_40.1_SEARCHER12,meta_classifier_summary_00-00.csv
TP_(True_Positives),1.5,2.5,51.0,TRUE,,51.0000,meta_classifier,SEARCHER4,transfer_convnext_tiny_40.4_SEARCHER41,meta_classifier_summary_00-00.csv
TP_(True_Positives),1.5,3.0,53.0,TRUE,,53.0000,meta_classifier,SEARCHER7,transfer_convnext_tiny_40.7_SEARCHER71,meta_classifier_summary_00-00.csv
TP_(True_Positives),1.5,3.5,51.0,TRUE,,51.0000,meta_classifier,SEARCHER10,transfer_convnext_tiny_41.0_SEARCHER101,meta_classifier_summary_00-00.csv
TP_(True_Positives),2.0,2.0,51.0,TRUE,,51.0000,meta_classifier,SEARCHER2,transfer_convnext_tiny_40.2_SEARCHER21,meta_classifier_summary_00-00.csv
TP_(True_Positives),2.0,2.5,52.0,TRUE,,52.0000,meta_classifier,SEARCHER5,transfer_convnext_tiny_40.5_SEARCHER51,meta_classifier_summary_00-00.csv
TP_(True_Positives),2.0,3.0,52.0,TRUE,,52.0000,meta_classifier,SEARCHER8,transfer_convnext_tiny_40.8_SEARCHER81,meta_classifier_summary_00-00.csv
TP_(True_Positives),2.0,3.5,52.0,TRUE,,52.0000,meta_classifier,SEARCHER11,transfer_convnext_tiny_41.1_SEARCHER111,meta_classifier_summary_00-00.csv
